{"type":"FeatureCollection","name":"Zuständigkeitsgebiete DACH","attribution":"© GeoBasis-DE / BKG (dl-de/by-2-0) · © Statistik Austria (CC BY 4.0) · © EuroGeographics / Eurostat","features":[{"type":"Feature","properties":{"code":"AT-101","name":"Eisenstadt (Stadt)","country":"AT","region":"Burgenland"},"geometry":{"type":"MultiPolygon","coordinates":[[[[16.54378054220826,47.79487265256861],[16.577586828253846,47.839960063141554],[16.563796569598207,47.88454517065217],[16.52353095993729,47.87548539737025],[16.48108824752557,47.86973107192434],[16.501311206634007,47.81588669269857],[16.527982878574406,47.79418136660087],[16.54378054220826,47.79487265256861]]]]}},{"type":"Feature","properties":{"code":"AT-102","name":"Rust (Stadt)","country":"AT","region":"Burgenland"},"geometry":{"type":"MultiPolygon","coordinates":[[[[16.729004587768607,47.81010816063508],[16.647402820194472,47.82440986772401],[16.63927992937415,47.819458056385564],[16.661911991039887,47.78862062355736],[16.721718232052172,47.782467609613285],[16.729004587768607,47.81010816063508]]]]}},{"type":"Feature","properties":{"code":"AT-103","name":"Eisenstadt-Umgebung","country":"AT","region":"Burgenland"},"geometry":{"type":"MultiPolygon","coordinates":[[[[16.588171540535217,47.758657291005036],[16.539944205865016,47.74304196274296],[16.534788735311388,47.74069163948882],[16.51801455926887,47.745370381636235],[16.494609664206518,47.76463567397789],[16.50174362600113,47.779715564109566],[16.462487395663274,47.7888587231348],[16.444150855841013,47.8040549749675],[16.436008369710596,47.8008299898351],[16.429643615716532,47.8007654346176],[16.40039779050931,47.799425494338216],[16.359575179437723,47.82395074491146],[16.374408353813276,47.82801619560718],[16.371726354412612,47.85318242791672],[16.345205623935428,47.86884180661631],[16.379864999603505,47.87697313029638],[16.386112966164124,47.88229641225812],[16.42002654599533,47.90262218974607],[16.449579415505003,47.934958462722626],[16.515899532448145,47.944264537338306],[16.538264510538703,47.920369002731974],[16.571232259949394,47.88696873231212],[16.577502815389312,47.889302841196105],[16.59453528022339,47.90458679138213],[16.605575246026643,47.913049268193646],[16.629303767916955,47.93410193548187],[16.629113866608552,47.934487523744856],[16.637013055109616,47.94663617645925],[16.662417861038595,47.95776385758359],[16.698409667384464,47.974499943912654],[16.71957263389178,47.96281718974662],[16.801405550947397,47.90326460079707],[16.79379261891496,47.89628197429231],[16.787919031713642,47.89089494178395],[16.781404422831166,47.884917391221045],[16.763992474450685,47.86893451088289],[16.73278735826329,47.82443692041247],[16.729004587768607,47.81010816063508],[16.647402820194472,47.82440986772401],[16.63927992937415,47.819458056385564],[16.661911991039887,47.78862062355736],[16.721718232052172,47.782467609613285],[16.718164802359098,47.736029476109195],[16.654397498250383,47.74225112165735],[16.631485811337217,47.75974811334682],[16.61935403324121,47.75793646235263],[16.588171540535217,47.758657291005036]],[[16.48108824752557,47.86973107192434],[16.501311206634007,47.81588669269857],[16.527982878574406,47.79418136660087],[16.54378054220826,47.79487265256861],[16.577586828253846,47.839960063141554],[16.563796569598207,47.88454517065217],[16.52353095993729,47.87548539737025],[16.48108824752557,47.86973107192434]]]]}},{"type":"Feature","properties":{"code":"AT-104","name":"Güssing","country":"AT","region":"Burgenland"},"geometry":{"type":"MultiPolygon","coordinates":[[[[16.319681953878646,47.003264715475744],[16.29948484882968,46.999134689026306],[16.29595589732107,47.00677492785637],[16.286511552627722,47.01412270172017],[16.285911138697358,47.018428866165806],[16.285364302475656,47.01846118295201],[16.230913843305544,47.02036758599447],[16.240839752321854,47.04428356884788],[16.224988830925717,47.04909507010222],[16.189240245753904,47.045657800907875],[16.161714340062087,47.038496125710665],[16.126192284090852,47.07664201880543],[16.152944329833623,47.10355013297652],[16.13509050515983,47.1316274914486],[16.11223706808718,47.13389169512108],[16.106498791610996,47.16748643081477],[16.099793329518068,47.18435125977481],[16.08870982183728,47.199163592268384],[16.090014113418867,47.200610938367774],[16.083734166890213,47.23424160111403],[16.09504977780095,47.23450179639002],[16.122491874520815,47.229318813336874],[16.148113870609166,47.20172130695816],[16.17400621458876,47.200545092594965],[16.190665645293805,47.21447157810164],[16.2246784768507,47.21385858877624],[16.23509258324502,47.21286089742757],[16.273627663685904,47.19844045571537],[16.324885987037472,47.179230473214744],[16.31596763286175,47.15358835204709],[16.390874596236525,47.13619123039719],[16.393493969409132,47.13048484724159],[16.443488250207448,47.12846370896743],[16.451514619913517,47.14300862345645],[16.497089227248306,47.12411363545492],[16.461827485158516,47.09965089474552],[16.48450167558544,47.06953996729686],[16.4484602172117,47.04078654143369],[16.489742666748867,47.010867066630965],[16.424683505828202,46.9938368845392],[16.38373849435677,47.00112410683754],[16.34015105970244,46.999794818816234],[16.319681953878646,47.003264715475744]]]]}},{"type":"Feature","properties":{"code":"AT-105","name":"Jennersdorf","country":"AT","region":"Burgenland"},"geometry":{"type":"MultiPolygon","coordinates":[[[[16.06292885586225,46.85059656895981],[15.993444557407093,46.8361010228545],[15.999889799681938,46.84759547874293],[16.02063565181343,46.88863061392031],[16.032607364588106,46.893565782674635],[16.051258370533102,46.911077148922466],[16.0920023328516,46.93504614362515],[16.092612098137973,46.95473777555299],[16.104969698078822,46.966031480721185],[16.151740961122126,46.99151535103217],[16.142810831509557,47.00050122374456],[16.12793859490346,47.01282713383637],[16.0955744934835,47.061767746088016],[16.08379119127893,47.088540159123625],[16.09200488331858,47.112900947470955],[16.11223706808718,47.13389169512108],[16.13509050515983,47.1316274914486],[16.152944329833623,47.10355013297652],[16.126192284090852,47.07664201880543],[16.161714340062087,47.038496125710665],[16.189240245753904,47.045657800907875],[16.224988830925717,47.04909507010222],[16.240839752321854,47.04428356884788],[16.230913843305544,47.02036758599447],[16.285364302475656,47.01846118295201],[16.285911138697358,47.018428866165806],[16.286511552627722,47.01412270172017],[16.252534754682205,46.96490969573436],[16.20724352130954,46.94320062412089],[16.19475542672988,46.940658521397594],[16.176434891954955,46.907343743319686],[16.089141127913905,46.86528228567972],[16.06292885586225,46.85059656895981]]]]}},{"type":"Feature","properties":{"code":"AT-106","name":"Mattersburg","country":"AT","region":"Burgenland"},"geometry":{"type":"MultiPolygon","coordinates":[[[[16.418762235075995,47.66599463668965],[16.419065734321073,47.66540076884538],[16.407266404072345,47.65013362920713],[16.37738629277588,47.63632230710216],[16.36972106462448,47.643182430568785],[16.353910123786463,47.680223516491566],[16.32098198217421,47.684020871094084],[16.30626007036071,47.68786961112027],[16.30633345433366,47.69610853538658],[16.292270048199715,47.71600852539431],[16.292853913209843,47.74298347359984],[16.296561008927558,47.76188094970652],[16.29560707465297,47.762426246673286],[16.26596696179286,47.79177241507691],[16.283111982106668,47.812154047917055],[16.312839520214343,47.78528870451298],[16.35197571862428,47.82140801243818],[16.359575179437723,47.82395074491146],[16.40039779050931,47.799425494338216],[16.429643615716532,47.8007654346176],[16.436008369710596,47.8008299898351],[16.444150855841013,47.8040549749675],[16.462487395663274,47.7888587231348],[16.50174362600113,47.779715564109566],[16.494609664206518,47.76463567397789],[16.51801455926887,47.745370381636235],[16.534788735311388,47.74069163948882],[16.5336858091214,47.73733785616481],[16.494986821815136,47.70411003711086],[16.44454765373676,47.69700515540072],[16.418762235075995,47.66599463668965]]]]}},{"type":"Feature","properties":{"code":"AT-107","name":"Neusiedl am See","country":"AT","region":"Burgenland"},"geometry":{"type":"MultiPolygon","coordinates":[[[[16.956554676862233,47.6934040684487],[16.86885591602544,47.69079982555234],[16.864127728652694,47.72233776522754],[16.825550790348405,47.68343003857542],[16.746249931218795,47.68212465361253],[16.737020305371466,47.69594609890398],[16.718164802359098,47.736029476109195],[16.721718232052172,47.782467609613285],[16.729004587768607,47.81010816063508],[16.73278735826329,47.82443692041247],[16.763992474450685,47.86893451088289],[16.781404422831166,47.884917391221045],[16.787919031713642,47.89089494178395],[16.79379261891496,47.89628197429231],[16.801405550947397,47.90326460079707],[16.71957263389178,47.96281718974662],[16.698409667384464,47.974499943912654],[16.699325155015398,48.01234541497467],[16.8224484323827,48.029842217267436],[16.825388139976685,48.029851275277565],[16.871311734331908,48.07304320397352],[16.901505578559604,48.07170756911927],[16.912439984108136,48.0573978763389],[16.966191013958028,48.02688375933133],[16.990966118475157,48.04615674102818],[17.013523461741293,48.07421258671947],[16.995991166528455,48.084821275472564],[16.968312239323314,48.10126385975401],[16.98377462656014,48.112100974566474],[16.99508675688021,48.109778326838715],[17.00437190427233,48.09215768227161],[17.033224294610196,48.0849940261275],[17.0639703389668,48.119372977795],[17.067390953142212,48.05770374615449],[17.072854908075506,48.02824246222237],[17.10728240058563,48.03192458486286],[17.15786908837973,48.00722705356292],[17.09188970442628,47.9715637746233],[17.114213572049977,47.96159564440019],[17.10139670289824,47.899952847634395],[17.075026504657576,47.878239703521594],[17.008422643118024,47.85809103152148],[17.04414003527141,47.82904489461225],[17.067988587955945,47.75064893321053],[17.068491944686123,47.70734546518337],[17.037366782040753,47.70501681009862],[16.956554676862233,47.6934040684487]]]]}},{"type":"Feature","properties":{"code":"AT-108","name":"Oberpullendorf","country":"AT","region":"Burgenland"},"geometry":{"type":"MultiPolygon","coordinates":[[[[16.455909694105863,47.413685371410274],[16.45421358162934,47.367931263774615],[16.430978378251755,47.35361641726944],[16.38145377396154,47.345510791332046],[16.374848969890333,47.34690610734423],[16.366530872862217,47.3532712298348],[16.347877223919028,47.395746937507504],[16.31188148888553,47.40541068630483],[16.27829728927083,47.45583072325187],[16.31803676050826,47.49440856379773],[16.33689793466329,47.51686862264116],[16.31343312313319,47.54302902159353],[16.310899424541972,47.54343328881605],[16.310379184086287,47.56604267323226],[16.328181570547695,47.59020133838872],[16.34157804623995,47.603496687062126],[16.36972106462448,47.643182430568785],[16.37738629277588,47.63632230710216],[16.407266404072345,47.65013362920713],[16.419065734321073,47.66540076884538],[16.447440481309574,47.65649513553265],[16.49504641447893,47.640047784040384],[16.513624617929747,47.64607168961034],[16.587467933694693,47.61815920186904],[16.650150250037502,47.622933043767326],[16.660368296847604,47.569398933656224],[16.70282078270522,47.52388678306067],[16.649559959279543,47.50103285908685],[16.6592441398403,47.45639763988556],[16.609024577645982,47.43232726685147],[16.585114694932837,47.423478381971535],[16.572966932473676,47.40705896891354],[16.455909694105863,47.413685371410274]]]]}},{"type":"Feature","properties":{"code":"AT-109","name":"Oberwart","country":"AT","region":"Burgenland"},"geometry":{"type":"MultiPolygon","coordinates":[[[[16.418314416059623,47.197824486953344],[16.45046806412569,47.18882085596126],[16.451514619913517,47.14300862345645],[16.443488250207448,47.12846370896743],[16.393493969409132,47.13048484724159],[16.390874596236525,47.13619123039719],[16.31596763286175,47.15358835204709],[16.324885987037472,47.179230473214744],[16.273627663685904,47.19844045571537],[16.23509258324502,47.21286089742757],[16.2246784768507,47.21385858877624],[16.190665645293805,47.21447157810164],[16.17400621458876,47.200545092594965],[16.148113870609166,47.20172130695816],[16.122491874520815,47.229318813336874],[16.09504977780095,47.23450179639002],[16.083734166890213,47.23424160111403],[16.07348043721224,47.27232749291293],[16.071944319118813,47.275387030187574],[16.055664585847495,47.31082316246469],[16.05673238140275,47.315391460800434],[16.031718176228672,47.356307783280435],[16.027430487596547,47.37210245401324],[16.031256102645052,47.372894344310296],[16.02732620577123,47.37998987335984],[16.055967976466043,47.384506814206084],[16.05763297797225,47.38493882757068],[16.081326072415987,47.40985517946214],[16.113357185217723,47.41457019243507],[16.138900969886,47.41820793584231],[16.16225508757511,47.421446209348034],[16.168984537359943,47.42309851780552],[16.204232454542808,47.42534545906766],[16.250379469394755,47.44879197302711],[16.27829728927083,47.45583072325187],[16.31188148888553,47.40541068630483],[16.347877223919028,47.395746937507504],[16.366530872862217,47.3532712298348],[16.374848969890333,47.34690610734423],[16.38145377396154,47.345510791332046],[16.430978378251755,47.35361641726944],[16.460229585514284,47.33650737722064],[16.47536651328228,47.27580197324926],[16.42769378317476,47.25105269418027],[16.41411312421021,47.20603833787363],[16.418314416059623,47.197824486953344]]]]}},{"type":"Feature","properties":{"code":"AT-201","name":"Klagenfurt Stadt","country":"AT","region":"Kärnten"},"geometry":{"type":"MultiPolygon","coordinates":[[[[14.245465355075584,46.57880829105384],[14.284954608042439,46.57608845644973],[14.320030347013619,46.591044411614085],[14.40740017468897,46.629418920960276],[14.409714098647129,46.641513430804395],[14.361387905935997,46.66101453945321],[14.361381985745734,46.661012999771586],[14.316058022793246,46.667825622889254],[14.292050798391543,46.69665403787747],[14.270377234607693,46.70812776884075],[14.22861123427142,46.697433946898705],[14.219106503084653,46.654322241897155],[14.237642267989443,46.62173029431621],[14.23631652555378,46.6070247126397],[14.245465355075584,46.57880829105384]]]]}},{"type":"Feature","properties":{"code":"AT-202","name":"Villach Stadt","country":"AT","region":"Kärnten"},"geometry":{"type":"MultiPolygon","coordinates":[[[[13.975593034472729,46.594460790274844],[13.92913794614287,46.61216019399922],[13.924150964412886,46.6478797831546],[13.948866292835856,46.66442831088189],[13.950382585533315,46.66656100938489],[13.887946826229673,46.649928056461775],[13.80587424312127,46.66883331382172],[13.761105680510564,46.635689414915085],[13.711008441752892,46.592432743174484],[13.79394311502288,46.568844829754504],[13.874547618343428,46.586554314647124],[13.957809045511953,46.58408564897397],[13.975593034472729,46.594460790274844]]]]}},{"type":"Feature","properties":{"code":"AT-203","name":"Hermagor","country":"AT","region":"Kärnten"},"geometry":{"type":"MultiPolygon","coordinates":[[[[13.462196654578918,46.6567237628007],[13.569546321402434,46.65766832918623],[13.551337599552845,46.63159082631855],[13.554858729483584,46.59164339488854],[13.50143526403357,46.56701736426058],[13.420670044436319,46.55928901690671],[13.369421917320153,46.57998709766953],[13.319276323709943,46.55392028719338],[13.249993269013684,46.5611940504026],[13.165783664211574,46.589614349290045],[13.084789000801713,46.60197302792549],[13.06781896006076,46.600231131949634],[13.029760059273684,46.596731636449576],[12.93075056680859,46.6104151416533],[12.887392948554197,46.607939085915575],[12.830858429966487,46.61060259950278],[12.773114549599189,46.647408684654124],[12.728569302262331,46.635007776264885],[12.687814998391627,46.657687939565015],[12.708906048803351,46.736370258232114],[12.745381295751143,46.74816493301869],[12.793001465389452,46.75605573563165],[12.807097813753057,46.75699830816364],[12.83840776878861,46.75005145771911],[12.886490092353055,46.71905727340896],[12.951602144215734,46.726472216082406],[12.993443498715123,46.71098596989712],[13.059986946161429,46.70213651837832],[13.081760343338441,46.70166489402347],[13.11656563693926,46.68577866983178],[13.136467082168878,46.685279953724894],[13.184439625613757,46.69466409870505],[13.225829933868912,46.71267376629462],[13.35767156400594,46.67285997245932],[13.429945991067429,46.657874155330646],[13.462196654578918,46.6567237628007]]]]}},{"type":"Feature","properties":{"code":"AT-204","name":"Klagenfurt Land","country":"AT","region":"Kärnten"},"geometry":{"type":"MultiPolygon","coordinates":[[[[14.448613943771974,46.518678026664524],[14.484283317202785,46.50669112400589],[14.459299559865228,46.460001029430934],[14.431692925911257,46.44365425302772],[14.305342799404816,46.431338016743794],[14.28039112325805,46.444209047511066],[14.234377009537496,46.43292966140553],[14.188290480159955,46.44463875719028],[14.151832852705116,46.43638612801249],[14.108624532282356,46.479516018884404],[14.121200602152536,46.535355852370266],[14.081562805938171,46.550491124572076],[14.091088800777602,46.56028179299679],[14.057545360620184,46.582210577335836],[14.066944245820395,46.616792742318054],[14.049156704859927,46.66185863959704],[14.10935421351527,46.675431009925646],[14.15650347718432,46.676544051952334],[14.18310799709352,46.70149536213113],[14.230616686271208,46.700877488837705],[14.22861123427142,46.697433946898705],[14.219106503084653,46.654322241897155],[14.237642267989443,46.62173029431621],[14.23631652555378,46.6070247126397],[14.245465355075584,46.57880829105384],[14.284954608042439,46.57608845644973],[14.320030347013619,46.591044411614085],[14.40740017468897,46.629418920960276],[14.409714098647129,46.641513430804395],[14.361387905935997,46.66101453945321],[14.361381985745734,46.661012999771586],[14.316058022793246,46.667825622889254],[14.292050798391543,46.69665403787747],[14.357978512331513,46.72302957960997],[14.389060365666037,46.71775278550666],[14.415886700944258,46.73266095249531],[14.461653034747973,46.71763374281821],[14.463889536788317,46.68861182875842],[14.494595448969376,46.687104150872905],[14.503222848550081,46.649388455043415],[14.522985927690558,46.6085959606655],[14.514354710035688,46.6001281593862],[14.462689052832566,46.568910484765844],[14.453884548567634,46.56500774940436],[14.448613943771974,46.518678026664524]]]]}},{"type":"Feature","properties":{"code":"AT-205","name":"Sankt Veit an der Glan","country":"AT","region":"Kärnten"},"geometry":{"type":"MultiPolygon","coordinates":[[[[14.591461521339339,46.76232549059263],[14.573361382367459,46.73277008333781],[14.533447541260358,46.74200833411162],[14.494595448969376,46.687104150872905],[14.463889536788317,46.68861182875842],[14.461653034747973,46.71763374281821],[14.415886700944258,46.73266095249531],[14.389060365666037,46.71775278550666],[14.357978512331513,46.72302957960997],[14.292050798391543,46.69665403787747],[14.270377234607693,46.70812776884075],[14.22861123427142,46.697433946898705],[14.230616686271208,46.700877488837705],[14.248957545688214,46.742066499954305],[14.197114651216868,46.73948212076904],[14.193468486231337,46.78678964519702],[14.158182170520407,46.79370096312238],[14.170658323251287,46.79853755039274],[14.10511668614193,46.81137451846215],[14.13305432801463,46.853038965007514],[14.131191923643575,46.852627748062055],[14.108564971521682,46.83670680955793],[14.026525392031703,46.84931110041942],[13.99579726709202,46.86573619997468],[13.989745410557369,46.911156014833594],[13.94391568309175,46.941339953575834],[13.965353819946968,46.96375750198801],[14.013625887190985,46.989780922491505],[14.076338288515274,47.02273881391121],[14.129757610613044,47.06305077344774],[14.158799840554162,47.05312008248935],[14.19962181928544,47.0766044867391],[14.232236104985565,47.02653071848637],[14.234893334266026,47.02906133305401],[14.327397088037056,47.02984590762905],[14.42739604891257,47.00118650442543],[14.4690500355669,47.00841794284422],[14.583124270383646,47.0124232984338],[14.612463774440057,46.998655758835234],[14.682069290761287,46.95590193454605],[14.681545103051032,46.95224532701774],[14.643167565302381,46.8878195829017],[14.647653480925541,46.843153831985006],[14.64941094388565,46.826435606461395],[14.64399841400274,46.80319506036493],[14.630943808407567,46.75115865650359],[14.591461521339339,46.76232549059263]]]]}},{"type":"Feature","properties":{"code":"AT-206","name":"Spittal an der Drau","country":"AT","region":"Kärnten"},"geometry":{"type":"MultiPolygon","coordinates":[[[[13.419773883545252,46.729997420523624],[13.435467677467068,46.681709823785155],[13.429945991067429,46.657874155330646],[13.35767156400594,46.67285997245932],[13.225829933868912,46.71267376629462],[13.184439625613757,46.69466409870505],[13.136467082168878,46.685279953724894],[13.11656563693926,46.68577866983178],[13.081760343338441,46.70166489402347],[13.059986946161429,46.70213651837832],[12.993443498715123,46.71098596989712],[12.951602144215734,46.726472216082406],[12.886490092353055,46.71905727340896],[12.83840776878861,46.75005145771911],[12.854022169611744,46.76088408544631],[12.896567448024967,46.777562323716694],[12.928609757041915,46.76475736834992],[12.960670629253963,46.79936335184976],[12.904298041316295,46.82338779024406],[12.90264695172511,46.82334499490438],[12.89278121589817,46.82652148783386],[12.838340668011002,46.86169424249905],[12.819009511450858,46.917531662989035],[12.805634318053574,46.92331374882672],[12.790855801946638,46.92719618819176],[12.78359041430831,46.940276760811784],[12.756752974781406,46.95732550566128],[12.73826593135879,46.96970298983289],[12.752064972756102,47.02557638523418],[12.707697515119014,47.04914786384203],[12.654016066248188,47.100231353836485],[12.663320495046412,47.12354691699273],[12.728080438914334,47.13170610856031],[12.736033033360467,47.10102981945141],[12.817464537284497,47.09837715608704],[12.934473141851598,47.07671988824226],[12.950189502492924,47.0499694167178],[12.982537409143534,47.036315422559284],[13.000275721836859,47.04458431950818],[13.070207373241482,47.01412404171541],[13.077521976587828,47.02752186224722],[13.245313561168297,47.05128768878815],[13.274503599910444,47.095862267896415],[13.35170799917132,47.09781536481606],[13.403554866604855,47.06996352363297],[13.424763290456012,47.0820862928719],[13.591419662691269,47.056673264809525],[13.634826979627563,47.056210337271956],[13.683729312368797,47.04052982514287],[13.696406737061356,47.00399643062416],[13.768931487558667,46.97779355575246],[13.781858253483055,46.944566726240176],[13.812548725751137,46.91922079716213],[13.80366245983283,46.919072313951574],[13.785169699333872,46.88223308893413],[13.840576681311422,46.844292433435434],[13.824995734650397,46.78336271650365],[13.822007952324475,46.78268589109066],[13.82083108660871,46.78263500624277],[13.770704461204124,46.79432461522797],[13.681768017758053,46.79311179984419],[13.647390996591348,46.76698429018688],[13.616295613313174,46.77716439640496],[13.58480401874262,46.74475472700657],[13.490161285729734,46.755308633187404],[13.451860490735426,46.77028489041508],[13.419773883545252,46.729997420523624]]]]}},{"type":"Feature","properties":{"code":"AT-207","name":"Villach Land","country":"AT","region":"Kärnten"},"geometry":{"type":"MultiPolygon","coordinates":[[[[14.081562805938171,46.550491124572076],[14.121200602152536,46.535355852370266],[14.108624532282356,46.479516018884404],[14.047936696941981,46.49390231330789],[14.003683669933451,46.482070900703945],[13.972825007641028,46.498978509036355],[13.909152198216141,46.52184892138495],[13.796129488432994,46.50725382920029],[13.6883135349986,46.52171292062461],[13.619081134351674,46.542909931771035],[13.511982045177659,46.54952811507516],[13.50143526403357,46.56701736426058],[13.554858729483584,46.59164339488854],[13.551337599552845,46.63159082631855],[13.569546321402434,46.65766832918623],[13.462196654578918,46.6567237628007],[13.429945991067429,46.657874155330646],[13.435467677467068,46.681709823785155],[13.419773883545252,46.729997420523624],[13.451860490735426,46.77028489041508],[13.490161285729734,46.755308633187404],[13.58480401874262,46.74475472700657],[13.616295613313174,46.77716439640496],[13.647390996591348,46.76698429018688],[13.681768017758053,46.79311179984419],[13.770704461204124,46.79432461522797],[13.82083108660871,46.78263500624277],[13.822007952324475,46.78268589109066],[13.824995734650397,46.78336271650365],[13.85368480774105,46.78062405141167],[13.874367481656835,46.760768786051834],[13.93828335168825,46.755870671452726],[13.95813939708094,46.716367893267915],[13.917447509516787,46.696489278799035],[13.950382585533315,46.66656100938489],[13.887946826229673,46.649928056461775],[13.80587424312127,46.66883331382172],[13.761105680510564,46.635689414915085],[13.711008441752892,46.592432743174484],[13.79394311502288,46.568844829754504],[13.874547618343428,46.586554314647124],[13.957809045511953,46.58408564897397],[13.975593034472729,46.594460790274844],[13.92913794614287,46.61216019399922],[13.924150964412886,46.6478797831546],[13.963814772301353,46.65371936546863],[14.010298713899807,46.666563480780574],[14.049156704859927,46.66185863959704],[14.066944245820395,46.616792742318054],[14.057545360620184,46.582210577335836],[14.091088800777602,46.56028179299679],[14.081562805938171,46.550491124572076]]]]}},{"type":"Feature","properties":{"code":"AT-208","name":"Völkermarkt","country":"AT","region":"Kärnten"},"geometry":{"type":"MultiPolygon","coordinates":[[[[14.756288397793044,46.50515144573579],[14.711967345197497,46.50065880758124],[14.696326755027028,46.4643026251442],[14.537070079808835,46.41230158735734],[14.443957445302393,46.42230367767151],[14.431692925911257,46.44365425302772],[14.459299559865228,46.460001029430934],[14.484283317202785,46.50669112400589],[14.448613943771974,46.518678026664524],[14.453884548567634,46.56500774940436],[14.462689052832566,46.568910484765844],[14.514354710035688,46.6001281593862],[14.522985927690558,46.6085959606655],[14.503222848550081,46.649388455043415],[14.494595448969376,46.687104150872905],[14.533447541260358,46.74200833411162],[14.573361382367459,46.73277008333781],[14.591461521339339,46.76232549059263],[14.630943808407567,46.75115865650359],[14.64399841400274,46.80319506036493],[14.64941094388565,46.826435606461395],[14.687654237896894,46.808481639568335],[14.755096608063688,46.75660278510557],[14.767987319112969,46.7142683874237],[14.803454653458193,46.67653738362526],[14.857202421204429,46.678668293198285],[14.851568620699304,46.668366523919296],[14.91527677172942,46.65479502936584],[14.952874555691627,46.63343538070825],[14.920242590075713,46.60395521961447],[14.87686361624382,46.61195597427698],[14.819946564830833,46.53525123161495],[14.815810830087,46.51009850020857],[14.756288397793044,46.50515144573579]]]]}},{"type":"Feature","properties":{"code":"AT-209","name":"Wolfsberg","country":"AT","region":"Kärnten"},"geometry":{"type":"MultiPolygon","coordinates":[[[[15.039478767649438,46.72158463624366],[15.021723960006229,46.67044019676584],[15.062313842013335,46.65277657493685],[15.013368241990358,46.641529001273476],[14.976576037392586,46.60210463029701],[14.952874555691627,46.63343538070825],[14.91527677172942,46.65479502936584],[14.851568620699304,46.668366523919296],[14.857202421204429,46.678668293198285],[14.803454653458193,46.67653738362526],[14.767987319112969,46.7142683874237],[14.755096608063688,46.75660278510557],[14.687654237896894,46.808481639568335],[14.64941094388565,46.826435606461395],[14.647653480925541,46.843153831985006],[14.643167565302381,46.8878195829017],[14.681545103051032,46.95224532701774],[14.682069290761287,46.95590193454605],[14.612463774440057,46.998655758835234],[14.624948149152406,47.01428298253796],[14.695861526766844,47.01698773271139],[14.771524903004831,47.04001782848264],[14.841676489061658,47.048805304818195],[14.84417882509954,47.03364454740318],[14.882741006492154,47.01187740670246],[14.964149997281826,46.982472194636294],[15.024207631891255,46.910440804398895],[15.012112493120615,46.881946353479314],[15.005425055975238,46.880570359407294],[15.016832434338669,46.844960815216176],[14.973464266422333,46.785491239529],[14.993871884429375,46.78153279916539],[15.028749900382708,46.746421499326736],[15.039478767649438,46.72158463624366]]]]}},{"type":"Feature","properties":{"code":"AT-210","name":"Feldkirchen","country":"AT","region":"Kärnten"},"geometry":{"type":"MultiPolygon","coordinates":[[[[14.010298713899807,46.666563480780574],[13.963814772301353,46.65371936546863],[13.924150964412886,46.6478797831546],[13.948866292835856,46.66442831088189],[13.950382585533315,46.66656100938489],[13.917447509516787,46.696489278799035],[13.95813939708094,46.716367893267915],[13.93828335168825,46.755870671452726],[13.874367481656835,46.760768786051834],[13.85368480774105,46.78062405141167],[13.824995734650397,46.78336271650365],[13.840576681311422,46.844292433435434],[13.785169699333872,46.88223308893413],[13.80366245983283,46.919072313951574],[13.812548725751137,46.91922079716213],[13.879060825088889,46.91852569455783],[13.94391568309175,46.941339953575834],[13.989745410557369,46.911156014833594],[13.99579726709202,46.86573619997468],[14.026525392031703,46.84931110041942],[14.108564971521682,46.83670680955793],[14.131191923643575,46.852627748062055],[14.13305432801463,46.853038965007514],[14.10511668614193,46.81137451846215],[14.170658323251287,46.79853755039274],[14.158182170520407,46.79370096312238],[14.193468486231337,46.78678964519702],[14.197114651216868,46.73948212076904],[14.248957545688214,46.742066499954305],[14.230616686271208,46.700877488837705],[14.18310799709352,46.70149536213113],[14.15650347718432,46.676544051952334],[14.10935421351527,46.675431009925646],[14.049156704859927,46.66185863959704],[14.010298713899807,46.666563480780574]]]]}},{"type":"Feature","properties":{"code":"AT-301","name":"Krems an der Donau (Stadt)","country":"AT","region":"Niederösterreich"},"geometry":{"type":"MultiPolygon","coordinates":[[[[15.602174486689593,48.40327213409183],[15.624955581370532,48.37202500308976],[15.66393987467389,48.36919447062946],[15.683174935325194,48.37066183157111],[15.722537576030623,48.37954158052227],[15.669489919607086,48.40909384870142],[15.643023702404136,48.44634272955938],[15.62727908158505,48.450103582140116],[15.591962684010259,48.443946648062244],[15.529148685830723,48.42235827143901],[15.556658377678229,48.39202952092402],[15.602174486689593,48.40327213409183]]]]}},{"type":"Feature","properties":{"code":"AT-302","name":"Sankt Pölten (Stadt)","country":"AT","region":"Niederösterreich"},"geometry":{"type":"MultiPolygon","coordinates":[[[[15.643725192067288,48.12317733403108],[15.64280622795184,48.176440499738696],[15.689797270254942,48.197361667395256],[15.72104202377027,48.21196597269383],[15.731960133430963,48.25883600251818],[15.733412307161068,48.26721102066073],[15.66626954431546,48.26216445943941],[15.615567197297805,48.23917456544878],[15.59752610539567,48.23298859067168],[15.572713870765648,48.21323121022217],[15.556168202542477,48.16696452078317],[15.581551533398995,48.129621084117396],[15.643725192067288,48.12317733403108]]]]}},{"type":"Feature","properties":{"code":"AT-303","name":"Waidhofen an der Ybbs (Stadt)","country":"AT","region":"Niederösterreich"},"geometry":{"type":"MultiPolygon","coordinates":[[[[14.833016371402802,47.91392222016747],[14.827863408822804,47.968953728994784],[14.917835703006622,47.97485975569331],[14.856787831182084,48.023787090366326],[14.856570905776826,48.019642628311345],[14.838059023781824,48.01359266713196],[14.810524883940074,47.99320362889701],[14.749128453995853,47.98065017090624],[14.733504478524884,47.99346721541582],[14.68672082869823,47.99229755723792],[14.657832133407666,47.97259480714871],[14.646271824385098,47.942846942149735],[14.667816193597279,47.93544154897088],[14.725084760353196,47.935665590452615],[14.766758218261662,47.88031598057858],[14.833016371402802,47.91392222016747]]]]}},{"type":"Feature","properties":{"code":"AT-304","name":"Wiener Neustadt (Stadt)","country":"AT","region":"Niederösterreich"},"geometry":{"type":"MultiPolygon","coordinates":[[[[16.188112308383243,47.807930600918404],[16.175490130505217,47.77457492210307],[16.143733499318014,47.7559033948137],[16.152849804882397,47.74709358436349],[16.193471407304873,47.75084292814272],[16.238825447018026,47.77444308196626],[16.26596696179286,47.79177241507691],[16.283111982106668,47.812154047917055],[16.278923429693176,47.84124877537043],[16.26961616211503,47.8550497641786],[16.22083304718635,47.87226607770674],[16.189478034977945,47.845429712351695],[16.188112308383243,47.807930600918404]]]]}},{"type":"Feature","properties":{"code":"AT-305","name":"Amstetten","country":"AT","region":"Niederösterreich"},"geometry":{"type":"MultiPolygon","coordinates":[[[[14.657832133407666,47.97259480714871],[14.646271824385098,47.942846942149735],[14.613423048698143,47.94880206559831],[14.552335912421619,47.98056368741308],[14.489303378556682,48.01155203960905],[14.453328788357997,48.04373968089135],[14.456054223911236,48.07471409261751],[14.45511611401903,48.08939123399559],[14.476249613684136,48.10511664536289],[14.490160602378694,48.11066844412551],[14.46511946673231,48.148296658581444],[14.480047265119381,48.172261697684455],[14.479323305252938,48.17919735664716],[14.47815826291343,48.202624776750156],[14.512754675251516,48.23476123119458],[14.518386993837433,48.238310752577775],[14.55807323829416,48.231687424757496],[14.620464597522956,48.191385824204254],[14.640839520032836,48.17594383171885],[14.685579357914088,48.15799181197546],[14.71249549298957,48.17936993754109],[14.75880317196169,48.178278333262355],[14.7662172367989,48.179814509183586],[14.837515898992754,48.19443533879205],[14.853860494650831,48.21202671893576],[14.882880860379144,48.23345935719385],[14.941654295692935,48.227976825078045],[14.959655590894204,48.2030813602234],[14.9713677938265,48.199533558138796],[14.976736388703976,48.197910603065836],[14.990169724422707,48.196203521407654],[14.967921290934088,48.17182391568762],[14.967550036050998,48.15916989976782],[14.978012955159786,48.111327387104055],[15.012601027342226,48.11780645930867],[14.997914482594704,48.07213068006115],[14.981745169279169,48.073342308668614],[14.970939576165843,48.042545829272576],[14.924122460884321,48.03834142729102],[14.856787831182084,48.023787090366326],[14.856570905776826,48.019642628311345],[14.838059023781824,48.01359266713196],[14.810524883940074,47.99320362889701],[14.749128453995853,47.98065017090624],[14.733504478524884,47.99346721541582],[14.68672082869823,47.99229755723792],[14.657832133407666,47.97259480714871]]],[[[14.882360580801274,47.808488287362145],[14.84118567681833,47.7907775614994],[14.85526693611768,47.7411939788452],[14.815521484791581,47.74490961049843],[14.764254891795062,47.7270126926241],[14.73566808338259,47.749426793777985],[14.70908265136549,47.7907888318586],[14.707199855307106,47.85134395356477],[14.759948034358755,47.87294189127239],[14.766758218261662,47.88031598057858],[14.833016371402802,47.91392222016747],[14.827863408822804,47.968953728994784],[14.917835703006622,47.97485975569331],[14.94886935537275,47.97448709121349],[14.941443753010187,47.928696755550654],[15.007113932317903,47.91524975680338],[14.964843086624287,47.902609517528454],[14.937378837017379,47.8685763361704],[14.945618533409728,47.846517543047305],[14.882360580801274,47.808488287362145]]]]}},{"type":"Feature","properties":{"code":"AT-306","name":"Baden","country":"AT","region":"Niederösterreich"},"geometry":{"type":"MultiPolygon","coordinates":[[[[16.53857748634574,47.967027947092504],[16.52929885390729,47.950770325336414],[16.515899532448145,47.944264537338306],[16.449579415505003,47.934958462722626],[16.42002654599533,47.90262218974607],[16.386112966164124,47.88229641225812],[16.289443188112095,47.911592511543105],[16.29041812483764,47.91190318833992],[16.23174044679632,47.91832874149262],[16.216131682515694,47.89865796152406],[16.201029556689306,47.906182533236326],[16.146739239912662,47.88533844338143],[16.146454604121065,47.884884273098294],[16.14598540966605,47.8843827444901],[16.1082314079583,47.87671795523543],[16.082990829250917,47.90029734121488],[16.009086546749185,47.89370599643215],[16.013148635100233,47.9328452483714],[15.995025659598227,47.92416604095427],[15.995396599961174,47.94285784165657],[15.976057345389277,47.93368879247394],[15.869123267543538,47.96083074970015],[15.865682923360092,47.99805398452501],[15.945262767112252,47.998982228720706],[15.920485094561496,48.054052384176465],[15.87270927214686,48.07667119033428],[15.913076021707285,48.08923183163438],[15.910511883902554,48.10767319596135],[15.992872936360364,48.14640788632028],[16.0464384861538,48.13871863302897],[16.05553004332639,48.13289514327158],[16.04479716568835,48.08286164228996],[16.102743856348496,48.06229452273717],[16.158404584606323,48.065136941469824],[16.22062869144934,48.02816282273925],[16.24773230482395,48.04038666285501],[16.263180226659735,48.035022484033306],[16.300242133116154,48.044526695437426],[16.35323184394183,48.02339323163372],[16.351443812483296,48.01839153663986],[16.405115792270653,48.00664343660465],[16.406980562826195,48.0023175429404],[16.409128318872195,48.001987309273794],[16.455269289848026,47.988217162032754],[16.468444257099243,48.00151954028473],[16.492083363373975,48.020750707679454],[16.502720412902107,48.02562478849541],[16.557349533864734,47.994402560460664],[16.548353271498005,47.97668212762859],[16.53857748634574,47.967027947092504]]]]}},{"type":"Feature","properties":{"code":"AT-307","name":"Bruck an der Leitha","country":"AT","region":"Niederösterreich"},"geometry":{"type":"MultiPolygon","coordinates":[[[[16.605575246026643,47.913049268193646],[16.59453528022339,47.90458679138213],[16.577502815389312,47.889302841196105],[16.571232259949394,47.88696873231212],[16.538264510538703,47.920369002731974],[16.515899532448145,47.944264537338306],[16.52929885390729,47.950770325336414],[16.53857748634574,47.967027947092504],[16.548353271498005,47.97668212762859],[16.557349533864734,47.994402560460664],[16.502720412902107,48.02562478849541],[16.492083363373975,48.020750707679454],[16.468444257099243,48.00151954028473],[16.455269289848026,47.988217162032754],[16.409128318872195,48.001987309273794],[16.406980562826195,48.0023175429404],[16.405115792270653,48.00664343660465],[16.399975970373273,48.0539483481672],[16.412620151886806,48.09000970121629],[16.399015550308395,48.094989136004095],[16.372570422688966,48.10008628491165],[16.38556577135256,48.12606494554488],[16.410046375913776,48.118937473447055],[16.434246243952863,48.12062596106924],[16.43344804359402,48.13867258550262],[16.511013602174128,48.1596215500773],[16.57325705011586,48.13591277512623],[16.574217561105915,48.14513007099916],[16.636537295727067,48.1317724424156],[16.645741545439837,48.12728346577512],[16.66628116273053,48.122250311225436],[16.750168668859125,48.12533080073994],[16.753292992018775,48.120399821936076],[16.82181104933948,48.11946437101807],[16.868804732187,48.14910222894723],[16.897694437266626,48.1418979236514],[16.934088163061986,48.17630661999809],[16.97334065223632,48.17295812671726],[16.99678075091509,48.15929581523624],[17.059408008536607,48.12371991846312],[17.0639703389668,48.119372977795],[17.033224294610196,48.0849940261275],[17.00437190427233,48.09215768227161],[16.99508675688021,48.109778326838715],[16.98377462656014,48.112100974566474],[16.968312239323314,48.10126385975401],[16.995991166528455,48.084821275472564],[17.013523461741293,48.07421258671947],[16.990966118475157,48.04615674102818],[16.966191013958028,48.02688375933133],[16.912439984108136,48.0573978763389],[16.901505578559604,48.07170756911927],[16.871311734331908,48.07304320397352],[16.825388139976685,48.029851275277565],[16.8224484323827,48.029842217267436],[16.699325155015398,48.01234541497467],[16.698409667384464,47.974499943912654],[16.662417861038595,47.95776385758359],[16.637013055109616,47.94663617645925],[16.629113866608552,47.934487523744856],[16.629303767916955,47.93410193548187],[16.605575246026643,47.913049268193646]]]]}},{"type":"Feature","properties":{"code":"AT-308","name":"Gänserndorf","country":"AT","region":"Niederösterreich"},"geometry":{"type":"MultiPolygon","coordinates":[[[[16.66628116273053,48.122250311225436],[16.645741545439837,48.12728346577512],[16.636537295727067,48.1317724424156],[16.574217561105915,48.14513007099916],[16.533509707881418,48.177768384145324],[16.549971211397587,48.23969285403885],[16.54420825354776,48.26369178826104],[16.512124331592528,48.28622670147884],[16.4994138251528,48.291052237931495],[16.52292716252398,48.32922803912612],[16.54624721377569,48.33269231225548],[16.56832188542025,48.32705187005444],[16.600191785495586,48.31511991659867],[16.65821048076173,48.33878232919949],[16.595170281670804,48.38040522180735],[16.594141971905792,48.39139035892392],[16.578469083453374,48.42086175405106],[16.555520295361422,48.42997183963078],[16.54587745829028,48.46687244458983],[16.603723068289536,48.46570856898183],[16.63436229751112,48.4657103217207],[16.65443024074612,48.48119280685953],[16.66193937950964,48.52296479135825],[16.67251708774912,48.52596643292221],[16.677249539033195,48.56203683932125],[16.69894573968518,48.587877718061314],[16.674011262857174,48.63013927492158],[16.67493387034585,48.63135561958173],[16.70741966870228,48.62185261789932],[16.776246311766037,48.63606215978751],[16.780818344159908,48.631811756396225],[16.79358832170889,48.62920370312867],[16.808302965835274,48.616863823914656],[16.854404665325237,48.610304153085536],[16.856465904358267,48.63503149401229],[16.925637128813538,48.63957995053511],[16.932088347684548,48.602928166820696],[16.935745550204242,48.5660678099936],[16.918697640430135,48.51646483655429],[16.877946595193354,48.47817228864426],[16.84837565916137,48.43932234589058],[16.859357845974603,48.41826107204193],[16.8394258681644,48.36082317296454],[16.904578010832964,48.327419832777174],[16.897937963088,48.298573169937285],[16.949336383327477,48.25837219940928],[16.959323827464573,48.21818137235134],[16.97334065223632,48.17295812671726],[16.934088163061986,48.17630661999809],[16.897694437266626,48.1418979236514],[16.868804732187,48.14910222894723],[16.82181104933948,48.11946437101807],[16.753292992018775,48.120399821936076],[16.750168668859125,48.12533080073994],[16.66628116273053,48.122250311225436]]]]}},{"type":"Feature","properties":{"code":"AT-309","name":"Gmünd","country":"AT","region":"Niederösterreich"},"geometry":{"type":"MultiPolygon","coordinates":[[[[14.90099213415181,48.62244263905928],[14.86596724878057,48.61734206138802],[14.809378702856858,48.600698188017844],[14.808355569985297,48.55445214731674],[14.733512866405684,48.553484172246414],[14.688226952664776,48.58500109238852],[14.718354997522574,48.603076705437715],[14.719335904651496,48.63908058379089],[14.720672548060689,48.67639835335183],[14.738011793297394,48.70201358776005],[14.80535366479332,48.734578392881396],[14.826505263821442,48.78118462355596],[14.878515393980718,48.78080325481152],[14.96095802937347,48.76384768746768],[14.96696038109277,48.824599254268456],[14.985075129117067,48.895943317304145],[14.973715380388786,48.956519350294435],[14.995047359971757,48.99265310857604],[15.018951011986436,49.021160570100974],[15.102862904426933,48.996901065404224],[15.15585995053525,48.990604496273136],[15.157467543278031,48.94238199302791],[15.156479653342359,48.94176584123828],[15.184206509709691,48.92344181865673],[15.184997025411793,48.880131170231806],[15.159945481543664,48.87241763115722],[15.167358134832885,48.81584730142798],[15.15315290098456,48.79814488154922],[15.144435182612385,48.80104191192827],[15.114305248256626,48.760268760931844],[15.141945855868626,48.737669531257005],[15.14607354749969,48.70584275802884],[15.136420760689282,48.689121352957365],[15.121869450714632,48.71274809504426],[15.050488955573652,48.7026958010925],[14.989847448374785,48.70494039398702],[14.973902785078183,48.675996782676854],[15.014434533591627,48.65019814055707],[14.99752919539615,48.626942040075946],[14.90099213415181,48.62244263905928]]]]}},{"type":"Feature","properties":{"code":"AT-310","name":"Hollabrunn","country":"AT","region":"Niederösterreich"},"geometry":{"type":"MultiPolygon","coordinates":[[[[16.021443263397845,48.4958789417499],[15.984156583376707,48.50145254662841],[15.92691205055163,48.47943994132643],[15.916906204589063,48.48194079480222],[15.886511817152433,48.49634581942785],[15.837197205657034,48.48833610255637],[15.78107373967165,48.486845576793456],[15.733151327019991,48.540014931737375],[15.760005426405856,48.54266776819909],[15.738832657961153,48.57410772543422],[15.82199272005681,48.58855540677107],[15.837857988940655,48.604630661842464],[15.876675791000752,48.60413525577864],[15.903863742188992,48.59893577955729],[15.908424123234358,48.65379807460445],[15.93789542306054,48.667638990496194],[15.898648340757244,48.67810731449578],[15.828714923071455,48.687073197059284],[15.812576779096002,48.69339674434839],[15.81241469523621,48.73671891918076],[15.859003601259682,48.74924792255613],[15.876404533430428,48.78177591177789],[15.884859971920607,48.7858025080903],[15.815885289901178,48.801683267731676],[15.797248164491092,48.82506666279897],[15.754214795658598,48.82504924718039],[15.750881335199988,48.85286553641451],[15.776751556907506,48.87557410899057],[15.824799733754151,48.87173809257282],[15.967289442397114,48.79600999173755],[16.06189523534486,48.75554032964282],[16.086203511193652,48.748515658553934],[16.100111483084625,48.74608853301508],[16.14711359989114,48.74388583401482],[16.220728389706213,48.74079591508512],[16.207205418388767,48.703036205683325],[16.19650456443335,48.66267492924215],[16.254849504695844,48.65538344977615],[16.26562829748615,48.603284901817254],[16.29903977664602,48.595265901036136],[16.28655783563165,48.56708875236549],[16.28001720601415,48.55469793999838],[16.229071976505995,48.571638428950976],[16.188327137142334,48.541509765003596],[16.18632928247635,48.4939283451201],[16.1671367387829,48.47293464031074],[16.09452088632735,48.46583150906798],[16.068944069954043,48.4950512662076],[16.02344959096222,48.49205354793202],[16.021443263397845,48.4958789417499]]]]}},{"type":"Feature","properties":{"code":"AT-311","name":"Horn","country":"AT","region":"Niederösterreich"},"geometry":{"type":"MultiPolygon","coordinates":[[[[15.729220186832436,48.583830389934484],[15.691324276482302,48.5665519100281],[15.622202369298352,48.56191854734147],[15.581086728513245,48.62368748014179],[15.525156604955995,48.63008555863587],[15.520204242778622,48.64570730169078],[15.471059656416179,48.643090269382604],[15.421399821922982,48.669453432316665],[15.425965069014143,48.67521312116801],[15.453134723132184,48.681955773373545],[15.43365998364452,48.7211012975741],[15.476467054088094,48.72720194543687],[15.518741920357671,48.78686101943372],[15.532440337942878,48.82185573848085],[15.56284375327576,48.83010083696609],[15.584317685813051,48.89668056387212],[15.616816384821187,48.896298413540016],[15.68979805612949,48.85622182399376],[15.750881335199988,48.85286553641451],[15.754214795658598,48.82504924718039],[15.797248164491092,48.82506666279897],[15.815885289901178,48.801683267731676],[15.884859971920607,48.7858025080903],[15.876404533430428,48.78177591177789],[15.859003601259682,48.74924792255613],[15.81241469523621,48.73671891918076],[15.812576779096002,48.69339674434839],[15.828714923071455,48.687073197059284],[15.898648340757244,48.67810731449578],[15.93789542306054,48.667638990496194],[15.908424123234358,48.65379807460445],[15.903863742188992,48.59893577955729],[15.876675791000752,48.60413525577864],[15.837857988940655,48.604630661842464],[15.82199272005681,48.58855540677107],[15.738832657961153,48.57410772543422],[15.729220186832436,48.583830389934484]]]]}},{"type":"Feature","properties":{"code":"AT-312","name":"Korneuburg","country":"AT","region":"Niederösterreich"},"geometry":{"type":"MultiPolygon","coordinates":[[[[16.39239950424916,48.323256351480374],[16.360411753940745,48.28299603442784],[16.331542699928146,48.32793157046107],[16.285228910247167,48.35641025242104],[16.27787749998083,48.357830098291224],[16.25943035382891,48.354913426342804],[16.236445221166164,48.3570423809513],[16.1627317996625,48.36387166012085],[16.164825357110182,48.35886117949238],[16.143278613080117,48.35385259032949],[16.142568918469294,48.35402379927478],[16.10671017717944,48.344541021428185],[16.03720708569759,48.37466720523425],[15.985332378714528,48.37741685857976],[15.9915985059957,48.425794750476165],[16.016836123145904,48.43276284507943],[16.02344959096222,48.49205354793202],[16.068944069954043,48.4950512662076],[16.09452088632735,48.46583150906798],[16.1671367387829,48.47293464031074],[16.18632928247635,48.4939283451201],[16.188327137142334,48.541509765003596],[16.229071976505995,48.571638428950976],[16.28001720601415,48.55469793999838],[16.28655783563165,48.56708875236549],[16.310120422424177,48.590919446263555],[16.315000315863898,48.594139353088856],[16.392267414639008,48.575141129162574],[16.412073781959435,48.53360869130681],[16.411608486513334,48.53359951908278],[16.4008049599505,48.51228074327429],[16.42449408651918,48.51343420546381],[16.427857508806103,48.51345339795712],[16.432024694434674,48.47662799970675],[16.404994693787096,48.450018764855415],[16.43537384264021,48.44258103209255],[16.432644191262558,48.40751376914413],[16.423697401474456,48.400669426452914],[16.413522668680447,48.37999896553765],[16.44038918949922,48.355887194062085],[16.460767141994456,48.34919328969823],[16.49606425293998,48.343259864573064],[16.509329985867556,48.33521175245083],[16.52292716252398,48.32922803912612],[16.4994138251528,48.291052237931495],[16.471936075452582,48.276008516001454],[16.425226930412876,48.32107384619422],[16.39239950424916,48.323256351480374]]],[[[15.991852781371845,48.426852669297794],[15.980474276592735,48.42787058837219],[15.982786727459157,48.43454800719164],[15.991852781371845,48.426852669297794]]]]}},{"type":"Feature","properties":{"code":"AT-313","name":"Krems (Land)","country":"AT","region":"Niederösterreich"},"geometry":{"type":"MultiPolygon","coordinates":[[[[15.40744793379865,48.3254591759349],[15.386863826676402,48.27649399290917],[15.37976013601482,48.27272164505112],[15.286206944101021,48.28055623828188],[15.294823441261887,48.30861829546278],[15.3344244678554,48.34514283531424],[15.26780074947311,48.37444201374092],[15.363259710018967,48.401739594674844],[15.36249245208781,48.422259818252044],[15.328160051146583,48.43183139594998],[15.310569690065986,48.46419769465929],[15.284809658824399,48.46700970616533],[15.320469362242392,48.502805894726144],[15.306981725371866,48.52655663599859],[15.323868772683014,48.537293282156014],[15.305443061751914,48.58135881821724],[15.318261274118772,48.59992019832782],[15.360141136475754,48.58088528239179],[15.4135861282773,48.58744595672022],[15.43518152085588,48.617864563475656],[15.506694652009816,48.59825215750382],[15.525156604955995,48.63008555863587],[15.581086728513245,48.62368748014179],[15.622202369298352,48.56191854734147],[15.691324276482302,48.5665519100281],[15.729220186832436,48.583830389934484],[15.738832657961153,48.57410772543422],[15.760005426405856,48.54266776819909],[15.733151327019991,48.540014931737375],[15.78107373967165,48.486845576793456],[15.779105001663124,48.48236743844604],[15.75428251777432,48.41328034885854],[15.732291828580776,48.398330554347844],[15.728582521814513,48.384895628025276],[15.722537576030623,48.37954158052227],[15.669489919607086,48.40909384870142],[15.643023702404136,48.44634272955938],[15.62727908158505,48.450103582140116],[15.591962684010259,48.443946648062244],[15.529148685830723,48.42235827143901],[15.556658377678229,48.39202952092402],[15.602174486689593,48.40327213409183],[15.624955581370532,48.37202500308976],[15.66393987467389,48.36919447062946],[15.651340044446528,48.33803941700251],[15.625308934163439,48.32637239947494],[15.546385602098757,48.33813569881682],[15.504898245465776,48.32029536570458],[15.461954028539559,48.31689248410821],[15.425690834798466,48.324350454635564],[15.40744793379865,48.3254591759349]]]]}},{"type":"Feature","properties":{"code":"AT-314","name":"Lilienfeld","country":"AT","region":"Niederösterreich"},"geometry":{"type":"MultiPolygon","coordinates":[[[[15.865682923360092,47.99805398452501],[15.869123267543538,47.96083074970015],[15.816011767876669,47.938625388392644],[15.795464089173173,47.93658057873047],[15.755996918760712,47.93553146047889],[15.687563806948475,47.8957627397948],[15.664089306004191,47.903636098479076],[15.621308586173242,47.8755891838085],[15.626276753395851,47.85543580507908],[15.628359323707484,47.816481241784544],[15.608925525753648,47.75178605106096],[15.51100145314899,47.74725153227008],[15.503824297663224,47.76849707072922],[15.458173341840908,47.770446655783324],[15.376750891518832,47.82424031724305],[15.343100790488187,47.826458307274905],[15.342419192626412,47.8263742451942],[15.297045639104294,47.8217441428425],[15.286082617985503,47.79187864761831],[15.214516325735632,47.79672841493683],[15.170769523686525,47.8515727768042],[15.259512716500547,47.881969058352865],[15.266737833025116,47.878798777323716],[15.333173035769503,47.890715480912135],[15.394327015070456,47.90358626562003],[15.42971079930162,47.95817643921671],[15.443734417048779,47.961128828477385],[15.495614975530723,47.9811110313678],[15.530694794876656,48.008872014034026],[15.529418866500393,48.01401108966712],[15.524242541084076,48.05712215198689],[15.55581317602921,48.07233037075071],[15.59852760589263,48.06829765400254],[15.687154700763971,48.08949470645004],[15.715139332336923,48.084225527161735],[15.729316181272623,48.07819890739101],[15.77491396080033,48.07215480119915],[15.809510209679809,48.07873044025013],[15.842550024321055,48.062879511468104],[15.87270927214686,48.07667119033428],[15.920485094561496,48.054052384176465],[15.945262767112252,47.998982228720706],[15.865682923360092,47.99805398452501]]]]}},{"type":"Feature","properties":{"code":"AT-315","name":"Melk","country":"AT","region":"Niederösterreich"},"geometry":{"type":"MultiPolygon","coordinates":[[[[15.367054000287675,48.039143386651155],[15.34624734502896,48.025196584168285],[15.27336364780222,48.007535434954384],[15.263571365107172,48.04952386678235],[15.287120934237077,48.058971642645595],[15.248294914222463,48.08572624645451],[15.243045061742382,48.091851423623474],[15.21884826651683,48.10770029251091],[15.193816818647571,48.13223102805102],[15.159306398564393,48.11704250532697],[15.153451659397822,48.13480506846453],[15.138716158574256,48.14674125488513],[15.122651318334256,48.13778156242599],[15.090121065397717,48.13907340581463],[15.045423255157832,48.13100970848061],[15.037225223470003,48.128435216011354],[15.029658102028453,48.122495215234316],[15.012601027342226,48.11780645930867],[14.978012955159786,48.111327387104055],[14.967550036050998,48.15916989976782],[14.967921290934088,48.17182391568762],[14.990169724422707,48.196203521407654],[14.976736388703976,48.197910603065836],[14.9713677938265,48.199533558138796],[14.9493765953804,48.21983256245666],[14.967176679359643,48.246454313680665],[14.989257710600386,48.25662772166145],[14.98229724223215,48.299809064582774],[14.940899818669662,48.324346429341],[14.944696456681836,48.334060909925796],[14.961661862276186,48.37921100464351],[15.01238023246285,48.36820351760026],[15.05299337967243,48.355777428198486],[15.087560823067836,48.347117386521106],[15.135436457669558,48.33336108002372],[15.137214048892188,48.34538304241357],[15.172180991403135,48.3639486878605],[15.223362038093414,48.359901822285195],[15.260164963565613,48.37598713563723],[15.26780074947311,48.37444201374092],[15.3344244678554,48.34514283531424],[15.294823441261887,48.30861829546278],[15.286206944101021,48.28055623828188],[15.37976013601482,48.27272164505112],[15.386863826676402,48.27649399290917],[15.40744793379865,48.3254591759349],[15.425690834798466,48.324350454635564],[15.461954028539559,48.31689248410821],[15.504898245465776,48.32029536570458],[15.521442556418723,48.296839469399735],[15.518167517201096,48.284909860868275],[15.480615421862272,48.2599051045542],[15.434977997144799,48.22263519699232],[15.419619107409638,48.211520147900266],[15.435775108759374,48.1852527312372],[15.442306219229463,48.1778168898711],[15.4573139628994,48.15861723196168],[15.451424488170307,48.14329081827354],[15.514811622140657,48.139856570169044],[15.513584044192624,48.12950156915847],[15.48840927125251,48.115409668454326],[15.442126921550592,48.10237412057326],[15.43878402757484,48.07967670018375],[15.40961953572563,48.05685325929785],[15.367054000287675,48.039143386651155]]]]}},{"type":"Feature","properties":{"code":"AT-316","name":"Mistelbach","country":"AT","region":"Niederösterreich"},"geometry":{"type":"MultiPolygon","coordinates":[[[[16.595170281670804,48.38040522180735],[16.65821048076173,48.33878232919949],[16.600191785495586,48.31511991659867],[16.56832188542025,48.32705187005444],[16.54624721377569,48.33269231225548],[16.52292716252398,48.32922803912612],[16.509329985867556,48.33521175245083],[16.49606425293998,48.343259864573064],[16.460767141994456,48.34919328969823],[16.44038918949922,48.355887194062085],[16.413522668680447,48.37999896553765],[16.423697401474456,48.400669426452914],[16.432644191262558,48.40751376914413],[16.43537384264021,48.44258103209255],[16.404994693787096,48.450018764855415],[16.432024694434674,48.47662799970675],[16.427857508806103,48.51345339795712],[16.42449408651918,48.51343420546381],[16.4008049599505,48.51228074327429],[16.411608486513334,48.53359951908278],[16.412073781959435,48.53360869130681],[16.392267414639008,48.575141129162574],[16.315000315863898,48.594139353088856],[16.310120422424177,48.590919446263555],[16.28655783563165,48.56708875236549],[16.29903977664602,48.595265901036136],[16.26562829748615,48.603284901817254],[16.254849504695844,48.65538344977615],[16.19650456443335,48.66267492924215],[16.207205418388767,48.703036205683325],[16.220728389706213,48.74079591508512],[16.270246299768875,48.74196866816831],[16.35699545719752,48.72875891866815],[16.425453394516435,48.76333870658652],[16.432228250167324,48.76632072783392],[16.445926809612626,48.80006951889997],[16.53128201340749,48.811517501346984],[16.59046297544054,48.78348303632656],[16.6486497365074,48.78583664445341],[16.679775730542573,48.72877701111707],[16.679817776884818,48.728482535918694],[16.744512212590028,48.73280794703052],[16.757694009288155,48.71748037802902],[16.90288051310717,48.71465362866254],[16.90771280899858,48.67938070352061],[16.925637128813538,48.63957995053511],[16.856465904358267,48.63503149401229],[16.854404665325237,48.610304153085536],[16.808302965835274,48.616863823914656],[16.79358832170889,48.62920370312867],[16.780818344159908,48.631811756396225],[16.776246311766037,48.63606215978751],[16.70741966870228,48.62185261789932],[16.67493387034585,48.63135561958173],[16.674011262857174,48.63013927492158],[16.69894573968518,48.587877718061314],[16.677249539033195,48.56203683932125],[16.67251708774912,48.52596643292221],[16.66193937950964,48.52296479135825],[16.65443024074612,48.48119280685953],[16.63436229751112,48.4657103217207],[16.603723068289536,48.46570856898183],[16.54587745829028,48.46687244458983],[16.555520295361422,48.42997183963078],[16.578469083453374,48.42086175405106],[16.594141971905792,48.39139035892392],[16.595170281670804,48.38040522180735]]]]}},{"type":"Feature","properties":{"code":"AT-317","name":"Mödling","country":"AT","region":"Niederösterreich"},"geometry":{"type":"MultiPolygon","coordinates":[[[[16.399975970373273,48.0539483481672],[16.405115792270653,48.00664343660465],[16.351443812483296,48.01839153663986],[16.35323184394183,48.02339323163372],[16.300242133116154,48.044526695437426],[16.263180226659735,48.035022484033306],[16.24773230482395,48.04038666285501],[16.22062869144934,48.02816282273925],[16.158404584606323,48.065136941469824],[16.102743856348496,48.06229452273717],[16.04479716568835,48.08286164228996],[16.05553004332639,48.13289514327158],[16.076892306468327,48.13068632001971],[16.145973873801637,48.15609517949643],[16.153679026213318,48.169572002343976],[16.179122869495856,48.17172505807664],[16.195198488648696,48.155241722116926],[16.22042735257546,48.15387843224085],[16.215319946458333,48.12876260702782],[16.222751181809326,48.12616536751681],[16.226346919323102,48.12784698736299],[16.29577743156106,48.126017999864594],[16.309429782935833,48.12022714306248],[16.362860914712996,48.12936740383815],[16.363113841196046,48.129094678210095],[16.38556577135256,48.12606494554488],[16.372570422688966,48.10008628491165],[16.399015550308395,48.094989136004095],[16.412620151886806,48.09000970121629],[16.399975970373273,48.0539483481672]]]]}},{"type":"Feature","properties":{"code":"AT-318","name":"Neunkirchen","country":"AT","region":"Niederösterreich"},"geometry":{"type":"MultiPolygon","coordinates":[[[[16.144136452648425,47.54683013578005],[16.162399493031156,47.502262824038475],[16.156858333037,47.46785081518726],[16.13519069023434,47.46213595254102],[16.108419408036877,47.52267217535619],[16.084613735772102,47.50785604821462],[16.062303772060602,47.487035116629556],[15.997287113811915,47.516538148561374],[15.955735933816998,47.518553434992604],[15.917716205195124,47.53071767551388],[15.911075331820498,47.53112632814445],[15.902627080805715,47.56050479117799],[15.844224479544629,47.56848860973404],[15.85778105484603,47.617376268322836],[15.837512602790229,47.61880014884725],[15.778544678678688,47.64299940448292],[15.739522772636551,47.642908508568475],[15.72231622717731,47.6471548134285],[15.716360145031679,47.71058281328566],[15.675945114743612,47.69969487804562],[15.63317312259398,47.716120757997125],[15.608925525753648,47.75178605106096],[15.628359323707484,47.816481241784544],[15.626276753395851,47.85543580507908],[15.737305130515537,47.86271763012959],[15.77973226509688,47.84225226545996],[15.806239566187124,47.78549288305739],[15.857279923812547,47.82017792681443],[15.903632612262104,47.82779174417067],[15.967429823084135,47.8076452846305],[15.998772957100325,47.816156809048266],[15.999875205582535,47.814891201749234],[16.048084597467568,47.807202063713234],[16.085218791616015,47.80067166766908],[16.086947010383167,47.79768650899947],[16.124528198965127,47.80533748402283],[16.175490130505217,47.77457492210307],[16.143733499318014,47.7559033948137],[16.152849804882397,47.74709358436349],[16.193471407304873,47.75084292814272],[16.202636103104577,47.73493071874435],[16.16265883948923,47.717608762599525],[16.20311845145956,47.68406979513431],[16.202674325369923,47.68287553253723],[16.188624151006437,47.623545461496356],[16.17930805213493,47.619647342278114],[16.173406953852396,47.611788050457136],[16.187000292619476,47.586111641188346],[16.207302736326138,47.5387046546167],[16.144136452648425,47.54683013578005]]]]}},{"type":"Feature","properties":{"code":"AT-319","name":"Sankt Pölten (Land)","country":"AT","region":"Niederösterreich"},"geometry":{"type":"MultiPolygon","coordinates":[[[[15.42971079930162,47.95817643921671],[15.394327015070456,47.90358626562003],[15.333173035769503,47.890715480912135],[15.31962975684383,47.93638660833575],[15.28396312315712,47.947100808845526],[15.26656442055117,48.00357858477571],[15.27336364780222,48.007535434954384],[15.34624734502896,48.025196584168285],[15.367054000287675,48.039143386651155],[15.40961953572563,48.05685325929785],[15.43878402757484,48.07967670018375],[15.442126921550592,48.10237412057326],[15.48840927125251,48.115409668454326],[15.513584044192624,48.12950156915847],[15.514811622140657,48.139856570169044],[15.451424488170307,48.14329081827354],[15.4573139628994,48.15861723196168],[15.442306219229463,48.1778168898711],[15.435775108759374,48.1852527312372],[15.419619107409638,48.211520147900266],[15.434977997144799,48.22263519699232],[15.480615421862272,48.2599051045542],[15.518167517201096,48.284909860868275],[15.521442556418723,48.296839469399735],[15.504898245465776,48.32029536570458],[15.546385602098757,48.33813569881682],[15.625308934163439,48.32637239947494],[15.651340044446528,48.33803941700251],[15.66393987467389,48.36919447062946],[15.683174935325194,48.37066183157111],[15.722537576030623,48.37954158052227],[15.728582521814513,48.384895628025276],[15.769689327517597,48.37801264525446],[15.831811089153524,48.37113750566828],[15.821323215017374,48.33626526480106],[15.779961325287557,48.33687938516568],[15.757391340406508,48.3145514897825],[15.800603005023099,48.28837246664955],[15.830510786150768,48.2880782461096],[15.842467439704723,48.27837781106362],[15.839039288548673,48.2311383962721],[15.882531124539561,48.23233248315232],[15.89043262519792,48.26201999233278],[15.916389030623629,48.26300503468314],[15.999808636785126,48.20495470586719],[16.050939291228786,48.232712230477524],[16.08822353754548,48.24340947669826],[16.112905599478047,48.25718240995358],[16.12973637128252,48.25824341486197],[16.156512641846287,48.280660328807954],[16.17492120211379,48.28297532129416],[16.198713042756967,48.26850825397073],[16.205295593469874,48.264791213360155],[16.18239186839708,48.22390134272117],[16.20461564491174,48.20303439441751],[16.179122869495856,48.17172505807664],[16.153679026213318,48.169572002343976],[16.145973873801637,48.15609517949643],[16.076892306468327,48.13068632001971],[16.05553004332639,48.13289514327158],[16.0464384861538,48.13871863302897],[15.992872936360364,48.14640788632028],[15.910511883902554,48.10767319596135],[15.913076021707285,48.08923183163438],[15.87270927214686,48.07667119033428],[15.842550024321055,48.062879511468104],[15.809510209679809,48.07873044025013],[15.77491396080033,48.07215480119915],[15.729316181272623,48.07819890739101],[15.715139332336923,48.084225527161735],[15.687154700763971,48.08949470645004],[15.59852760589263,48.06829765400254],[15.55581317602921,48.07233037075071],[15.524242541084076,48.05712215198689],[15.529418866500393,48.01401108966712],[15.530694794876656,48.008872014034026],[15.495614975530723,47.9811110313678],[15.443734417048779,47.961128828477385],[15.42971079930162,47.95817643921671]],[[15.572713870765648,48.21323121022217],[15.556168202542477,48.16696452078317],[15.581551533398995,48.129621084117396],[15.643725192067288,48.12317733403108],[15.64280622795184,48.176440499738696],[15.689797270254942,48.197361667395256],[15.72104202377027,48.21196597269383],[15.731960133430963,48.25883600251818],[15.733412307161068,48.26721102066073],[15.66626954431546,48.26216445943941],[15.615567197297805,48.23917456544878],[15.59752610539567,48.23298859067168],[15.572713870765648,48.21323121022217]]]]}},{"type":"Feature","properties":{"code":"AT-320","name":"Scheibbs","country":"AT","region":"Niederösterreich"},"geometry":{"type":"MultiPolygon","coordinates":[[[[15.031926069993437,47.75344200233826],[14.970044350325894,47.744303408961784],[14.898419706847834,47.711530267676075],[14.85526693611768,47.7411939788452],[14.84118567681833,47.7907775614994],[14.882360580801274,47.808488287362145],[14.945618533409728,47.846517543047305],[14.937378837017379,47.8685763361704],[14.964843086624287,47.902609517528454],[15.007113932317903,47.91524975680338],[14.941443753010187,47.928696755550654],[14.94886935537275,47.97448709121349],[14.917835703006622,47.97485975569331],[14.856787831182084,48.023787090366326],[14.924122460884321,48.03834142729102],[14.970939576165843,48.042545829272576],[14.981745169279169,48.073342308668614],[14.997914482594704,48.07213068006115],[15.012601027342226,48.11780645930867],[15.029658102028453,48.122495215234316],[15.037225223470003,48.128435216011354],[15.045423255157832,48.13100970848061],[15.090121065397717,48.13907340581463],[15.122651318334256,48.13778156242599],[15.138716158574256,48.14674125488513],[15.153451659397822,48.13480506846453],[15.159306398564393,48.11704250532697],[15.193816818647571,48.13223102805102],[15.21884826651683,48.10770029251091],[15.243045061742382,48.091851423623474],[15.248294914222463,48.08572624645451],[15.287120934237077,48.058971642645595],[15.263571365107172,48.04952386678235],[15.27336364780222,48.007535434954384],[15.26656442055117,48.00357858477571],[15.28396312315712,47.947100808845526],[15.31962975684383,47.93638660833575],[15.333173035769503,47.890715480912135],[15.266737833025116,47.878798777323716],[15.259512716500547,47.881969058352865],[15.170769523686525,47.8515727768042],[15.214516325735632,47.79672841493683],[15.196587995010171,47.75412792009144],[15.132045631353076,47.75870100875711],[15.086457681336192,47.74217222908681],[15.031926069993437,47.75344200233826]]]]}},{"type":"Feature","properties":{"code":"AT-321","name":"Tulln","country":"AT","region":"Niederösterreich"},"geometry":{"type":"MultiPolygon","coordinates":[[[[16.112905599478047,48.25718240995358],[16.08822353754548,48.24340947669826],[16.050939291228786,48.232712230477524],[15.999808636785126,48.20495470586719],[15.916389030623629,48.26300503468314],[15.89043262519792,48.26201999233278],[15.882531124539561,48.23233248315232],[15.839039288548673,48.2311383962721],[15.842467439704723,48.27837781106362],[15.830510786150768,48.2880782461096],[15.800603005023099,48.28837246664955],[15.757391340406508,48.3145514897825],[15.779961325287557,48.33687938516568],[15.821323215017374,48.33626526480106],[15.831811089153524,48.37113750566828],[15.769689327517597,48.37801264525446],[15.728582521814513,48.384895628025276],[15.732291828580776,48.398330554347844],[15.75428251777432,48.41328034885854],[15.779105001663124,48.48236743844604],[15.78107373967165,48.486845576793456],[15.837197205657034,48.48833610255637],[15.886511817152433,48.49634581942785],[15.916906204589063,48.48194079480222],[15.92691205055163,48.47943994132643],[15.984156583376707,48.50145254662841],[16.021443263397845,48.4958789417499],[16.02344959096222,48.49205354793202],[16.016836123145904,48.43276284507943],[15.9915985059957,48.425794750476165],[15.985332378714528,48.37741685857976],[16.03720708569759,48.37466720523425],[16.10671017717944,48.344541021428185],[16.142568918469294,48.35402379927478],[16.143278613080117,48.35385259032949],[16.164825357110182,48.35886117949238],[16.1627317996625,48.36387166012085],[16.236445221166164,48.3570423809513],[16.25943035382891,48.354913426342804],[16.27787749998083,48.357830098291224],[16.285228910247167,48.35641025242104],[16.331542699928146,48.32793157046107],[16.360411753940745,48.28299603442784],[16.353184316827658,48.284042653322786],[16.282784673675316,48.25901822523876],[16.253842706615437,48.24057601187154],[16.205295593469874,48.264791213360155],[16.198713042756967,48.26850825397073],[16.17492120211379,48.28297532129416],[16.156512641846287,48.280660328807954],[16.12973637128252,48.25824341486197],[16.112905599478047,48.25718240995358]],[[15.982786727459157,48.43454800719164],[15.980474276592735,48.42787058837219],[15.991852781371845,48.426852669297794],[15.982786727459157,48.43454800719164]]]]}},{"type":"Feature","properties":{"code":"AT-322","name":"Waidhofen an der Thaya","country":"AT","region":"Niederösterreich"},"geometry":{"type":"MultiPolygon","coordinates":[[[[15.235486190707704,48.75154503502358],[15.218308905888918,48.73720434098837],[15.17302346076499,48.710726786092266],[15.14607354749969,48.70584275802884],[15.141945855868626,48.737669531257005],[15.114305248256626,48.760268760931844],[15.144435182612385,48.80104191192827],[15.15315290098456,48.79814488154922],[15.167358134832885,48.81584730142798],[15.159945481543664,48.87241763115722],[15.184997025411793,48.880131170231806],[15.184206509709691,48.92344181865673],[15.156479653342359,48.94176584123828],[15.157467543278031,48.94238199302791],[15.221669314475886,48.960834559976554],[15.258669983287632,48.95461799799502],[15.288251143314094,48.98500701379043],[15.318956553726645,48.97681832333384],[15.364197726131652,48.98257139274837],[15.42675608545628,48.95188253615465],[15.465710717754735,48.95250650920895],[15.510610351038196,48.914811254519044],[15.584317685813051,48.89668056387212],[15.56284375327576,48.83010083696609],[15.532440337942878,48.82185573848085],[15.518741920357671,48.78686101943372],[15.476467054088094,48.72720194543687],[15.43365998364452,48.7211012975741],[15.441328903323429,48.74201065572951],[15.401348953366497,48.77850191190156],[15.355087471805946,48.77389699954095],[15.33318330631994,48.77509171818493],[15.317303323006957,48.752024728418625],[15.235486190707704,48.75154503502358]]]]}},{"type":"Feature","properties":{"code":"AT-323","name":"Wiener Neustadt (Land)","country":"AT","region":"Niederösterreich"},"geometry":{"type":"MultiPolygon","coordinates":[[[[16.250379469394755,47.44879197302711],[16.204232454542808,47.42534545906766],[16.168984537359943,47.42309851780552],[16.13519069023434,47.46213595254102],[16.156858333037,47.46785081518726],[16.162399493031156,47.502262824038475],[16.144136452648425,47.54683013578005],[16.207302736326138,47.5387046546167],[16.187000292619476,47.586111641188346],[16.173406953852396,47.611788050457136],[16.17930805213493,47.619647342278114],[16.188624151006437,47.623545461496356],[16.202674325369923,47.68287553253723],[16.20311845145956,47.68406979513431],[16.16265883948923,47.717608762599525],[16.202636103104577,47.73493071874435],[16.193471407304873,47.75084292814272],[16.238825447018026,47.77444308196626],[16.26596696179286,47.79177241507691],[16.29560707465297,47.762426246673286],[16.296561008927558,47.76188094970652],[16.292853913209843,47.74298347359984],[16.292270048199715,47.71600852539431],[16.30633345433366,47.69610853538658],[16.30626007036071,47.68786961112027],[16.32098198217421,47.684020871094084],[16.353910123786463,47.680223516491566],[16.36972106462448,47.643182430568785],[16.34157804623995,47.603496687062126],[16.328181570547695,47.59020133838872],[16.310379184086287,47.56604267323226],[16.310899424541972,47.54343328881605],[16.31343312313319,47.54302902159353],[16.33689793466329,47.51686862264116],[16.31803676050826,47.49440856379773],[16.27829728927083,47.45583072325187],[16.250379469394755,47.44879197302711]]],[[[16.188112308383243,47.807930600918404],[16.175490130505217,47.77457492210307],[16.124528198965127,47.80533748402283],[16.086947010383167,47.79768650899947],[16.085218791616015,47.80067166766908],[16.048084597467568,47.807202063713234],[15.999875205582535,47.814891201749234],[15.998772957100325,47.816156809048266],[15.967429823084135,47.8076452846305],[15.903632612262104,47.82779174417067],[15.857279923812547,47.82017792681443],[15.806239566187124,47.78549288305739],[15.77973226509688,47.84225226545996],[15.737305130515537,47.86271763012959],[15.626276753395851,47.85543580507908],[15.621308586173242,47.8755891838085],[15.664089306004191,47.903636098479076],[15.687563806948475,47.8957627397948],[15.755996918760712,47.93553146047889],[15.795464089173173,47.93658057873047],[15.816011767876669,47.938625388392644],[15.869123267543538,47.96083074970015],[15.976057345389277,47.93368879247394],[15.995396599961174,47.94285784165657],[15.995025659598227,47.92416604095427],[16.013148635100233,47.9328452483714],[16.009086546749185,47.89370599643215],[16.082990829250917,47.90029734121488],[16.1082314079583,47.87671795523543],[16.14598540966605,47.8843827444901],[16.146454604121065,47.884884273098294],[16.146739239912662,47.88533844338143],[16.201029556689306,47.906182533236326],[16.216131682515694,47.89865796152406],[16.23174044679632,47.91832874149262],[16.29041812483764,47.91190318833992],[16.289443188112095,47.911592511543105],[16.386112966164124,47.88229641225812],[16.379864999603505,47.87697313029638],[16.345205623935428,47.86884180661631],[16.371726354412612,47.85318242791672],[16.374408353813276,47.82801619560718],[16.359575179437723,47.82395074491146],[16.35197571862428,47.82140801243818],[16.312839520214343,47.78528870451298],[16.283111982106668,47.812154047917055],[16.278923429693176,47.84124877537043],[16.26961616211503,47.8550497641786],[16.22083304718635,47.87226607770674],[16.189478034977945,47.845429712351695],[16.188112308383243,47.807930600918404]]]]}},{"type":"Feature","properties":{"code":"AT-325","name":"Zwettl","country":"AT","region":"Niederösterreich"},"geometry":{"type":"MultiPolygon","coordinates":[[[[15.137214048892188,48.34538304241357],[15.135436457669558,48.33336108002372],[15.087560823067836,48.347117386521106],[15.05299337967243,48.355777428198486],[15.01238023246285,48.36820351760026],[14.961661862276186,48.37921100464351],[14.95359394767566,48.392005112113246],[14.925412208947593,48.424502749993884],[14.908937674498883,48.43537910048248],[14.874229757250031,48.46507772877569],[14.91817106851184,48.506423610629525],[14.872313402415301,48.52844246254901],[14.808355569985297,48.55445214731674],[14.809378702856858,48.600698188017844],[14.86596724878057,48.61734206138802],[14.90099213415181,48.62244263905928],[14.99752919539615,48.626942040075946],[15.014434533591627,48.65019814055707],[14.973902785078183,48.675996782676854],[14.989847448374785,48.70494039398702],[15.050488955573652,48.7026958010925],[15.121869450714632,48.71274809504426],[15.136420760689282,48.689121352957365],[15.14607354749969,48.70584275802884],[15.17302346076499,48.710726786092266],[15.218308905888918,48.73720434098837],[15.235486190707704,48.75154503502358],[15.317303323006957,48.752024728418625],[15.33318330631994,48.77509171818493],[15.355087471805946,48.77389699954095],[15.401348953366497,48.77850191190156],[15.441328903323429,48.74201065572951],[15.43365998364452,48.7211012975741],[15.453134723132184,48.681955773373545],[15.425965069014143,48.67521312116801],[15.421399821922982,48.669453432316665],[15.471059656416179,48.643090269382604],[15.520204242778622,48.64570730169078],[15.525156604955995,48.63008555863587],[15.506694652009816,48.59825215750382],[15.43518152085588,48.617864563475656],[15.4135861282773,48.58744595672022],[15.360141136475754,48.58088528239179],[15.318261274118772,48.59992019832782],[15.305443061751914,48.58135881821724],[15.323868772683014,48.537293282156014],[15.306981725371866,48.52655663599859],[15.320469362242392,48.502805894726144],[15.284809658824399,48.46700970616533],[15.310569690065986,48.46419769465929],[15.328160051146583,48.43183139594998],[15.36249245208781,48.422259818252044],[15.363259710018967,48.401739594674844],[15.26780074947311,48.37444201374092],[15.260164963565613,48.37598713563723],[15.223362038093414,48.359901822285195],[15.172180991403135,48.3639486878605],[15.137214048892188,48.34538304241357]]]]}},{"type":"Feature","properties":{"code":"AT-401","name":"Stadt Linz","country":"AT","region":"Oberösterreich"},"geometry":{"type":"MultiPolygon","coordinates":[[[[14.321853698249644,48.212073338145316],[14.382909593148714,48.231383370977326],[14.40607927067362,48.24909703868354],[14.400886058916996,48.25776879439904],[14.341683762541594,48.2843181446367],[14.356593448627347,48.32529528638471],[14.34582547596526,48.34234914164563],[14.289191408446653,48.37869463245637],[14.288105171803693,48.377529892748655],[14.252692483692313,48.34228569115182],[14.254119096309203,48.32708413669093],[14.245425451004104,48.31052287533359],[14.259912584072618,48.24742736342335],[14.27885893398516,48.2348965447378],[14.321853698249644,48.212073338145316]]]]}},{"type":"Feature","properties":{"code":"AT-402","name":"Stadt Steyr","country":"AT","region":"Oberösterreich"},"geometry":{"type":"MultiPolygon","coordinates":[[[[14.413730111648784,48.024278037794716],[14.453328788357997,48.04373968089135],[14.456054223911236,48.07471409261751],[14.45511611401903,48.08939123399559],[14.407529440106751,48.076878556755815],[14.383560840711091,48.06076065512169],[14.374216975163995,48.044831137278265],[14.413730111648784,48.024278037794716]]]]}},{"type":"Feature","properties":{"code":"AT-403","name":"Stadt Wels","country":"AT","region":"Oberösterreich"},"geometry":{"type":"MultiPolygon","coordinates":[[[[13.9684625360367,48.126523832668234],[13.996706312376865,48.14259866423168],[14.051859819691693,48.158235256777836],[14.086739357247342,48.172235559076356],[14.07019415035776,48.1970624678412],[13.993644236338827,48.20615228549864],[13.96073249038987,48.183387737626965],[13.9684625360367,48.126523832668234]]]]}},{"type":"Feature","properties":{"code":"AT-404","name":"Braunau","country":"AT","region":"Oberösterreich"},"geometry":{"type":"MultiPolygon","coordinates":[[[[13.32829780053157,48.132609680561345],[13.321999101488018,48.107631054659976],[13.327250666464602,48.07005607147602],[13.301126898814976,48.00857637935583],[13.209901470411149,47.98317470618085],[13.20707267531659,47.979650150038374],[13.195874250533201,47.974880264576974],[13.142370975421642,47.97505273345684],[13.12144503777586,47.99688921221891],[13.101131942650055,47.997459459925935],[13.09995818793229,47.99826928865161],[13.054856938977494,48.01399941780563],[13.044399891734093,48.027968838524316],[13.044189302795095,48.03806907306838],[13.009492383988002,48.03721884633031],[12.986804806863335,48.02854596229712],[12.936698792726006,48.037115468453756],[12.935265163581597,48.0366690206478],[12.889187330800945,47.991719778098854],[12.857373111808512,47.99734890974755],[12.83118509068697,48.0287719771843],[12.767673450093653,48.06665677116696],[12.747826656014277,48.100304100647094],[12.790346772329324,48.13315744537651],[12.845252918438023,48.16856968273441],[12.870881070167139,48.203182106974296],[12.952378942158441,48.20967364184935],[13.015391671626906,48.25703851753609],[13.061375271190983,48.27004501197854],[13.139822670863945,48.28359704154739],[13.192688191200137,48.296170250328196],[13.199928988038362,48.26864047815608],[13.203782935423954,48.26341373656283],[13.253784164390385,48.27451360497754],[13.269368128848736,48.252576416659416],[13.317780930297765,48.24044796723855],[13.342173617882228,48.22344135726068],[13.333364916235785,48.21875037568333],[13.350192106001249,48.19762866054021],[13.32829780053157,48.132609680561345]]]]}},{"type":"Feature","properties":{"code":"AT-405","name":"Eferding","country":"AT","region":"Oberösterreich"},"geometry":{"type":"MultiPolygon","coordinates":[[[[14.063596770007386,48.320101494018154],[14.067879566739789,48.31896549137473],[14.142842150223375,48.3207667643157],[14.14191460802531,48.3158778610386],[14.16167565253705,48.27807450020016],[14.090171827701498,48.25623279747271],[14.0741751212985,48.248473272206994],[14.056218509061027,48.25247320641052],[13.988534753086363,48.237952379595654],[13.965066352055338,48.246619076569964],[13.928054700703694,48.247736268664745],[13.892410453817302,48.25270369110782],[13.880180756620199,48.279217254820466],[13.904633484737083,48.284744082505185],[13.852486951012436,48.291002942753224],[13.850542972000992,48.29537170279958],[13.908197268804415,48.339774755426625],[13.89506959136584,48.37302151430896],[13.915035129252026,48.39013305572289],[13.866451388986965,48.42661837124475],[13.851632504049615,48.449109606885116],[13.9158549802271,48.44982569155305],[13.940583559010454,48.404031512322156],[13.972770115697923,48.41986339272398],[13.976570501258552,48.42193646387314],[14.027495296265498,48.373884552918575],[14.019474495337601,48.354291787114306],[14.023035442894082,48.3388291387198],[14.063596770007386,48.320101494018154]]]]}},{"type":"Feature","properties":{"code":"AT-406","name":"Freistadt","country":"AT","region":"Oberösterreich"},"geometry":{"type":"MultiPolygon","coordinates":[[[[14.550384183709317,48.32461884332432],[14.515710434601601,48.31615154169056],[14.475134522956798,48.32889294564842],[14.457123492290359,48.35300698757873],[14.437723271703922,48.356717160556244],[14.429758886877517,48.36618309423548],[14.463611229187528,48.39637845171466],[14.41125715918873,48.43233459092581],[14.400303396507272,48.45840655169489],[14.397839301981769,48.4810785799375],[14.371897783193138,48.53002925698985],[14.370364674469778,48.53507363955587],[14.43353851690031,48.5429458321361],[14.390866619742345,48.57817399588618],[14.440767624693814,48.60484441715599],[14.471901256140397,48.644650018063714],[14.501203068003178,48.617915201286756],[14.552094269195178,48.60645558813764],[14.603578015697249,48.629287997532494],[14.623950449236242,48.60505470425649],[14.688226952664776,48.58500109238852],[14.733512866405684,48.553484172246414],[14.808355569985297,48.55445214731674],[14.872313402415301,48.52844246254901],[14.91817106851184,48.506423610629525],[14.874229757250031,48.46507772877569],[14.908937674498883,48.43537910048248],[14.925412208947593,48.424502749993884],[14.844640862306107,48.37088804487451],[14.78690946231193,48.337224996274585],[14.776115600989264,48.344121225508346],[14.733887575437818,48.33179352533729],[14.708894245498907,48.338607703556505],[14.675851810818452,48.31196104641615],[14.675141298765064,48.30988230827704],[14.638838714543937,48.3401298145436],[14.610808889604204,48.30298558128758],[14.569864203867729,48.30493517047874],[14.560547345629104,48.32154567621611],[14.550384183709317,48.32461884332432]]]]}},{"type":"Feature","properties":{"code":"AT-407","name":"Gmunden","country":"AT","region":"Oberösterreich"},"geometry":{"type":"MultiPolygon","coordinates":[[[[13.691787532748462,47.57998041592989],[13.732654022442613,47.57773034335252],[13.757865107283767,47.5210073854116],[13.74632626158727,47.50232005685372],[13.719754990487411,47.46281999761018],[13.605942430202054,47.47584573560712],[13.602876972006017,47.475896454616894],[13.582856450628059,47.47550827496876],[13.51336171370177,47.49721345287628],[13.47393478304975,47.531024630060806],[13.478469659926446,47.562433763605],[13.51747441347207,47.62388895672504],[13.487057210977767,47.63103549735677],[13.514140817579701,47.67624104126502],[13.548063967268417,47.71482345429212],[13.433469015572669,47.73925871047796],[13.462474874718307,47.7868595313544],[13.532580670419073,47.77684447891034],[13.574417065991874,47.762043903912655],[13.638378178817971,47.81570319984191],[13.612196506989223,47.825969649343705],[13.614894214776488,47.853337182884225],[13.649085698491351,47.8694643451985],[13.668712400602956,47.911393337394244],[13.70474614770435,47.928102931416106],[13.705922836963147,47.92998643664244],[13.741906887917272,47.959523680633794],[13.737561674326537,47.98140482962916],[13.792197146761085,47.99724847875317],[13.792033431998563,48.008068188090384],[13.809100704248808,48.0278949769389],[13.833036140406039,48.04728661327531],[13.846877562991223,48.0549279524299],[13.879274869216495,48.01505318323385],[13.919139715509735,48.030511594046416],[13.942017443590853,48.0318840935956],[13.984505951665874,48.00332722800628],[13.983167197778052,47.94891155560629],[13.975113031559385,47.91534482010983],[13.98910033897663,47.879939327290735],[14.076078993226636,47.86064801768646],[14.094995819614923,47.84566127308042],[14.001234275191159,47.78747150739344],[14.056201979155304,47.729825456283166],[14.007797462698619,47.70159791563943],[13.893114702931202,47.71818645283093],[13.857510045138977,47.7279221891866],[13.774852101100302,47.719032619853486],[13.70505213579654,47.65716240372051],[13.695703979460355,47.60275900602188],[13.691787532748462,47.57998041592989]]]]}},{"type":"Feature","properties":{"code":"AT-408","name":"Grieskirchen","country":"AT","region":"Oberösterreich"},"geometry":{"type":"MultiPolygon","coordinates":[[[[13.892410453817302,48.25270369110782],[13.928054700703694,48.247736268664745],[13.965066352055338,48.246619076569964],[13.988534753086363,48.237952379595654],[13.99088548735469,48.21810312989231],[13.927288204290294,48.214654159347184],[13.913485571336759,48.221631858238084],[13.906686911063607,48.21925230699017],[13.840294056518907,48.206089294366755],[13.870206818854934,48.16456418007795],[13.824578152735553,48.17522112116921],[13.801436506509921,48.14708141629376],[13.780343598370965,48.14963435232635],[13.769212272666172,48.127943751136016],[13.751179437072414,48.11875343954528],[13.70692850555215,48.1247401752032],[13.662592710990927,48.1285297128708],[13.661373058928143,48.12658222393785],[13.603378107021722,48.13329453290277],[13.604886912664437,48.14337942158003],[13.608940848319403,48.16967710257003],[13.608311385670255,48.20314028013195],[13.58196523029409,48.2138243446337],[13.581530921297066,48.226426998126264],[13.564885081039476,48.244184628023895],[13.588046923205143,48.25446267681008],[13.625270724395293,48.25135910515249],[13.647200108530958,48.26391952547863],[13.65125384161954,48.28574396454155],[13.66881104091461,48.305216237925514],[13.670919633964498,48.30576613796356],[13.70695979976777,48.314256842291485],[13.707648607383453,48.33346426449438],[13.712801456203533,48.33242833333629],[13.71392270182088,48.378209377160445],[13.701288413379014,48.386818169380724],[13.682398061771941,48.40766964921031],[13.693786011835215,48.43563572414357],[13.752012093775175,48.44003322608474],[13.77242622503034,48.438868910531596],[13.803843298678517,48.42122574333269],[13.837594465768015,48.41723864928788],[13.862579835522459,48.426498106379775],[13.866451388986965,48.42661837124475],[13.915035129252026,48.39013305572289],[13.89506959136584,48.37302151430896],[13.908197268804415,48.339774755426625],[13.850542972000992,48.29537170279958],[13.852486951012436,48.291002942753224],[13.904633484737083,48.284744082505185],[13.880180756620199,48.279217254820466],[13.892410453817302,48.25270369110782]]]]}},{"type":"Feature","properties":{"code":"AT-409","name":"Kirchdorf","country":"AT","region":"Oberösterreich"},"geometry":{"type":"MultiPolygon","coordinates":[[[[14.41805486150295,47.65728031640895],[14.388734994989315,47.636643741682384],[14.323597311082393,47.60825952976716],[14.261611978484815,47.61117896452449],[14.229754900473345,47.651335265305775],[14.202993128424746,47.65324349425967],[14.174786412508292,47.63865431978715],[14.090321147711409,47.620244800293115],[14.04797578242021,47.61786314553959],[14.045938276604826,47.63762832958257],[14.052627135407647,47.66859366683909],[14.007797462698619,47.70159791563943],[14.056201979155304,47.729825456283166],[14.001234275191159,47.78747150739344],[14.094995819614923,47.84566127308042],[14.076078993226636,47.86064801768646],[13.98910033897663,47.879939327290735],[13.975113031559385,47.91534482010983],[13.983167197778052,47.94891155560629],[13.984505951665874,48.00332722800628],[14.020363564578897,48.01385989618828],[14.035001106907016,48.05431034604018],[14.069927074877917,48.05141615550924],[14.0929804651293,48.07984896553522],[14.132577480306145,48.099253743645846],[14.18518865154863,48.07442370779339],[14.189007310573334,48.0543534116725],[14.178456970527439,48.03779095300023],[14.156459651903875,48.01897246878629],[14.175740697919256,47.99862194216022],[14.181769201950843,47.997371608107905],[14.216656469071237,47.97057607248227],[14.224988809563367,47.974706313703535],[14.265114970428886,47.9739796652323],[14.291755326003777,48.00392572874338],[14.314502382810058,47.964866880233004],[14.291527276807436,47.912716827915396],[14.357559666206656,47.90583912970701],[14.396758823327227,47.88361038959396],[14.389544400062976,47.82353354301879],[14.411573517595338,47.800071944688796],[14.466132417042308,47.77147461602683],[14.486935104502926,47.748139658507036],[14.46269753541878,47.70780563644347],[14.485769844431777,47.682746730614916],[14.441435979634011,47.656118020052254],[14.41805486150295,47.65728031640895]]]]}},{"type":"Feature","properties":{"code":"AT-410","name":"Linz-Land","country":"AT","region":"Oberösterreich"},"geometry":{"type":"MultiPolygon","coordinates":[[[[14.200608924630208,48.08460031795127],[14.18518865154863,48.07442370779339],[14.132577480306145,48.099253743645846],[14.15759340736557,48.11357731874256],[14.114481267542866,48.124835047832725],[14.145000343032365,48.15123990630456],[14.167086476248812,48.176319699308905],[14.151519325056649,48.1883178719956],[14.151322368158908,48.22088562680919],[14.11734494255898,48.22010299307363],[14.105812111747522,48.246996998635595],[14.090171827701498,48.25623279747271],[14.16167565253705,48.27807450020016],[14.14191460802531,48.3158778610386],[14.200875217842194,48.32207011410167],[14.230637757630781,48.30843556143329],[14.245425451004104,48.31052287533359],[14.259912584072618,48.24742736342335],[14.27885893398516,48.2348965447378],[14.321853698249644,48.212073338145316],[14.382909593148714,48.231383370977326],[14.40607927067362,48.24909703868354],[14.433616832188829,48.240035120130074],[14.437770523336136,48.24512294582458],[14.492249134541103,48.24437675379013],[14.518386993837433,48.238310752577775],[14.512754675251516,48.23476123119458],[14.47815826291343,48.202624776750156],[14.479323305252938,48.17919735664716],[14.480047265119381,48.172261697684455],[14.46511946673231,48.148296658581444],[14.490160602378694,48.11066844412551],[14.476249613684136,48.10511664536289],[14.420664123171743,48.12572159385165],[14.39417270999311,48.12922933245421],[14.39303088871559,48.133631042748895],[14.331514959261456,48.123941513137034],[14.325429893715823,48.11457408530451],[14.24709485372907,48.105454220034325],[14.237579970270039,48.087034223840575],[14.200608924630208,48.08460031795127]]]]}},{"type":"Feature","properties":{"code":"AT-411","name":"Perg","country":"AT","region":"Oberösterreich"},"geometry":{"type":"MultiPolygon","coordinates":[[[[14.9493765953804,48.21983256245666],[14.9713677938265,48.199533558138796],[14.959655590894204,48.2030813602234],[14.941654295692935,48.227976825078045],[14.882880860379144,48.23345935719385],[14.853860494650831,48.21202671893576],[14.837515898992754,48.19443533879205],[14.7662172367989,48.179814509183586],[14.75880317196169,48.178278333262355],[14.71249549298957,48.17936993754109],[14.685579357914088,48.15799181197546],[14.640839520032836,48.17594383171885],[14.620464597522956,48.191385824204254],[14.55807323829416,48.231687424757496],[14.518386993837433,48.238310752577775],[14.492249134541103,48.24437675379013],[14.437770523336136,48.24512294582458],[14.433616832188829,48.240035120130074],[14.40607927067362,48.24909703868354],[14.400886058916996,48.25776879439904],[14.414519879277455,48.30526993345564],[14.43993661518517,48.296838053163775],[14.479331556021261,48.30332989299864],[14.475134522956798,48.32889294564842],[14.515710434601601,48.31615154169056],[14.550384183709317,48.32461884332432],[14.560547345629104,48.32154567621611],[14.569864203867729,48.30493517047874],[14.610808889604204,48.30298558128758],[14.638838714543937,48.3401298145436],[14.675141298765064,48.30988230827704],[14.675851810818452,48.31196104641615],[14.708894245498907,48.338607703556505],[14.733887575437818,48.33179352533729],[14.776115600989264,48.344121225508346],[14.78690946231193,48.337224996274585],[14.844640862306107,48.37088804487451],[14.925412208947593,48.424502749993884],[14.95359394767566,48.392005112113246],[14.961661862276186,48.37921100464351],[14.944696456681836,48.334060909925796],[14.940899818669662,48.324346429341],[14.98229724223215,48.299809064582774],[14.989257710600386,48.25662772166145],[14.967176679359643,48.246454313680665],[14.9493765953804,48.21983256245666]]]]}},{"type":"Feature","properties":{"code":"AT-412","name":"Ried","country":"AT","region":"Oberösterreich"},"geometry":{"type":"MultiPolygon","coordinates":[[[[13.456450887770954,48.10761386339814],[13.447833392537289,48.10532299933654],[13.402137611174219,48.08551841008351],[13.38919695907692,48.05939564673658],[13.380145840124413,48.0519250268173],[13.350428182998623,48.05596446542103],[13.327250666464602,48.07005607147602],[13.321999101488018,48.107631054659976],[13.32829780053157,48.132609680561345],[13.350192106001249,48.19762866054021],[13.333364916235785,48.21875037568333],[13.342173617882228,48.22344135726068],[13.317780930297765,48.24044796723855],[13.269368128848736,48.252576416659416],[13.253784164390385,48.27451360497754],[13.203782935423954,48.26341373656283],[13.199928988038362,48.26864047815608],[13.192688191200137,48.296170250328196],[13.25088294137018,48.29386175367304],[13.311682411530184,48.31712769524386],[13.338548653413923,48.33239741106821],[13.341050019387982,48.33418792108856],[13.37125457639638,48.35717518435716],[13.405037671422647,48.37286534715562],[13.422609631032644,48.35339975659207],[13.421926434734651,48.34787578881114],[13.462290363985135,48.3349757219146],[13.497101673522156,48.33430708310219],[13.529045518926202,48.33250185552846],[13.55932860983894,48.32884709581104],[13.56780617150715,48.31010841150925],[13.606197138571849,48.29971608789816],[13.62489970493561,48.29115861010043],[13.588046923205143,48.25446267681008],[13.564885081039476,48.244184628023895],[13.581530921297066,48.226426998126264],[13.58196523029409,48.2138243446337],[13.608311385670255,48.20314028013195],[13.608940848319403,48.16967710257003],[13.604886912664437,48.14337942158003],[13.603378107021722,48.13329453290277],[13.579305172013468,48.115643738576516],[13.548789167139049,48.12047720758312],[13.524321166288445,48.115651285463215],[13.473630670118952,48.10698059992203],[13.456450887770954,48.10761386339814]]]]}},{"type":"Feature","properties":{"code":"AT-413","name":"Rohrbach","country":"AT","region":"Oberösterreich"},"geometry":{"type":"MultiPolygon","coordinates":[[[[14.078365160472572,48.41743780403058],[14.05083374258944,48.387253108630645],[14.027495296265498,48.373884552918575],[13.976570501258552,48.42193646387314],[13.972770115697923,48.41986339272398],[13.940583559010454,48.404031512322156],[13.9158549802271,48.44982569155305],[13.851632504049615,48.449109606885116],[13.866451388986965,48.42661837124475],[13.862579835522459,48.426498106379775],[13.786933671425706,48.46691438771567],[13.771829220505778,48.47442394120808],[13.724293960302278,48.51372234135987],[13.761501495250306,48.56131120555194],[13.798201945685692,48.57439244049023],[13.822976306837825,48.619325703855495],[13.814563703814196,48.6594152652378],[13.830810367795081,48.692603328274984],[13.834546973023194,48.700829893613104],[13.818321368921968,48.7552369829344],[13.874166490423294,48.76667507631359],[13.923547047315743,48.73539194920978],[13.973700672480517,48.71179319563461],[14.000496542507,48.70928357147841],[14.055060253195919,48.65843982022575],[14.00777687982591,48.64035473646379],[14.03940102613522,48.613557738746344],[14.092791744772713,48.59293951082102],[14.160742302808048,48.58993624174441],[14.153830731267908,48.564561842115424],[14.192020652440416,48.525059743052424],[14.1755631852643,48.50435994698514],[14.17673119957544,48.45802443144445],[14.130659783716043,48.436452083346865],[14.078365160472572,48.41743780403058]]]]}},{"type":"Feature","properties":{"code":"AT-414","name":"Schärding","country":"AT","region":"Oberösterreich"},"geometry":{"type":"MultiPolygon","coordinates":[[[[13.65125384161954,48.28574396454155],[13.647200108530958,48.26391952547863],[13.625270724395293,48.25135910515249],[13.588046923205143,48.25446267681008],[13.62489970493561,48.29115861010043],[13.606197138571849,48.29971608789816],[13.56780617150715,48.31010841150925],[13.55932860983894,48.32884709581104],[13.529045518926202,48.33250185552846],[13.497101673522156,48.33430708310219],[13.462290363985135,48.3349757219146],[13.421926434734651,48.34787578881114],[13.422609631032644,48.35339975659207],[13.405037671422647,48.37286534715562],[13.417363959519246,48.40073697627005],[13.433191830057275,48.42644131393122],[13.431445079844236,48.44582856081033],[13.436763053259218,48.479597690391955],[13.440462322656579,48.48596381248104],[13.44213347706727,48.528795266536655],[13.47228162522768,48.55669015613033],[13.508662244547365,48.591828028544256],[13.548703234276186,48.57148084298868],[13.638347253103191,48.55319978445303],[13.674360798678439,48.531203739405335],[13.724293960302278,48.51372234135987],[13.771829220505778,48.47442394120808],[13.786933671425706,48.46691438771567],[13.862579835522459,48.426498106379775],[13.837594465768015,48.41723864928788],[13.803843298678517,48.42122574333269],[13.77242622503034,48.438868910531596],[13.752012093775175,48.44003322608474],[13.693786011835215,48.43563572414357],[13.682398061771941,48.40766964921031],[13.701288413379014,48.386818169380724],[13.71392270182088,48.378209377160445],[13.712801456203533,48.33242833333629],[13.707648607383453,48.33346426449438],[13.70695979976777,48.314256842291485],[13.670919633964498,48.30576613796356],[13.66881104091461,48.305216237925514],[13.65125384161954,48.28574396454155]]]]}},{"type":"Feature","properties":{"code":"AT-415","name":"Steyr-Land","country":"AT","region":"Oberösterreich"},"geometry":{"type":"MultiPolygon","coordinates":[[[[14.707199855307106,47.85134395356477],[14.70908265136549,47.7907888318586],[14.73566808338259,47.749426793777985],[14.6941683957161,47.76650462689978],[14.643463521446574,47.726160420642856],[14.528885381761471,47.7143019672102],[14.485769844431777,47.682746730614916],[14.46269753541878,47.70780563644347],[14.486935104502926,47.748139658507036],[14.466132417042308,47.77147461602683],[14.411573517595338,47.800071944688796],[14.389544400062976,47.82353354301879],[14.396758823327227,47.88361038959396],[14.357559666206656,47.90583912970701],[14.291527276807436,47.912716827915396],[14.314502382810058,47.964866880233004],[14.291755326003777,48.00392572874338],[14.265114970428886,47.9739796652323],[14.224988809563367,47.974706313703535],[14.216656469071237,47.97057607248227],[14.181769201950843,47.997371608107905],[14.175740697919256,47.99862194216022],[14.156459651903875,48.01897246878629],[14.178456970527439,48.03779095300023],[14.189007310573334,48.0543534116725],[14.18518865154863,48.07442370779339],[14.200608924630208,48.08460031795127],[14.237579970270039,48.087034223840575],[14.24709485372907,48.105454220034325],[14.325429893715823,48.11457408530451],[14.331514959261456,48.123941513137034],[14.39303088871559,48.133631042748895],[14.39417270999311,48.12922933245421],[14.420664123171743,48.12572159385165],[14.476249613684136,48.10511664536289],[14.45511611401903,48.08939123399559],[14.407529440106751,48.076878556755815],[14.383560840711091,48.06076065512169],[14.374216975163995,48.044831137278265],[14.413730111648784,48.024278037794716],[14.453328788357997,48.04373968089135],[14.489303378556682,48.01155203960905],[14.552335912421619,47.98056368741308],[14.613423048698143,47.94880206559831],[14.646271824385098,47.942846942149735],[14.667816193597279,47.93544154897088],[14.725084760353196,47.935665590452615],[14.766758218261662,47.88031598057858],[14.759948034358755,47.87294189127239],[14.707199855307106,47.85134395356477]]]]}},{"type":"Feature","properties":{"code":"AT-416","name":"Urfahr-Umgebung","country":"AT","region":"Oberösterreich"},"geometry":{"type":"MultiPolygon","coordinates":[[[[14.414519879277455,48.30526993345564],[14.400886058916996,48.25776879439904],[14.341683762541594,48.2843181446367],[14.356593448627347,48.32529528638471],[14.34582547596526,48.34234914164563],[14.289191408446653,48.37869463245637],[14.288105171803693,48.377529892748655],[14.252692483692313,48.34228569115182],[14.254119096309203,48.32708413669093],[14.245425451004104,48.31052287533359],[14.230637757630781,48.30843556143329],[14.200875217842194,48.32207011410167],[14.14191460802531,48.3158778610386],[14.142842150223375,48.3207667643157],[14.067879566739789,48.31896549137473],[14.063596770007386,48.320101494018154],[14.023035442894082,48.3388291387198],[14.019474495337601,48.354291787114306],[14.027495296265498,48.373884552918575],[14.05083374258944,48.387253108630645],[14.078365160472572,48.41743780403058],[14.130659783716043,48.436452083346865],[14.17673119957544,48.45802443144445],[14.1755631852643,48.50435994698514],[14.192020652440416,48.525059743052424],[14.153830731267908,48.564561842115424],[14.160742302808048,48.58993624174441],[14.267600759754272,48.58169515407956],[14.330418283185368,48.55252643335807],[14.33862381175925,48.55538478799617],[14.390866619742345,48.57817399588618],[14.43353851690031,48.5429458321361],[14.370364674469778,48.53507363955587],[14.371897783193138,48.53002925698985],[14.397839301981769,48.4810785799375],[14.400303396507272,48.45840655169489],[14.41125715918873,48.43233459092581],[14.463611229187528,48.39637845171466],[14.429758886877517,48.36618309423548],[14.437723271703922,48.356717160556244],[14.457123492290359,48.35300698757873],[14.475134522956798,48.32889294564842],[14.479331556021261,48.30332989299864],[14.43993661518517,48.296838053163775],[14.414519879277455,48.30526993345564]]]]}},{"type":"Feature","properties":{"code":"AT-417","name":"Vöcklabruck","country":"AT","region":"Oberösterreich"},"geometry":{"type":"MultiPolygon","coordinates":[[[[13.614894214776488,47.853337182884225],[13.612196506989223,47.825969649343705],[13.638378178817971,47.81570319984191],[13.574417065991874,47.762043903912655],[13.532580670419073,47.77684447891034],[13.5266703981245,47.797732246245786],[13.44761088071781,47.804451135674846],[13.395275767028675,47.79860057191996],[13.348156258606874,47.810649045104206],[13.309401296692693,47.8135364131342],[13.290325527302539,47.86446689504523],[13.267308525551996,47.89213552582762],[13.278323565236123,47.90534293936875],[13.27748367233546,47.95542212434089],[13.30473321992954,47.96472179538623],[13.355740647248055,47.940468302241094],[13.360320994161707,47.94478873157334],[13.368852912648117,47.9726880695492],[13.301126898814976,48.00857637935583],[13.327250666464602,48.07005607147602],[13.350428182998623,48.05596446542103],[13.380145840124413,48.0519250268173],[13.38919695907692,48.05939564673658],[13.402137611174219,48.08551841008351],[13.447833392537289,48.10532299933654],[13.456450887770954,48.10761386339814],[13.473630670118952,48.10698059992203],[13.524321166288445,48.115651285463215],[13.548789167139049,48.12047720758312],[13.579305172013468,48.115643738576516],[13.603378107021722,48.13329453290277],[13.661373058928143,48.12658222393785],[13.662592710990927,48.1285297128708],[13.70692850555215,48.1247401752032],[13.751179437072414,48.11875343954528],[13.784220298461369,48.103150863058495],[13.79327052890723,48.10389544403101],[13.819870993101617,48.07798815796509],[13.823464750483442,48.07850126626786],[13.833036140406039,48.04728661327531],[13.809100704248808,48.0278949769389],[13.792033431998563,48.008068188090384],[13.792197146761085,47.99724847875317],[13.737561674326537,47.98140482962916],[13.741906887917272,47.959523680633794],[13.705922836963147,47.92998643664244],[13.70474614770435,47.928102931416106],[13.668712400602956,47.911393337394244],[13.649085698491351,47.8694643451985],[13.614894214776488,47.853337182884225]]]]}},{"type":"Feature","properties":{"code":"AT-418","name":"Wels-Land","country":"AT","region":"Oberösterreich"},"geometry":{"type":"MultiPolygon","coordinates":[[[[14.035001106907016,48.05431034604018],[14.020363564578897,48.01385989618828],[13.984505951665874,48.00332722800628],[13.942017443590853,48.0318840935956],[13.919139715509735,48.030511594046416],[13.879274869216495,48.01505318323385],[13.846877562991223,48.0549279524299],[13.833036140406039,48.04728661327531],[13.823464750483442,48.07850126626786],[13.819870993101617,48.07798815796509],[13.79327052890723,48.10389544403101],[13.784220298461369,48.103150863058495],[13.751179437072414,48.11875343954528],[13.769212272666172,48.127943751136016],[13.780343598370965,48.14963435232635],[13.801436506509921,48.14708141629376],[13.824578152735553,48.17522112116921],[13.870206818854934,48.16456418007795],[13.840294056518907,48.206089294366755],[13.906686911063607,48.21925230699017],[13.913485571336759,48.221631858238084],[13.927288204290294,48.214654159347184],[13.99088548735469,48.21810312989231],[13.988534753086363,48.237952379595654],[14.056218509061027,48.25247320641052],[14.0741751212985,48.248473272206994],[14.090171827701498,48.25623279747271],[14.105812111747522,48.246996998635595],[14.11734494255898,48.22010299307363],[14.151322368158908,48.22088562680919],[14.151519325056649,48.1883178719956],[14.167086476248812,48.176319699308905],[14.145000343032365,48.15123990630456],[14.114481267542866,48.124835047832725],[14.15759340736557,48.11357731874256],[14.132577480306145,48.099253743645846],[14.0929804651293,48.07984896553522],[14.069927074877917,48.05141615550924],[14.035001106907016,48.05431034604018]],[[13.9684625360367,48.126523832668234],[13.996706312376865,48.14259866423168],[14.051859819691693,48.158235256777836],[14.086739357247342,48.172235559076356],[14.07019415035776,48.1970624678412],[13.993644236338827,48.20615228549864],[13.96073249038987,48.183387737626965],[13.9684625360367,48.126523832668234]]]]}},{"type":"Feature","properties":{"code":"AT-501","name":"Salzburg (Stadt)","country":"AT","region":"Salzburg"},"geometry":{"type":"MultiPolygon","coordinates":[[[[13.07627984697276,47.75575691037381],[13.123926123373806,47.80284230370901],[13.085480104799604,47.82810484366947],[13.057134826412398,47.84341600582794],[12.998581847888278,47.85510337499348],[12.986257062250298,47.83267212381816],[12.99891134541159,47.762137537267],[13.046008466812753,47.76052954551316],[13.07627984697276,47.75575691037381]]]]}},{"type":"Feature","properties":{"code":"AT-502","name":"Hallein","country":"AT","region":"Salzburg"},"geometry":{"type":"MultiPolygon","coordinates":[[[[13.47393478304975,47.531024630060806],[13.51336171370177,47.49721345287628],[13.432959071351565,47.45910702285997],[13.418686556961298,47.46188377357508],[13.364834408770609,47.51926465654406],[13.295750928382182,47.513342190637225],[13.269347418097146,47.53500604884919],[13.23168610691453,47.530715709474215],[13.20852123142577,47.5485051704124],[13.163614555459189,47.55467752506123],[13.0961969629915,47.516836998213996],[13.043245063668714,47.521212831363364],[13.068698231612442,47.59060827180462],[13.095138628499006,47.634426505171646],[13.075814245585148,47.68867507656984],[13.043132293801934,47.713407424860314],[13.049217738392537,47.724677396905555],[13.080087166809372,47.73195832416544],[13.078294669909212,47.74421066563173],[13.153753371114513,47.75969984595827],[13.169225441314508,47.75340596694338],[13.192262534971979,47.76653917957567],[13.200344495318227,47.74924820646661],[13.230329034671831,47.72792381230772],[13.253364378479608,47.69156814424641],[13.296090533211775,47.67536027978816],[13.325874771821356,47.67979592568307],[13.332437165710028,47.676404166786696],[13.425987446933648,47.6568430731059],[13.446731309212476,47.635788715960125],[13.487057210977767,47.63103549735677],[13.51747441347207,47.62388895672504],[13.478469659926446,47.562433763605],[13.47393478304975,47.531024630060806]]]]}},{"type":"Feature","properties":{"code":"AT-503","name":"Salzburg-Umgebung","country":"AT","region":"Salzburg"},"geometry":{"type":"MultiPolygon","coordinates":[[[[13.433469015572669,47.73925871047796],[13.548063967268417,47.71482345429212],[13.514140817579701,47.67624104126502],[13.487057210977767,47.63103549735677],[13.446731309212476,47.635788715960125],[13.425987446933648,47.6568430731059],[13.332437165710028,47.676404166786696],[13.325874771821356,47.67979592568307],[13.296090533211775,47.67536027978816],[13.253364378479608,47.69156814424641],[13.230329034671831,47.72792381230772],[13.200344495318227,47.74924820646661],[13.192262534971979,47.76653917957567],[13.169225441314508,47.75340596694338],[13.153753371114513,47.75969984595827],[13.078294669909212,47.74421066563173],[13.080087166809372,47.73195832416544],[13.049217738392537,47.724677396905555],[13.043132293801934,47.713407424860314],[12.984388964825083,47.708121198638366],[12.930368321934951,47.71025461386205],[12.940655718630108,47.76361507204281],[12.986257062250298,47.83267212381816],[12.99891134541159,47.762137537267],[13.046008466812753,47.76052954551316],[13.07627984697276,47.75575691037381],[13.123926123373806,47.80284230370901],[13.085480104799604,47.82810484366947],[13.057134826412398,47.84341600582794],[12.998581847888278,47.85510337499348],[12.984790236493808,47.869900339367774],[12.963649379017989,47.90137425902917],[12.936454197863693,47.93736666165952],[12.917879824205455,47.951591297071886],[12.868304939173719,47.96714218663524],[12.857373111808512,47.99734890974755],[12.889187330800945,47.991719778098854],[12.935265163581597,48.0366690206478],[12.936698792726006,48.037115468453756],[12.986804806863335,48.02854596229712],[13.009492383988002,48.03721884633031],[13.044189302795095,48.03806907306838],[13.044399891734093,48.027968838524316],[13.054856938977494,48.01399941780563],[13.09995818793229,47.99826928865161],[13.101131942650055,47.997459459925935],[13.12144503777586,47.99688921221891],[13.142370975421642,47.97505273345684],[13.195874250533201,47.974880264576974],[13.20707267531659,47.979650150038374],[13.209901470411149,47.98317470618085],[13.301126898814976,48.00857637935583],[13.368852912648117,47.9726880695492],[13.360320994161707,47.94478873157334],[13.355740647248055,47.940468302241094],[13.30473321992954,47.96472179538623],[13.27748367233546,47.95542212434089],[13.278323565236123,47.90534293936875],[13.267308525551996,47.89213552582762],[13.290325527302539,47.86446689504523],[13.309401296692693,47.8135364131342],[13.348156258606874,47.810649045104206],[13.395275767028675,47.79860057191996],[13.44761088071781,47.804451135674846],[13.5266703981245,47.797732246245786],[13.532580670419073,47.77684447891034],[13.462474874718307,47.7868595313544],[13.433469015572669,47.73925871047796]]]]}},{"type":"Feature","properties":{"code":"AT-504","name":"Sankt Johann im Pongau","country":"AT","region":"Salzburg"},"geometry":{"type":"MultiPolygon","coordinates":[[[[13.274503599910444,47.095862267896415],[13.245313561168297,47.05128768878815],[13.077521976587828,47.02752186224722],[13.070207373241482,47.01412404171541],[13.000275721836859,47.04458431950818],[13.035091258160096,47.09117372332456],[13.019587435954412,47.14834540029703],[13.040762936412882,47.193962887976355],[13.037763946200084,47.24626522382144],[13.07341147495621,47.287965593032126],[13.06143255948541,47.297809096471696],[13.03142918335228,47.30542208934082],[13.025185134121399,47.32783834113684],[13.062715779161588,47.36016255054399],[13.040071627398435,47.37150965159755],[13.050281203281688,47.42095078189743],[13.015056978575542,47.4753883664406],[13.043245063668714,47.521212831363364],[13.0961969629915,47.516836998213996],[13.163614555459189,47.55467752506123],[13.20852123142577,47.5485051704124],[13.23168610691453,47.530715709474215],[13.269347418097146,47.53500604884919],[13.295750928382182,47.513342190637225],[13.364834408770609,47.51926465654406],[13.418686556961298,47.46188377357508],[13.432959071351565,47.45910702285997],[13.51336171370177,47.49721345287628],[13.582856450628059,47.47550827496876],[13.561322502595704,47.41877795531392],[13.561746557279987,47.41739787895367],[13.569492539300748,47.39381056606523],[13.596895659286297,47.341409015053536],[13.605134010473964,47.28409682834876],[13.577278536032695,47.266543262848245],[13.576410706703882,47.256627853752335],[13.481471092095875,47.22899300265428],[13.451861095172424,47.218135465451326],[13.369106613519358,47.2171867894474],[13.314979077097561,47.15969239983027],[13.333283094530044,47.143874531048446],[13.35170799917132,47.09781536481606],[13.274503599910444,47.095862267896415]]]]}},{"type":"Feature","properties":{"code":"AT-505","name":"Tamsweg","country":"AT","region":"Salzburg"},"geometry":{"type":"MultiPolygon","coordinates":[[[[13.798352103631528,46.951844674621924],[13.781858253483055,46.944566726240176],[13.768931487558667,46.97779355575246],[13.696406737061356,47.00399643062416],[13.683729312368797,47.04052982514287],[13.634826979627563,47.056210337271956],[13.591419662691269,47.056673264809525],[13.424763290456012,47.0820862928719],[13.403554866604855,47.06996352363297],[13.35170799917132,47.09781536481606],[13.333283094530044,47.143874531048446],[13.314979077097561,47.15969239983027],[13.369106613519358,47.2171867894474],[13.451861095172424,47.218135465451326],[13.481471092095875,47.22899300265428],[13.576410706703882,47.256627853752335],[13.577278536032695,47.266543262848245],[13.605134010473964,47.28409682834876],[13.693014143657168,47.26079573074071],[13.709056671941815,47.26021105480682],[13.757832871689208,47.266979618653856],[13.822535502019646,47.29391075928638],[13.86137413022891,47.252877782610945],[13.861939615717835,47.22064419930689],[13.939942624981187,47.16710273135776],[13.99009642683173,47.1429496672736],[13.985012729848352,47.12781112252956],[13.932850541084347,47.13580419887789],[13.875611432150723,47.10107458962025],[13.903967588488547,47.0708202774534],[13.829007172764317,46.96615800830227],[13.798352103631528,46.951844674621924]]]]}},{"type":"Feature","properties":{"code":"AT-506","name":"Zell am See","country":"AT","region":"Salzburg"},"geometry":{"type":"MultiPolygon","coordinates":[[[[13.037763946200084,47.24626522382144],[13.040762936412882,47.193962887976355],[13.019587435954412,47.14834540029703],[13.035091258160096,47.09117372332456],[13.000275721836859,47.04458431950818],[12.982537409143534,47.036315422559284],[12.950189502492924,47.0499694167178],[12.934473141851598,47.07671988824226],[12.817464537284497,47.09837715608704],[12.736033033360467,47.10102981945141],[12.728080438914334,47.13170610856031],[12.663320495046412,47.12354691699273],[12.654016066248188,47.100231353836485],[12.5894168444659,47.12558674595656],[12.563556470390875,47.136739497405685],[12.48070043046074,47.15855964154146],[12.462736611250595,47.14506846369805],[12.396701690532645,47.15351595995203],[12.360454539252105,47.142098997698724],[12.342795704847681,47.10998476028861],[12.280957414203254,47.09326480647793],[12.237924613286085,47.069884004190115],[12.183138449276436,47.09286179526465],[12.133192576151718,47.08138357679902],[12.090447365445778,47.14676824315532],[12.0799689120931,47.196434418696505],[12.107262767387029,47.24110464334159],[12.075754696908119,47.27589522045737],[12.11172562405633,47.307158890850715],[12.161804090720976,47.30225548421314],[12.21616138062162,47.31184493836425],[12.25187573191091,47.30867861955565],[12.261297429832275,47.302924956931115],[12.29368730421171,47.32880364491527],[12.33243725497615,47.32923161071505],[12.37177067497208,47.31202262451423],[12.47549976642619,47.32710774589435],[12.492393544557732,47.33812330074012],[12.476154094388688,47.368943885527884],[12.503274276420276,47.394842678075356],[12.542482549397553,47.39875406995694],[12.575794307927712,47.39321028987878],[12.621757739986972,47.42322767010251],[12.629478377239565,47.432807492676346],[12.629463336415112,47.465777514603346],[12.696777382304528,47.47859809099986],[12.662316157261458,47.506781030711906],[12.651318336612611,47.53748228560774],[12.62535195417081,47.55025842621544],[12.650732825987651,47.588739771087816],[12.571713210946912,47.60570124217504],[12.572213000152678,47.63302734283744],[12.600584094360492,47.67292687273303],[12.663274400481706,47.681752463021496],[12.742010996435436,47.67647165646622],[12.786886172366993,47.63393170802258],[12.788515205985565,47.5990781803635],[12.776444015382088,47.57999669054089],[12.783545828560367,47.5687317828688],[12.881657514824614,47.513466587663615],[12.929111962535124,47.488461701056174],[12.99824236041834,47.46472201900445],[13.015056978575542,47.4753883664406],[13.050281203281688,47.42095078189743],[13.040071627398435,47.37150965159755],[13.062715779161588,47.36016255054399],[13.025185134121399,47.32783834113684],[13.03142918335228,47.30542208934082],[13.06143255948541,47.297809096471696],[13.07341147495621,47.287965593032126],[13.037763946200084,47.24626522382144]]]]}},{"type":"Feature","properties":{"code":"AT-601","name":"Graz (Stadt)","country":"AT","region":"Steiermark"},"geometry":{"type":"MultiPolygon","coordinates":[[[[15.370358824991516,47.023750132542055],[15.438078208264619,47.01658124042232],[15.458014705661483,47.01259053489864],[15.485850038788842,47.02138601884752],[15.50146448091783,47.04089663593827],[15.504801439548059,47.07480714671962],[15.518408474553034,47.12084188574363],[15.435075637860125,47.128866441090636],[15.394742092871985,47.13307618045754],[15.356417951205827,47.12019459513988],[15.34813504771036,47.10199786187808],[15.357254564376325,47.052153443432225],[15.370358824991516,47.023750132542055]]]]}},{"type":"Feature","properties":{"code":"AT-603","name":"Deutschlandsberg","country":"AT","region":"Steiermark"},"geometry":{"type":"MultiPolygon","coordinates":[[[[15.062313842013335,46.65277657493685],[15.021723960006229,46.67044019676584],[15.039478767649438,46.72158463624366],[15.028749900382708,46.746421499326736],[14.993871884429375,46.78153279916539],[14.973464266422333,46.785491239529],[15.016832434338669,46.844960815216176],[15.005425055975238,46.880570359407294],[15.012112493120615,46.881946353479314],[15.024207631891255,46.910440804398895],[15.072916318959377,46.91781777292597],[15.11318066511762,46.92862815312841],[15.116057575517882,46.9377166044023],[15.12897968368797,46.96254158840195],[15.170604350399092,46.950667394260286],[15.21686854810755,46.96359582363844],[15.250334576283377,46.96952071859483],[15.291045618049772,46.949160584157234],[15.311021917417559,46.973313269530266],[15.345367447605936,46.95391412572518],[15.34595795865063,46.92519244866036],[15.374849983934302,46.904344943036385],[15.41119601055536,46.87854016053491],[15.427110034328358,46.849471222789525],[15.424362884345785,46.848858889945106],[15.40572088248234,46.8234267879425],[15.37102403843279,46.79938487623144],[15.344968364871503,46.77778962093634],[15.338612933505194,46.772795665204534],[15.33553858755048,46.732448824765626],[15.335625819568962,46.73061364663081],[15.319454251691676,46.69972076075366],[15.305197043876301,46.6531438691042],[15.23311517595507,46.64009200845612],[15.179858196910967,46.65672814158692],[15.062313842013335,46.65277657493685]]]]}},{"type":"Feature","properties":{"code":"AT-606","name":"Graz-Umgebung","country":"AT","region":"Steiermark"},"geometry":{"type":"MultiPolygon","coordinates":[[[[15.539671824325909,46.98555905511978],[15.543759342196754,46.977781032643065],[15.516959263512877,46.92154576607811],[15.48364684915637,46.911220649778436],[15.476315968352699,46.91335687170247],[15.447104726638795,46.90552687401576],[15.425387774205584,46.88169420642539],[15.41119601055536,46.87854016053491],[15.374849983934302,46.904344943036385],[15.34595795865063,46.92519244866036],[15.345367447605936,46.95391412572518],[15.311021917417559,46.973313269530266],[15.295318388471372,46.98313577040113],[15.309450440079093,46.994246878771015],[15.257462686176414,47.02685703721573],[15.262222247024408,47.03600936458544],[15.259824777777116,47.045564264204174],[15.254814447281628,47.05130144021845],[15.223330576460063,47.08715903959423],[15.216361396343071,47.084484623684965],[15.186339633489242,47.11778020793307],[15.182226069675059,47.16891865659044],[15.158958450057181,47.20346172653352],[15.109284786066356,47.207844007522475],[15.050035751752247,47.21201910270441],[15.045615664683202,47.22773106203317],[15.0950426483738,47.26238826646055],[15.14424768774201,47.28184030055784],[15.157020377007122,47.2848270269387],[15.228490409132267,47.33796122504165],[15.240178910860456,47.34399396634964],[15.282778912756237,47.34287698815748],[15.336881125755772,47.31288973501741],[15.3939221937787,47.31291742535848],[15.410910052674017,47.2847939031401],[15.463457649524443,47.26227534863791],[15.435005689265456,47.25167872025794],[15.462681716391637,47.1991684337112],[15.484355271050296,47.20688861757493],[15.505566406839247,47.1910744193285],[15.585075890511183,47.19102467722218],[15.587354408368835,47.18952318044406],[15.580161541093839,47.16861896971548],[15.621302904568005,47.14289647488175],[15.655487153596315,47.1250422780985],[15.630964185291845,47.09089441703739],[15.629840709139163,47.08963445769552],[15.674315641003489,47.05888495441262],[15.681772529192704,47.03087373491898],[15.721913813451861,47.02561698451708],[15.67966638563203,46.98101078928558],[15.646571705855257,46.98437211548258],[15.61333479434136,47.00336077216135],[15.615974759072763,47.01182241809837],[15.584666233515584,47.019709858167325],[15.549111631485909,46.992708015844194],[15.539671824325909,46.98555905511978]],[[15.357254564376325,47.052153443432225],[15.370358824991516,47.023750132542055],[15.438078208264619,47.01658124042232],[15.458014705661483,47.01259053489864],[15.485850038788842,47.02138601884752],[15.50146448091783,47.04089663593827],[15.504801439548059,47.07480714671962],[15.518408474553034,47.12084188574363],[15.435075637860125,47.128866441090636],[15.394742092871985,47.13307618045754],[15.356417951205827,47.12019459513988],[15.34813504771036,47.10199786187808],[15.357254564376325,47.052153443432225]]]]}},{"type":"Feature","properties":{"code":"AT-610","name":"Leibnitz","country":"AT","region":"Steiermark"},"geometry":{"type":"MultiPolygon","coordinates":[[[[15.682163076238568,46.83093180669556],[15.684421854199604,46.7838498277115],[15.714839292333348,46.78249864017489],[15.747882103713813,46.76460274315171],[15.715139621393833,46.72403496175296],[15.749649088414047,46.69867313405675],[15.671143464648242,46.70769892036839],[15.611752080737702,46.6828740150043],[15.567357317663744,46.68161490896958],[15.543483174661946,46.67085858678629],[15.540751620293973,46.6329194776281],[15.47005564365718,46.61270289994332],[15.446856573597634,46.64304530357307],[15.38009834434934,46.652329541572676],[15.305197043876301,46.6531438691042],[15.319454251691676,46.69972076075366],[15.335625819568962,46.73061364663081],[15.33553858755048,46.732448824765626],[15.338612933505194,46.772795665204534],[15.344968364871503,46.77778962093634],[15.37102403843279,46.79938487623144],[15.40572088248234,46.8234267879425],[15.424362884345785,46.848858889945106],[15.427110034328358,46.849471222789525],[15.41119601055536,46.87854016053491],[15.425387774205584,46.88169420642539],[15.447104726638795,46.90552687401576],[15.476315968352699,46.91335687170247],[15.48364684915637,46.911220649778436],[15.516959263512877,46.92154576607811],[15.543759342196754,46.977781032643065],[15.539671824325909,46.98555905511978],[15.549111631485909,46.992708015844194],[15.584666233515584,47.019709858167325],[15.615974759072763,47.01182241809837],[15.61333479434136,47.00336077216135],[15.592463608764257,46.97862624206781],[15.59602119459217,46.93125353576091],[15.6054881186548,46.90143471293436],[15.640333823649039,46.89741266809268],[15.662268941011618,46.88759722763881],[15.688742473371498,46.863183660579516],[15.687636795102575,46.854047186096],[15.682163076238568,46.83093180669556]]]]}},{"type":"Feature","properties":{"code":"AT-611","name":"Leoben","country":"AT","region":"Steiermark"},"geometry":{"type":"MultiPolygon","coordinates":[[[[15.0950426483738,47.26238826646055],[15.045615664683202,47.22773106203317],[14.98100600818187,47.282869287654165],[14.940804981880799,47.30096302688831],[14.931000437806228,47.282706315505834],[14.902914537153286,47.29691853119738],[14.860986791352074,47.35158986734252],[14.782894504287253,47.36932410051426],[14.749706916812212,47.34411732380596],[14.679348914873072,47.36404197317459],[14.610922228484828,47.37933882769599],[14.600141688645088,47.42751270157827],[14.626701085394151,47.44594438912061],[14.631897123468834,47.49449654208253],[14.663415338293273,47.4972788590451],[14.722592385836753,47.55581447578093],[14.769014571926968,47.58338868428804],[14.809864642462752,47.551258391273194],[14.828965880681302,47.59146081616276],[14.911017668616475,47.61520354674392],[14.951197732993178,47.599574270693864],[14.974842827772264,47.54269090944383],[14.983885965436063,47.53659305977631],[15.036476157124767,47.52714609302944],[15.05327553032039,47.4723745799619],[15.107487568034257,47.439441058823775],[15.158094509052335,47.44365919812833],[15.174756186202838,47.404097615766915],[15.196751283603717,47.360064900552636],[15.228490409132267,47.33796122504165],[15.157020377007122,47.2848270269387],[15.14424768774201,47.28184030055784],[15.0950426483738,47.26238826646055]]]]}},{"type":"Feature","properties":{"code":"AT-612","name":"Liezen","country":"AT","region":"Steiermark"},"geometry":{"type":"MultiPolygon","coordinates":[[[[13.822535502019646,47.29391075928638],[13.757832871689208,47.266979618653856],[13.709056671941815,47.26021105480682],[13.693014143657168,47.26079573074071],[13.605134010473964,47.28409682834876],[13.596895659286297,47.341409015053536],[13.569492539300748,47.39381056606523],[13.561746557279987,47.41739787895367],[13.561322502595704,47.41877795531392],[13.582856450628059,47.47550827496876],[13.602876972006017,47.475896454616894],[13.605942430202054,47.47584573560712],[13.719754990487411,47.46281999761018],[13.74632626158727,47.50232005685372],[13.757865107283767,47.5210073854116],[13.732654022442613,47.57773034335252],[13.691787532748462,47.57998041592989],[13.695703979460355,47.60275900602188],[13.70505213579654,47.65716240372051],[13.774852101100302,47.719032619853486],[13.857510045138977,47.7279221891866],[13.893114702931202,47.71818645283093],[14.007797462698619,47.70159791563943],[14.052627135407647,47.66859366683909],[14.045938276604826,47.63762832958257],[14.04797578242021,47.61786314553959],[14.090321147711409,47.620244800293115],[14.174786412508292,47.63865431978715],[14.202993128424746,47.65324349425967],[14.229754900473345,47.651335265305775],[14.261611978484815,47.61117896452449],[14.323597311082393,47.60825952976716],[14.388734994989315,47.636643741682384],[14.41805486150295,47.65728031640895],[14.441435979634011,47.656118020052254],[14.485769844431777,47.682746730614916],[14.528885381761471,47.7143019672102],[14.643463521446574,47.726160420642856],[14.6941683957161,47.76650462689978],[14.73566808338259,47.749426793777985],[14.764254891795062,47.7270126926241],[14.815521484791581,47.74490961049843],[14.85526693611768,47.7411939788452],[14.898419706847834,47.711530267676075],[14.970044350325894,47.744303408961784],[15.031926069993437,47.75344200233826],[15.086457681336192,47.74217222908681],[15.064461143259196,47.652056117972855],[15.071316621311677,47.634028098344686],[15.05150687796206,47.60811519988396],[14.951197732993178,47.599574270693864],[14.911017668616475,47.61520354674392],[14.828965880681302,47.59146081616276],[14.809864642462752,47.551258391273194],[14.769014571926968,47.58338868428804],[14.722592385836753,47.55581447578093],[14.663415338293273,47.4972788590451],[14.631897123468834,47.49449654208253],[14.626701085394151,47.44594438912061],[14.600141688645088,47.42751270157827],[14.509486974051294,47.46282464266437],[14.473444694294727,47.46840482874094],[14.396240912301282,47.456200380474414],[14.397502565934891,47.439628221629896],[14.373391028844246,47.420771954764966],[14.238141602587786,47.37651721317476],[14.231631601412381,47.370884331735056],[14.224802163515282,47.32983826081114],[14.188298766696265,47.30457048600063],[14.137993238041524,47.297297344134215],[14.109509716489523,47.2685016558708],[14.095630383082634,47.263445539536704],[14.044549411798373,47.28953541063603],[14.010009173553332,47.26294124025778],[13.97142220146409,47.26906825067035],[13.927643808367716,47.249409955531554],[13.86137413022891,47.252877782610945],[13.822535502019646,47.29391075928638]]]]}},{"type":"Feature","properties":{"code":"AT-614","name":"Murau","country":"AT","region":"Steiermark"},"geometry":{"type":"MultiPolygon","coordinates":[[[[13.94391568309175,46.941339953575834],[13.879060825088889,46.91852569455783],[13.812548725751137,46.91922079716213],[13.781858253483055,46.944566726240176],[13.798352103631528,46.951844674621924],[13.829007172764317,46.96615800830227],[13.903967588488547,47.0708202774534],[13.875611432150723,47.10107458962025],[13.932850541084347,47.13580419887789],[13.985012729848352,47.12781112252956],[13.99009642683173,47.1429496672736],[13.939942624981187,47.16710273135776],[13.861939615717835,47.22064419930689],[13.86137413022891,47.252877782610945],[13.927643808367716,47.249409955531554],[13.97142220146409,47.26906825067035],[14.010009173553332,47.26294124025778],[14.044549411798373,47.28953541063603],[14.095630383082634,47.263445539536704],[14.109509716489523,47.2685016558708],[14.137993238041524,47.297297344134215],[14.188298766696265,47.30457048600063],[14.224802163515282,47.32983826081114],[14.264045336519715,47.31778418634625],[14.329556856474904,47.27037983645483],[14.368897873640156,47.267825507011324],[14.386840192949492,47.2254444535905],[14.389923453044092,47.186626931566835],[14.43874107399769,47.16373634267019],[14.478932798349009,47.168387664055466],[14.511900066760102,47.15859330941327],[14.54407943690742,47.114465365893665],[14.537299069636154,47.1103526758172],[14.557182976843292,47.07246253121606],[14.557600631229134,47.06864803820231],[14.583124270383646,47.0124232984338],[14.4690500355669,47.00841794284422],[14.42739604891257,47.00118650442543],[14.327397088037056,47.02984590762905],[14.234893334266026,47.02906133305401],[14.232236104985565,47.02653071848637],[14.19962181928544,47.0766044867391],[14.158799840554162,47.05312008248935],[14.129757610613044,47.06305077344774],[14.076338288515274,47.02273881391121],[14.013625887190985,46.989780922491505],[13.965353819946968,46.96375750198801],[13.94391568309175,46.941339953575834]]]]}},{"type":"Feature","properties":{"code":"AT-616","name":"Voitsberg","country":"AT","region":"Steiermark"},"geometry":{"type":"MultiPolygon","coordinates":[[[[15.295318388471372,46.98313577040113],[15.311021917417559,46.973313269530266],[15.291045618049772,46.949160584157234],[15.250334576283377,46.96952071859483],[15.21686854810755,46.96359582363844],[15.170604350399092,46.950667394260286],[15.12897968368797,46.96254158840195],[15.116057575517882,46.9377166044023],[15.11318066511762,46.92862815312841],[15.072916318959377,46.91781777292597],[15.024207631891255,46.910440804398895],[14.964149997281826,46.982472194636294],[14.882741006492154,47.01187740670246],[14.84417882509954,47.03364454740318],[14.841676489061658,47.048805304818195],[14.847598682564062,47.0560839912134],[14.880473791548441,47.084929762549166],[14.910702484275422,47.07310806605616],[14.91500021488927,47.09014776329078],[14.941561115565678,47.155030527333345],[14.979011588839814,47.17572160019836],[15.050035751752247,47.21201910270441],[15.109284786066356,47.207844007522475],[15.158958450057181,47.20346172653352],[15.182226069675059,47.16891865659044],[15.186339633489242,47.11778020793307],[15.216361396343071,47.084484623684965],[15.223330576460063,47.08715903959423],[15.254814447281628,47.05130144021845],[15.259824777777116,47.045564264204174],[15.262222247024408,47.03600936458544],[15.257462686176414,47.02685703721573],[15.309450440079093,46.994246878771015],[15.295318388471372,46.98313577040113]]]]}},{"type":"Feature","properties":{"code":"AT-617","name":"Weiz","country":"AT","region":"Steiermark"},"geometry":{"type":"MultiPolygon","coordinates":[[[[15.800080988088341,47.04458022081652],[15.760868461562248,47.01692116736308],[15.721913813451861,47.02561698451708],[15.681772529192704,47.03087373491898],[15.674315641003489,47.05888495441262],[15.629840709139163,47.08963445769552],[15.630964185291845,47.09089441703739],[15.655487153596315,47.1250422780985],[15.621302904568005,47.14289647488175],[15.580161541093839,47.16861896971548],[15.587354408368835,47.18952318044406],[15.585075890511183,47.19102467722218],[15.505566406839247,47.1910744193285],[15.484355271050296,47.20688861757493],[15.462681716391637,47.1991684337112],[15.435005689265456,47.25167872025794],[15.463457649524443,47.26227534863791],[15.410910052674017,47.2847939031401],[15.3939221937787,47.31291742535848],[15.420657169204494,47.36225563714671],[15.478734074000307,47.358809159527794],[15.528787922541644,47.36328837269645],[15.534008799696927,47.40318255495094],[15.579601798842129,47.413914759768204],[15.594138852908676,47.47411446660786],[15.635135888251817,47.48521335522922],[15.690252968224021,47.51976880672045],[15.691171886869105,47.51998341078632],[15.739362206127229,47.549541881490356],[15.744524788204973,47.553122382557866],[15.767013599251982,47.56430128663534],[15.844224479544629,47.56848860973404],[15.902627080805715,47.56050479117799],[15.911075331820498,47.53112632814445],[15.893605712407865,47.510818184265574],[15.808132728114044,47.50210065751367],[15.766817584106185,47.51042061396787],[15.72451830982078,47.462239564098105],[15.745608376818556,47.46035653948304],[15.770886922238208,47.39520032401555],[15.797762109607902,47.373687875796634],[15.740643433033584,47.35202674414747],[15.731394660840298,47.31045969225953],[15.756001821501199,47.29021618575973],[15.756490621033187,47.28788329198269],[15.757158996304932,47.241804069619626],[15.76306032803094,47.22222912720381],[15.769291114962199,47.21819608015381],[15.822451810283303,47.17906392833817],[15.858271745061083,47.162080244233735],[15.886565420701967,47.13192789951033],[15.851952476661387,47.12678663356087],[15.837460825510806,47.08236783761528],[15.871647497569667,47.06609054560136],[15.87477396460599,47.041453297017654],[15.863710951643029,47.02952003693807],[15.844252370954267,47.02174068596165],[15.824829270821247,47.03256374032693],[15.800080988088341,47.04458022081652]]]]}},{"type":"Feature","properties":{"code":"AT-620","name":"Murtal","country":"AT","region":"Steiermark"},"geometry":{"type":"MultiPolygon","coordinates":[[[[14.847598682564062,47.0560839912134],[14.841676489061658,47.048805304818195],[14.771524903004831,47.04001782848264],[14.695861526766844,47.01698773271139],[14.624948149152406,47.01428298253796],[14.612463774440057,46.998655758835234],[14.583124270383646,47.0124232984338],[14.557600631229134,47.06864803820231],[14.557182976843292,47.07246253121606],[14.537299069636154,47.1103526758172],[14.54407943690742,47.114465365893665],[14.511900066760102,47.15859330941327],[14.478932798349009,47.168387664055466],[14.43874107399769,47.16373634267019],[14.389923453044092,47.186626931566835],[14.386840192949492,47.2254444535905],[14.368897873640156,47.267825507011324],[14.329556856474904,47.27037983645483],[14.264045336519715,47.31778418634625],[14.224802163515282,47.32983826081114],[14.231631601412381,47.370884331735056],[14.238141602587786,47.37651721317476],[14.373391028844246,47.420771954764966],[14.397502565934891,47.439628221629896],[14.396240912301282,47.456200380474414],[14.473444694294727,47.46840482874094],[14.509486974051294,47.46282464266437],[14.600141688645088,47.42751270157827],[14.610922228484828,47.37933882769599],[14.679348914873072,47.36404197317459],[14.749706916812212,47.34411732380596],[14.782894504287253,47.36932410051426],[14.860986791352074,47.35158986734252],[14.902914537153286,47.29691853119738],[14.931000437806228,47.282706315505834],[14.940804981880799,47.30096302688831],[14.98100600818187,47.282869287654165],[15.045615664683202,47.22773106203317],[15.050035751752247,47.21201910270441],[14.979011588839814,47.17572160019836],[14.941561115565678,47.155030527333345],[14.91500021488927,47.09014776329078],[14.910702484275422,47.07310806605616],[14.880473791548441,47.084929762549166],[14.847598682564062,47.0560839912134]]]]}},{"type":"Feature","properties":{"code":"AT-621","name":"Bruck-Mürzzuschlag","country":"AT","region":"Steiermark"},"geometry":{"type":"MultiPolygon","coordinates":[[[[15.420657169204494,47.36225563714671],[15.3939221937787,47.31291742535848],[15.336881125755772,47.31288973501741],[15.282778912756237,47.34287698815748],[15.240178910860456,47.34399396634964],[15.228490409132267,47.33796122504165],[15.196751283603717,47.360064900552636],[15.174756186202838,47.404097615766915],[15.158094509052335,47.44365919812833],[15.107487568034257,47.439441058823775],[15.05327553032039,47.4723745799619],[15.036476157124767,47.52714609302944],[14.983885965436063,47.53659305977631],[14.974842827772264,47.54269090944383],[14.951197732993178,47.599574270693864],[15.05150687796206,47.60811519988396],[15.071316621311677,47.634028098344686],[15.064461143259196,47.652056117972855],[15.086457681336192,47.74217222908681],[15.132045631353076,47.75870100875711],[15.196587995010171,47.75412792009144],[15.214516325735632,47.79672841493683],[15.286082617985503,47.79187864761831],[15.297045639104294,47.8217441428425],[15.342419192626412,47.8263742451942],[15.343100790488187,47.826458307274905],[15.376750891518832,47.82424031724305],[15.458173341840908,47.770446655783324],[15.503824297663224,47.76849707072922],[15.51100145314899,47.74725153227008],[15.608925525753648,47.75178605106096],[15.63317312259398,47.716120757997125],[15.675945114743612,47.69969487804562],[15.716360145031679,47.71058281328566],[15.72231622717731,47.6471548134285],[15.739522772636551,47.642908508568475],[15.778544678678688,47.64299940448292],[15.837512602790229,47.61880014884725],[15.85778105484603,47.617376268322836],[15.844224479544629,47.56848860973404],[15.767013599251982,47.56430128663534],[15.744524788204973,47.553122382557866],[15.739362206127229,47.549541881490356],[15.691171886869105,47.51998341078632],[15.690252968224021,47.51976880672045],[15.635135888251817,47.48521335522922],[15.594138852908676,47.47411446660786],[15.579601798842129,47.413914759768204],[15.534008799696927,47.40318255495094],[15.528787922541644,47.36328837269645],[15.478734074000307,47.358809159527794],[15.420657169204494,47.36225563714671]]]]}},{"type":"Feature","properties":{"code":"AT-622","name":"Hartberg-Fürstenfeld","country":"AT","region":"Steiermark"},"geometry":{"type":"MultiPolygon","coordinates":[[[[16.12793859490346,47.01282713383637],[16.142810831509557,47.00050122374456],[16.151740961122126,46.99151535103217],[16.104969698078822,46.966031480721185],[16.06270861010815,47.00285241645811],[16.01840935997948,47.009260605130365],[16.015999165095224,47.00794837838266],[15.972589471339948,47.025803461126614],[15.967195226774779,47.05398993819548],[15.9533827278659,47.05921520743102],[15.934700824706486,47.059618090316455],[15.87477396460599,47.041453297017654],[15.871647497569667,47.06609054560136],[15.837460825510806,47.08236783761528],[15.851952476661387,47.12678663356087],[15.886565420701967,47.13192789951033],[15.858271745061083,47.162080244233735],[15.822451810283303,47.17906392833817],[15.769291114962199,47.21819608015381],[15.76306032803094,47.22222912720381],[15.757158996304932,47.241804069619626],[15.756490621033187,47.28788329198269],[15.756001821501199,47.29021618575973],[15.731394660840298,47.31045969225953],[15.740643433033584,47.35202674414747],[15.797762109607902,47.373687875796634],[15.770886922238208,47.39520032401555],[15.745608376818556,47.46035653948304],[15.72451830982078,47.462239564098105],[15.766817584106185,47.51042061396787],[15.808132728114044,47.50210065751367],[15.893605712407865,47.510818184265574],[15.911075331820498,47.53112632814445],[15.917716205195124,47.53071767551388],[15.955735933816998,47.518553434992604],[15.997287113811915,47.516538148561374],[16.062303772060602,47.487035116629556],[16.084613735772102,47.50785604821462],[16.108419408036877,47.52267217535619],[16.13519069023434,47.46213595254102],[16.168984537359943,47.42309851780552],[16.16225508757511,47.421446209348034],[16.138900969886,47.41820793584231],[16.113357185217723,47.41457019243507],[16.081326072415987,47.40985517946214],[16.05763297797225,47.38493882757068],[16.055967976466043,47.384506814206084],[16.02732620577123,47.37998987335984],[16.031256102645052,47.372894344310296],[16.027430487596547,47.37210245401324],[16.031718176228672,47.356307783280435],[16.05673238140275,47.315391460800434],[16.055664585847495,47.31082316246469],[16.071944319118813,47.275387030187574],[16.07348043721224,47.27232749291293],[16.083734166890213,47.23424160111403],[16.090014113418867,47.200610938367774],[16.08870982183728,47.199163592268384],[16.099793329518068,47.18435125977481],[16.106498791610996,47.16748643081477],[16.11223706808718,47.13389169512108],[16.09200488331858,47.112900947470955],[16.08379119127893,47.088540159123625],[16.0955744934835,47.061767746088016],[16.12793859490346,47.01282713383637]]]]}},{"type":"Feature","properties":{"code":"AT-623","name":"Südoststeiermark","country":"AT","region":"Steiermark"},"geometry":{"type":"MultiPolygon","coordinates":[[[[15.991074058234284,46.731309120135435],[15.998980769151713,46.67913941001775],[15.944271763223398,46.6897696212966],[15.874362255140666,46.72037419163835],[15.827678233311913,46.72235674188238],[15.749649088414047,46.69867313405675],[15.715139621393833,46.72403496175296],[15.747882103713813,46.76460274315171],[15.714839292333348,46.78249864017489],[15.684421854199604,46.7838498277115],[15.682163076238568,46.83093180669556],[15.687636795102575,46.854047186096],[15.688742473371498,46.863183660579516],[15.662268941011618,46.88759722763881],[15.640333823649039,46.89741266809268],[15.6054881186548,46.90143471293436],[15.59602119459217,46.93125353576091],[15.592463608764257,46.97862624206781],[15.61333479434136,47.00336077216135],[15.646571705855257,46.98437211548258],[15.67966638563203,46.98101078928558],[15.721913813451861,47.02561698451708],[15.760868461562248,47.01692116736308],[15.800080988088341,47.04458022081652],[15.824829270821247,47.03256374032693],[15.844252370954267,47.02174068596165],[15.863710951643029,47.02952003693807],[15.87477396460599,47.041453297017654],[15.934700824706486,47.059618090316455],[15.9533827278659,47.05921520743102],[15.967195226774779,47.05398993819548],[15.972589471339948,47.025803461126614],[16.015999165095224,47.00794837838266],[16.01840935997948,47.009260605130365],[16.06270861010815,47.00285241645811],[16.104969698078822,46.966031480721185],[16.092612098137973,46.95473777555299],[16.0920023328516,46.93504614362515],[16.051258370533102,46.911077148922466],[16.032607364588106,46.893565782674635],[16.02063565181343,46.88863061392031],[15.999889799681938,46.84759547874293],[15.993444557407093,46.8361010228545],[15.990246335972122,46.80503827011241],[15.991074058234284,46.731309120135435]]]]}},{"type":"Feature","properties":{"code":"AT-701","name":"Innsbruck-Stadt","country":"AT","region":"Tirol"},"geometry":{"type":"MultiPolygon","coordinates":[[[[11.451131883457316,47.21373917798473],[11.429070052195959,47.24775257222855],[11.45149497750429,47.260536532983195],[11.450190455385643,47.26807652352816],[11.41350265978421,47.29527110501553],[11.423245248154958,47.321278975063855],[11.42460335292131,47.347074639746175],[11.424585623191797,47.347107194765485],[11.35510874291609,47.36063415743377],[11.328479901154855,47.34348724620263],[11.333140684460892,47.314298869086926],[11.302350471358142,47.26515073768974],[11.342672018815863,47.24355662699622],[11.38684921162363,47.238607269558784],[11.38737028415932,47.21416538876214],[11.391724426485078,47.21307223979158],[11.451131883457316,47.21373917798473]]]]}},{"type":"Feature","properties":{"code":"AT-702","name":"Imst","country":"AT","region":"Tirol"},"geometry":{"type":"MultiPolygon","coordinates":[[[[11.087292925051054,46.98935955286363],[11.161450501034402,46.966442235048454],[11.152137670378973,46.93474335229433],[11.112563878850608,46.93220792675269],[11.069056213028512,46.85672201174444],[11.080594534498601,46.82325010558045],[11.033221878969464,46.79460921420747],[11.01914495199923,46.76662828387846],[10.915267525310016,46.77569752888964],[10.880113888722828,46.76356772659452],[10.793090242425658,46.792036941378946],[10.761011171375584,46.823350473631386],[10.791475722913475,46.881926183975686],[10.770616016769152,46.909830544318545],[10.818772821312722,47.02621483378282],[10.789298049883916,47.065889249743826],[10.755053275650086,47.09395383717473],[10.728496465634995,47.1050922782904],[10.670256820880654,47.15668679530901],[10.67389928102809,47.16306374772377],[10.676115411515042,47.20338254489933],[10.641013740040357,47.23295402078815],[10.602450430423039,47.23591124257619],[10.562446898601513,47.24847695930043],[10.535534287567573,47.29469454942599],[10.53840841313212,47.29714977028022],[10.59264406746541,47.273902588968234],[10.648849412518508,47.26818032613217],[10.606730821958731,47.329120227351346],[10.635681770997044,47.330792801086176],[10.68939671100723,47.337380211714816],[10.70366214214723,47.36249446419857],[10.73102918499329,47.35781313564713],[10.769936226466688,47.382446023697845],[10.816242484403215,47.38658854764171],[10.816953246985287,47.38616865688642],[10.859416654574638,47.33756869574742],[10.91086755090643,47.35284564257761],[10.919089874033247,47.36892195882755],[10.982850613381274,47.36951974595457],[10.988373470002166,47.396849160997995],[11.013671491602462,47.397086133818576],[10.99005264078494,47.353435246035694],[10.992111259139437,47.312907278260035],[11.02751375138993,47.3073405454491],[11.026712780332415,47.29539512172035],[11.055798897446467,47.29838264409465],[11.066559139453608,47.25361764190603],[11.05612727178657,47.24656085954443],[11.091881149587884,47.225846460733656],[11.050845707362937,47.20477384708674],[11.040114180764398,47.18148992857419],[11.06066215400806,47.114507783240036],[11.098799066019938,47.06613604696467],[11.115909844559967,47.046885572844424],[11.087292925051054,46.98935955286363]]]]}},{"type":"Feature","properties":{"code":"AT-703","name":"Innsbruck-Land","country":"AT","region":"Tirol"},"geometry":{"type":"MultiPolygon","coordinates":[[[[11.43205135015384,46.974812456332245],[11.398692874663546,46.96569498502723],[11.356262359666182,46.99091703234566],[11.317672499645997,46.993090697138044],[11.24645582377226,46.97489913417677],[11.161450501034402,46.966442235048454],[11.087292925051054,46.98935955286363],[11.115909844559967,47.046885572844424],[11.098799066019938,47.06613604696467],[11.06066215400806,47.114507783240036],[11.040114180764398,47.18148992857419],[11.050845707362937,47.20477384708674],[11.091881149587884,47.225846460733656],[11.05612727178657,47.24656085954443],[11.066559139453608,47.25361764190603],[11.055798897446467,47.29838264409465],[11.026712780332415,47.29539512172035],[11.02751375138993,47.3073405454491],[10.992111259139437,47.312907278260035],[10.99005264078494,47.353435246035694],[11.013671491602462,47.397086133818576],[11.0525460169938,47.39668393224864],[11.097869829078155,47.39511051066365],[11.202656984421157,47.43460935986391],[11.219479238422403,47.398065066527415],[11.269703523772494,47.398689996725146],[11.288177067823016,47.42777621575619],[11.333259151212076,47.449348710557736],[11.418602198400968,47.44556864007676],[11.437877473278379,47.41174224544011],[11.497184305747126,47.36386799658857],[11.55450237893647,47.35253486826328],[11.595921195316444,47.34924526001198],[11.608156358622306,47.32187206692385],[11.618299933522572,47.30952997382344],[11.62911913877781,47.31198527583168],[11.648963429378044,47.29468605915905],[11.649030828539019,47.29468813299768],[11.688457603085853,47.26236464987618],[11.700729174548924,47.20574088744152],[11.663926578109571,47.19845991416117],[11.669478869843022,47.16087429576429],[11.629872871455914,47.14083672165262],[11.65573180816215,47.05360709459168],[11.646431545515194,47.04736549063796],[11.62437336198879,47.014017249269244],[11.58707436084756,47.006113145263335],[11.535699669879767,46.9847991350959],[11.475939460574509,47.0116969716107],[11.43205135015384,46.974812456332245]],[[11.302350471358142,47.26515073768974],[11.342672018815863,47.24355662699622],[11.38684921162363,47.238607269558784],[11.38737028415932,47.21416538876214],[11.391724426485078,47.21307223979158],[11.451131883457316,47.21373917798473],[11.429070052195959,47.24775257222855],[11.45149497750429,47.260536532983195],[11.450190455385643,47.26807652352816],[11.41350265978421,47.29527110501553],[11.423245248154958,47.321278975063855],[11.42460335292131,47.347074639746175],[11.424585623191797,47.347107194765485],[11.35510874291609,47.36063415743377],[11.328479901154855,47.34348724620263],[11.333140684460892,47.314298869086926],[11.302350471358142,47.26515073768974]]]]}},{"type":"Feature","properties":{"code":"AT-704","name":"Kitzbühel","country":"AT","region":"Tirol"},"geometry":{"type":"MultiPolygon","coordinates":[[[[12.476154094388688,47.368943885527884],[12.492393544557732,47.33812330074012],[12.47549976642619,47.32710774589435],[12.37177067497208,47.31202262451423],[12.33243725497615,47.32923161071505],[12.29368730421171,47.32880364491527],[12.261297429832275,47.302924956931115],[12.25187573191091,47.30867861955565],[12.21616138062162,47.31184493836425],[12.161804090720976,47.30225548421314],[12.11172562405633,47.307158890850715],[12.075754696908119,47.27589522045737],[12.00126141716172,47.272164517758476],[12.019985595376461,47.322330813153314],[12.059756458994086,47.332822094107215],[12.081482224556993,47.37510778896559],[12.065468902443236,47.42099329357302],[12.099126450345944,47.431480453246536],[12.106796626201294,47.46555858169803],[12.111463131820624,47.46467662757582],[12.126294758239062,47.48125395173112],[12.146439271842084,47.48608216904312],[12.190227873655546,47.4697728318854],[12.20081931557677,47.466027473724424],[12.209603241950383,47.468461056735954],[12.245956088788617,47.47915915359177],[12.287863946505986,47.47522396326376],[12.305935679328558,47.47499483677949],[12.319110951411531,47.50338728254346],[12.316753268135665,47.566828829925775],[12.306988165783276,47.57604665760562],[12.305568541276015,47.58255257617638],[12.321324589132692,47.59300170301637],[12.317594539143453,47.59798830694793],[12.33717443056712,47.6910781928758],[12.437252407684086,47.695932457970244],[12.437942165400903,47.67460365242248],[12.496355889630921,47.62581036913322],[12.522425020996293,47.631461509939584],[12.572213000152678,47.63302734283744],[12.571713210946912,47.60570124217504],[12.650732825987651,47.588739771087816],[12.62535195417081,47.55025842621544],[12.651318336612611,47.53748228560774],[12.662316157261458,47.506781030711906],[12.696777382304528,47.47859809099986],[12.629463336415112,47.465777514603346],[12.629478377239565,47.432807492676346],[12.621757739986972,47.42322767010251],[12.575794307927712,47.39321028987878],[12.542482549397553,47.39875406995694],[12.503274276420276,47.394842678075356],[12.476154094388688,47.368943885527884]]]]}},{"type":"Feature","properties":{"code":"AT-705","name":"Kufstein","country":"AT","region":"Tirol"},"geometry":{"type":"MultiPolygon","coordinates":[[[[12.019985595376461,47.322330813153314],[11.926049286151299,47.335894857121104],[11.92003926371833,47.36195504223735],[11.886577730625554,47.37996890860228],[11.836387602587774,47.39898684020769],[11.835189074344687,47.408662993194255],[11.816307526592162,47.40277597377905],[11.770130068269166,47.43599362694525],[11.777639433495592,47.45653863734041],[11.824482581903146,47.47170203424059],[11.82799014314095,47.48506022510778],[11.829941979908181,47.53867997502604],[11.751396900578994,47.55964045659],[11.772244891055076,47.59111923429204],[11.844538310587,47.58302152110163],[11.891469151198377,47.60916262349546],[12.009937678897424,47.623915322063155],[12.079529921310117,47.6104586736182],[12.14662968633101,47.609353336492454],[12.175320951558362,47.60160342259396],[12.195595985396162,47.64285407432214],[12.184026980293938,47.65804441718302],[12.180651314626534,47.70120062762335],[12.240330224610581,47.69238467703806],[12.254361683792434,47.679812739802],[12.324310078465027,47.69608147950925],[12.33717443056712,47.6910781928758],[12.317594539143453,47.59798830694793],[12.321324589132692,47.59300170301637],[12.305568541276015,47.58255257617638],[12.306988165783276,47.57604665760562],[12.316753268135665,47.566828829925775],[12.319110951411531,47.50338728254346],[12.305935679328558,47.47499483677949],[12.287863946505986,47.47522396326376],[12.245956088788617,47.47915915359177],[12.209603241950383,47.468461056735954],[12.20081931557677,47.466027473724424],[12.190227873655546,47.4697728318854],[12.146439271842084,47.48608216904312],[12.126294758239062,47.48125395173112],[12.111463131820624,47.46467662757582],[12.106796626201294,47.46555858169803],[12.099126450345944,47.431480453246536],[12.065468902443236,47.42099329357302],[12.081482224556993,47.37510778896559],[12.059756458994086,47.332822094107215],[12.019985595376461,47.322330813153314]]]]}},{"type":"Feature","properties":{"code":"AT-706","name":"Landeck","country":"AT","region":"Tirol"},"geometry":{"type":"MultiPolygon","coordinates":[[[[10.621446193557658,46.865129833771505],[10.567670311638754,46.84312600058576],[10.466817101807274,46.85563731032554],[10.461859818510101,46.88500413143552],[10.486513742396113,46.938512613423626],[10.453920431976055,46.952130725004864],[10.386480665215979,47.00124676440322],[10.346141472622726,46.991333955227006],[10.294046176153982,46.92067957879495],[10.2388600019946,46.93235848521496],[10.229100082545589,46.8674600446882],[10.142134531334351,46.85173310139351],[10.095380369809417,46.92808123012872],[10.15696699113046,46.98447380186136],[10.131710106273683,47.03007593651905],[10.130705085035299,47.07861162544421],[10.210157276244534,47.15830616955267],[10.293319828862918,47.167034103494395],[10.376497104658098,47.18263496606645],[10.392759648066605,47.17452027462861],[10.42205498335002,47.194496781090194],[10.445419800732104,47.233092900743586],[10.491468146026724,47.2384217037811],[10.562446898601513,47.24847695930043],[10.602450430423039,47.23591124257619],[10.641013740040357,47.23295402078815],[10.676115411515042,47.20338254489933],[10.67389928102809,47.16306374772377],[10.670256820880654,47.15668679530901],[10.728496465634995,47.1050922782904],[10.755053275650086,47.09395383717473],[10.789298049883916,47.065889249743826],[10.818772821312722,47.02621483378282],[10.770616016769152,46.909830544318545],[10.791475722913475,46.881926183975686],[10.761011171375584,46.823350473631386],[10.69127276896304,46.85287124599388],[10.664533079139378,46.876212266836106],[10.621446193557658,46.865129833771505]]]]}},{"type":"Feature","properties":{"code":"AT-707","name":"Lienz","country":"AT","region":"Tirol"},"geometry":{"type":"MultiPolygon","coordinates":[[[[12.708906048803351,46.736370258232114],[12.687814998391627,46.657687939565015],[12.62821625546327,46.66210597394938],[12.548422273560332,46.65947484467683],[12.424214927277898,46.69980654007058],[12.374798258989214,46.72301852722734],[12.35460834340331,46.77568491587727],[12.306142163751153,46.785705936866705],[12.289024792646087,46.865910021407046],[12.27107091505439,46.88493797950103],[12.215309947954404,46.87446771907225],[12.165533736965445,46.93900115687934],[12.135444934530662,46.95718551698287],[12.118351563502069,47.006780453973406],[12.144589646846239,47.02561613327365],[12.202045768383902,47.02769206781959],[12.237924613286085,47.069884004190115],[12.280957414203254,47.09326480647793],[12.342795704847681,47.10998476028861],[12.360454539252105,47.142098997698724],[12.396701690532645,47.15351595995203],[12.462736611250595,47.14506846369805],[12.48070043046074,47.15855964154146],[12.563556470390875,47.136739497405685],[12.5894168444659,47.12558674595656],[12.654016066248188,47.100231353836485],[12.707697515119014,47.04914786384203],[12.752064972756102,47.02557638523418],[12.73826593135879,46.96970298983289],[12.756752974781406,46.95732550566128],[12.78359041430831,46.940276760811784],[12.790855801946638,46.92719618819176],[12.805634318053574,46.92331374882672],[12.819009511450858,46.917531662989035],[12.838340668011002,46.86169424249905],[12.89278121589817,46.82652148783386],[12.90264695172511,46.82334499490438],[12.904298041316295,46.82338779024406],[12.960670629253963,46.79936335184976],[12.928609757041915,46.76475736834992],[12.896567448024967,46.777562323716694],[12.854022169611744,46.76088408544631],[12.83840776878861,46.75005145771911],[12.807097813753057,46.75699830816364],[12.793001465389452,46.75605573563165],[12.745381295751143,46.74816493301869],[12.708906048803351,46.736370258232114]]]]}},{"type":"Feature","properties":{"code":"AT-708","name":"Reutte","country":"AT","region":"Tirol"},"geometry":{"type":"MultiPolygon","coordinates":[[[[10.535534287567573,47.29469454942599],[10.562446898601513,47.24847695930043],[10.491468146026724,47.2384217037811],[10.445419800732104,47.233092900743586],[10.42205498335002,47.194496781090194],[10.392759648066605,47.17452027462861],[10.376497104658098,47.18263496606645],[10.293319828862918,47.167034103494395],[10.210157276244534,47.15830616955267],[10.208581427535876,47.172052842700865],[10.194909802163204,47.23730371456389],[10.175515804959819,47.27083541340971],[10.229522455336305,47.27124282735078],[10.263139502469024,47.28879731342489],[10.345967022921542,47.31822954598765],[10.39470273530341,47.37759933682062],[10.433934189600418,47.38108326198349],[10.435717385282741,47.414262298769295],[10.467386132281675,47.449250152438665],[10.460930568529879,47.48345976455217],[10.432896912747138,47.496085759022996],[10.451606268660269,47.5565158960459],[10.48608214882319,47.541123345902896],[10.49494077517394,47.53982185422103],[10.52170443832089,47.53588526029041],[10.560017708085406,47.53677717184118],[10.59512557590957,47.57045868150772],[10.675179690462913,47.55695507424351],[10.73755124416664,47.5392501933462],[10.760934072815889,47.5203156477209],[10.887521284279195,47.53800568248985],[10.883706183927114,47.480880951846565],[10.929652859498093,47.46875195999207],[10.9807847401356,47.43073584204067],[10.988373470002166,47.396849160997995],[10.982850613381274,47.36951974595457],[10.919089874033247,47.36892195882755],[10.91086755090643,47.35284564257761],[10.859416654574638,47.33756869574742],[10.816953246985287,47.38616865688642],[10.816242484403215,47.38658854764171],[10.769936226466688,47.382446023697845],[10.73102918499329,47.35781313564713],[10.70366214214723,47.36249446419857],[10.68939671100723,47.337380211714816],[10.635681770997044,47.330792801086176],[10.606730821958731,47.329120227351346],[10.648849412518508,47.26818032613217],[10.59264406746541,47.273902588968234],[10.53840841313212,47.29714977028022],[10.535534287567573,47.29469454942599]]],[[[10.451606268660269,47.5565158960459],[10.43211614062269,47.58434362891172],[10.466845068726881,47.58784816659636],[10.451606268660269,47.5565158960459]]]]}},{"type":"Feature","properties":{"code":"AT-709","name":"Schwaz","country":"AT","region":"Tirol"},"geometry":{"type":"MultiPolygon","coordinates":[[[[11.871221080459375,47.010795853416134],[11.761502559228102,46.973467443400445],[11.708564156894194,46.99396640682449],[11.661565928376545,46.99265408144388],[11.62437336198879,47.014017249269244],[11.646431545515194,47.04736549063796],[11.65573180816215,47.05360709459168],[11.629872871455914,47.14083672165262],[11.669478869843022,47.16087429576429],[11.663926578109571,47.19845991416117],[11.700729174548924,47.20574088744152],[11.688457603085853,47.26236464987618],[11.649030828539019,47.29468813299768],[11.648963429378044,47.29468605915905],[11.62911913877781,47.31198527583168],[11.618299933522572,47.30952997382344],[11.608156358622306,47.32187206692385],[11.595921195316444,47.34924526001198],[11.55450237893647,47.35253486826328],[11.497184305747126,47.36386799658857],[11.437877473278379,47.41174224544011],[11.418602198400968,47.44556864007676],[11.388716308988093,47.483158994288885],[11.446498747299188,47.50794729087614],[11.569583796482195,47.5152212776142],[11.597829189077459,47.56857334499714],[11.655378728105196,47.58483975499621],[11.772244891055076,47.59111923429204],[11.751396900578994,47.55964045659],[11.829941979908181,47.53867997502604],[11.82799014314095,47.48506022510778],[11.824482581903146,47.47170203424059],[11.777639433495592,47.45653863734041],[11.770130068269166,47.43599362694525],[11.816307526592162,47.40277597377905],[11.835189074344687,47.408662993194255],[11.836387602587774,47.39898684020769],[11.886577730625554,47.37996890860228],[11.92003926371833,47.36195504223735],[11.926049286151299,47.335894857121104],[12.019985595376461,47.322330813153314],[12.00126141716172,47.272164517758476],[12.075754696908119,47.27589522045737],[12.107262767387029,47.24110464334159],[12.0799689120931,47.196434418696505],[12.090447365445778,47.14676824315532],[12.133192576151718,47.08138357679902],[12.017121405985966,47.04778411332054],[11.976302948360514,47.05071756822536],[11.871221080459375,47.010795853416134]]]]}},{"type":"Feature","properties":{"code":"AT-801","name":"Bludenz","country":"AT","region":"Vorarlberg"},"geometry":{"type":"MultiPolygon","coordinates":[[[[10.131710106273683,47.03007593651905],[10.15696699113046,46.98447380186136],[10.095380369809417,46.92808123012872],[10.142134531334351,46.85173310139351],[10.084607822663017,46.861924493419814],[9.975045857897188,46.91661377194212],[9.943300382180304,46.91308046235146],[9.873472458173548,46.9358597522813],[9.88595733270574,47.00145701328279],[9.790312411237773,47.03197639952213],[9.705314358299798,47.05355071067595],[9.674611092605879,47.06213107256141],[9.604234693994679,47.06149897975254],[9.63155980599962,47.10181666977854],[9.617737867746301,47.15236918432538],[9.653998327257458,47.21687897789267],[9.666774928605554,47.2064857855048],[9.70525436300559,47.195523035552704],[9.721752966504766,47.20757530409472],[9.743025265363022,47.20982791577366],[9.751512891399296,47.215486383241476],[9.753754977551312,47.23762337947647],[9.779129150657253,47.24158168856899],[9.824429006746351,47.25383999938467],[9.84705180942162,47.26892364280906],[9.849607360681834,47.26862432150855],[9.926796278899145,47.28988819755904],[9.968505743083215,47.268770732954664],[10.000977510203523,47.27449935893398],[10.038882842454674,47.25297420681973],[10.06149231834793,47.230197383228706],[10.098000264691674,47.227284548128274],[10.13455661274503,47.25238599375501],[10.194909802163204,47.23730371456389],[10.208581427535876,47.172052842700865],[10.210157276244534,47.15830616955267],[10.130705085035299,47.07861162544421],[10.131710106273683,47.03007593651905]]]]}},{"type":"Feature","properties":{"code":"AT-802","name":"Bregenz","country":"AT","region":"Vorarlberg"},"geometry":{"type":"MultiPolygon","coordinates":[[[[10.13455661274503,47.25238599375501],[10.098000264691674,47.227284548128274],[10.06149231834793,47.230197383228706],[10.038882842454674,47.25297420681973],[10.000977510203523,47.27449935893398],[9.968505743083215,47.268770732954664],[9.926796278899145,47.28988819755904],[9.849607360681834,47.26862432150855],[9.84705180942162,47.26892364280906],[9.828436010553673,47.28507936327989],[9.842652025553631,47.30317323747876],[9.841477518335145,47.361023471072436],[9.83564044807801,47.379160121402556],[9.798423108322973,47.416748417435315],[9.810279210521005,47.43802446259641],[9.798905423739907,47.447397150237315],[9.77599718677611,47.4447392242451],[9.732875275134955,47.44554400443204],[9.709402897211556,47.45031584188064],[9.695452123148257,47.44963063282288],[9.678765142267563,47.46362102723592],[9.671801135884873,47.46010418923383],[9.656608880410563,47.45210456370628],[9.604408048327947,47.47105056049308],[9.590053123568174,47.4666961752656],[9.559020177329709,47.49735265730645],[9.575891483429718,47.508236233244844],[9.61378241176977,47.514851178860454],[9.637723710860172,47.51902358905906],[9.665000937735615,47.523770376211125],[9.729273360385836,47.53444768379634],[9.752841469113573,47.57288534772455],[9.773109717594943,47.594125549008055],[9.817471623702062,47.588360957551934],[9.826928505743602,47.54525343563684],[9.871652054892266,47.52925971450445],[9.877395933603122,47.54863554637214],[9.962190659269536,47.523721220675526],[9.996688566113756,47.483737773966546],[10.034595458307908,47.489898611763174],[10.101056495934124,47.43122557134696],[10.070795318012706,47.41515218607402],[10.094800257756095,47.360579545574325],[10.097013498573132,47.355482519485925],[10.11650965136806,47.376335070568906],[10.166753684278076,47.3720218050919],[10.19215131666309,47.39008974130895],[10.234189635234534,47.37437608647386],[10.169250645198016,47.279800065458026],[10.175515804959819,47.27083541340971],[10.194909802163204,47.23730371456389],[10.13455661274503,47.25238599375501]]]]}},{"type":"Feature","properties":{"code":"AT-803","name":"Dornbirn","country":"AT","region":"Vorarlberg"},"geometry":{"type":"MultiPolygon","coordinates":[[[[9.720022113931584,47.34602866551539],[9.711594717795903,47.33829879828769],[9.66847197038472,47.344344933083406],[9.646704609417956,47.368168576420665],[9.670737857835704,47.39201317736705],[9.649039609013167,47.409514420679024],[9.656608880410563,47.45210456370628],[9.671801135884873,47.46010418923383],[9.678765142267563,47.46362102723592],[9.695452123148257,47.44963063282288],[9.709402897211556,47.45031584188064],[9.732875275134955,47.44554400443204],[9.77599718677611,47.4447392242451],[9.798905423739907,47.447397150237315],[9.810279210521005,47.43802446259641],[9.798423108322973,47.416748417435315],[9.83564044807801,47.379160121402556],[9.841477518335145,47.361023471072436],[9.842652025553631,47.30317323747876],[9.828436010553673,47.28507936327989],[9.774814032211582,47.30762456799254],[9.727602694229857,47.32777045785725],[9.720022113931584,47.34602866551539]]]]}},{"type":"Feature","properties":{"code":"AT-804","name":"Feldkirch","country":"AT","region":"Vorarlberg"},"geometry":{"type":"MultiPolygon","coordinates":[[[[9.617737867746301,47.15236918432538],[9.57029884553658,47.17642945369458],[9.581966650939734,47.20529419545041],[9.527906274165764,47.27130446534194],[9.556383781335274,47.30091465843335],[9.585446891637062,47.3182672826373],[9.593511040008812,47.338242925141124],[9.616832692245142,47.363157550504276],[9.646704609417956,47.368168576420665],[9.66847197038472,47.344344933083406],[9.711594717795903,47.33829879828769],[9.720022113931584,47.34602866551539],[9.727602694229857,47.32777045785725],[9.774814032211582,47.30762456799254],[9.828436010553673,47.28507936327989],[9.84705180942162,47.26892364280906],[9.824429006746351,47.25383999938467],[9.779129150657253,47.24158168856899],[9.753754977551312,47.23762337947647],[9.751512891399296,47.215486383241476],[9.743025265363022,47.20982791577366],[9.721752966504766,47.20757530409472],[9.70525436300559,47.195523035552704],[9.666774928605554,47.2064857855048],[9.653998327257458,47.21687897789267],[9.617737867746301,47.15236918432538]]]]}},{"type":"Feature","properties":{"code":"AT-900","name":"Wien (Stadt)","country":"AT","region":"Wien"},"geometry":{"type":"MultiPolygon","coordinates":[[[[16.511013602174128,48.1596215500773],[16.57325705011586,48.13591277512623],[16.574217561105915,48.14513007099916],[16.533509707881418,48.177768384145324],[16.549971211397587,48.23969285403885],[16.54420825354776,48.26369178826104],[16.512124331592528,48.28622670147884],[16.4994138251528,48.291052237931495],[16.471936075452582,48.276008516001454],[16.425226930412876,48.32107384619422],[16.39239950424916,48.323256351480374],[16.360411753940745,48.28299603442784],[16.353184316827658,48.284042653322786],[16.282784673675316,48.25901822523876],[16.253842706615437,48.24057601187154],[16.205295593469874,48.264791213360155],[16.18239186839708,48.22390134272117],[16.20461564491174,48.20303439441751],[16.179122869495856,48.17172505807664],[16.195198488648696,48.155241722116926],[16.22042735257546,48.15387843224085],[16.215319946458333,48.12876260702782],[16.222751181809326,48.12616536751681],[16.226346919323102,48.12784698736299],[16.29577743156106,48.126017999864594],[16.309429782935833,48.12022714306248],[16.362860914712996,48.12936740383815],[16.363113841196046,48.129094678210095],[16.38556577135256,48.12606494554488],[16.410046375913776,48.118937473447055],[16.434246243952863,48.12062596106924],[16.43344804359402,48.13867258550262],[16.511013602174128,48.1596215500773]]]]}},{"type":"Feature","properties":{"code":"CH-011","name":"Vaud","country":"CH","region":null},"geometry":{"type":"MultiPolygon","coordinates":[[[[6.86794339716986,46.91049552477624],[6.897944897244869,46.92639631981599],[6.957947897394874,46.87339366968348],[6.965448272413624,46.88134406720336],[6.97669883494175,46.878693934696734],[6.987949397469876,46.83364168208411],[6.965448272413624,46.823041152057606],[6.957947897394874,46.793889694484726],[6.916695834791746,46.75943797189859],[6.935446772338622,46.74618730936547],[6.931696584829247,46.73293664683234],[6.871693584679235,46.68523426171309],[6.864193209660485,46.66138306915346],[6.830441522076107,46.65873293664683],[6.80419020951048,46.64018200910046],[6.800440022001105,46.579228961448074],[6.849192459622984,46.579228961448074],[6.890444522226112,46.560678033901695],[6.864193209660485,46.53682684134207],[6.826691334566732,46.53682684134207],[6.819190959547981,46.52887644382219],[6.822941147057357,46.51562578128907],[6.849192459622984,46.49707485374269],[6.890444522226112,46.51562578128907],[6.954197709885499,46.49972498624931],[6.972948647432375,46.483824191209564],[6.995449772488627,46.44142207110356],[7.0592029601480135,46.483824191209564],[7.104205210260517,46.49177458872944],[7.1529576478823955,46.52887644382219],[7.190459522976155,46.54212710635532],[7.209210460523032,46.53682684134207],[7.235461773088659,46.55272763638182],[7.239211960598034,46.54742737136857],[7.246712335616785,46.53682684134207],[7.246712335616785,46.52887644382219],[7.246712335616785,46.51827591379569],[7.242962148107409,46.502375118755936],[7.235461773088659,46.49442472123606],[7.235461773088659,46.48912445622281],[7.224211210560533,46.48647432371619],[7.2317115855792835,46.46792339616981],[7.227961398069908,46.454672733636684],[7.220461023051158,46.44142207110356],[7.194209710485531,46.44142207110356],[7.194209710485531,46.43347167358368],[7.209210460523032,46.4149207460373],[7.2054602730136565,46.4043202160108],[7.194209710485531,46.37781889094455],[7.2054602730136565,46.37781889094455],[7.212960648032407,46.36456822841142],[7.224211210560533,46.3619180959048],[7.220461023051158,46.356617830891544],[7.220461023051158,46.33011650582529],[7.194209710485531,46.30626531326567],[7.18670933546678,46.271813590679535],[7.126706335316769,46.234711735586785],[7.111705585279267,46.2161608080404],[7.0329516475823795,46.18965948297415],[6.9391969598479974,46.29831491574579],[6.927946397319872,46.33011650582529],[6.890444522226112,46.34601730086504],[6.879193959697986,46.37781889094455],[6.819190959547981,46.42817140857043],[6.680434021701089,46.454672733636684],[6.52292614630732,46.454672733636684],[6.425421271063556,46.41757087854393],[6.335416770838549,46.40167008350417],[6.256662833141661,46.3619180959048],[6.24166208310416,46.34336716835842],[6.177908895444773,46.35926796339817],[6.177908895444773,46.34601730086504],[6.230411520576034,46.33011650582529],[6.219160958047908,46.311565578278916],[6.200410020501032,46.28506425321267],[6.170408520426022,46.29301465073254],[6.14040702035102,46.30626531326567],[6.125406270313519,46.31686584329216],[6.162908145407272,46.35926796339817],[6.166658332916647,46.369868493424676],[6.0654032701635145,46.4149207460373],[6.084154207710391,46.44142207110356],[6.07665383269164,46.465273263663185],[6.1179058952947685,46.512975648782444],[6.136656832841645,46.52887644382219],[6.151657582879146,46.53947697384869],[6.136656832841645,46.55802790139507],[6.114155707785393,46.57657882894145],[6.125406270313519,46.589829491474575],[6.282914145707288,46.69053452672634],[6.3429171458572995,46.71173558677934],[6.447922396119807,46.7700385019251],[6.455422771138558,46.78593929696485],[6.432921646082306,46.809790489524474],[6.459172958647933,46.85219260963048],[6.492924646232318,46.84954247712386],[6.62418120906046,46.889294464723235],[6.654182709135462,46.91314565728287],[6.717935896794842,46.93434671733587],[6.717935896794842,46.907845392269614],[6.736686834341718,46.891944597229866],[6.740437021851093,46.870743537176864],[6.781689084454229,46.85219260963048],[6.744187209360469,46.82834141707086],[6.792939646982354,46.78593929696485],[6.826691334566732,46.77533876693835],[6.856692834641734,46.78593929696485],[6.879193959697986,46.77798889944498],[6.9129456472823705,46.783289164458225],[6.927946397319872,46.80449022451123],[6.9129456472823705,46.809790489524474],[6.90544527226362,46.82834141707086],[6.927946397319872,46.85484274213711],[6.9129456472823705,46.87604380219011],[6.86794339716986,46.91049552477624]],[[6.882944147207361,46.7488374418721],[6.841692084604233,46.76738836941847],[6.79668983449173,46.74088704435222],[6.852942647132359,46.724986249312465],[6.882944147207361,46.7488374418721]],[[6.774188709435478,46.724986249312465],[6.785439271963604,46.73558677933897],[6.785439271963604,46.7488374418721],[6.774188709435478,46.75148757437872],[6.7666883344167275,46.743537176858844],[6.747937396869844,46.73293664683234],[6.762938146907352,46.71703585179259],[6.774188709435478,46.724986249312465]]],[[[6.927946397319872,46.95289764488224],[7.002950147507377,46.987349367468376],[7.040452022601137,46.9793989699485],[7.051702585129263,46.976748837441875],[7.0592029601480135,46.968798439922],[7.0592029601480135,46.93964698234912],[7.092954647732391,46.90254512725636],[7.081704085204265,46.89724486224311],[7.066703335166764,46.88399419970999],[7.0592029601480135,46.862793139656986],[7.036701835091762,46.84954247712386],[7.029201460073004,46.87339366968348],[6.999199959998002,46.87604380219011],[7.0067003350167525,46.889294464723235],[6.984199209960501,46.918445922296115],[6.927946397319872,46.95289764488224]]],[[[6.890444522226112,46.862793139656986],[6.897944897244869,46.87339366968348],[6.909195459772995,46.86544327216361],[6.901695084754245,46.85484274213711],[6.890444522226112,46.862793139656986]]]]}},{"type":"Feature","properties":{"code":"CH-012","name":"Valais / Wallis","country":"CH","region":null},"geometry":{"type":"Polygon","coordinates":[[[7.044202210110512,45.92199609980499],[7.0329516475823795,45.953797689884496],[7.014200710035503,45.96704835241762],[7.017950897544878,45.980299014950745],[7.010450522526128,45.99354967748388],[6.987949397469876,46.006800340017],[6.931696584829247,46.06245312265614],[6.894194709735494,46.04655232761638],[6.875443772188611,46.05185259262963],[6.890444522226112,46.07570378518926],[6.886694334716736,46.09425471273563],[6.897944897244869,46.12340617030851],[6.815440772038606,46.13135656782839],[6.792939646982354,46.147257362868146],[6.792939646982354,46.16050802540127],[6.811690584529231,46.18170908545427],[6.8079403970198555,46.205560278013905],[6.852942647132359,46.25591279563979],[6.8604430221511095,46.279763988199406],[6.785439271963604,46.33541677083854],[6.774188709435478,46.35396769838492],[6.800440022001105,46.37781889094455],[6.819190959547981,46.42817140857043],[6.879193959697986,46.37781889094455],[6.890444522226112,46.34601730086504],[6.927946397319872,46.33011650582529],[6.9391969598479974,46.29831491574579],[7.0329516475823795,46.18965948297415],[7.111705585279267,46.2161608080404],[7.126706335316769,46.234711735586785],[7.18670933546678,46.271813590679535],[7.194209710485531,46.30626531326567],[7.220461023051158,46.33011650582529],[7.254212710635535,46.33276663833192],[7.265463273163661,46.35926796339817],[7.306715335766789,46.3725186259313],[7.310465523276164,46.35131756587829],[7.321716085804297,46.34601730086504],[7.434221711085556,46.3831191559578],[7.479223961198066,46.3831191559578],[7.494224711235567,46.369868493424676],[7.53172658632932,46.37516875843792],[7.546727336366821,46.38841942097105],[7.53172658632932,46.399019950997555],[7.539226961348071,46.40962048102405],[7.5954797739887,46.4149207460373],[7.625481274063709,46.44142207110356],[7.715485774288716,46.41757087854393],[7.839241962098107,46.475873793689686],[7.895494774738744,46.483824191209564],[7.962998149907499,46.512975648782444],[7.966748337416874,46.52887644382219],[7.966748337416874,46.54212710635532],[8.011750587529377,46.563328166408326],[8.109255462773142,46.54742737136857],[8.169258462923153,46.52887644382219],[8.18800940047003,46.52092604630232],[8.240512025601284,46.52887644382219],[8.25926296314816,46.52887644382219],[8.353017650882549,46.571278563928196],[8.364268213410675,46.58452922646133],[8.371768588429426,46.629581479073956],[8.409270463523178,46.65343267163358],[8.420521026051304,46.62693134656733],[8.409270463523178,46.58717935896795],[8.420521026051304,46.55802790139507],[8.43927196359818,46.54212710635532],[8.47677383869194,46.52887644382219],[8.46177308865444,46.512975648782444],[8.443022151107563,46.49707485374269],[8.394269713485677,46.49442472123606],[8.394269713485677,46.483824191209564],[8.386769338466927,46.475873793689686],[8.390519525976302,46.46792339616981],[8.383019150957551,46.45997299864993],[8.383019150957551,46.452022601130054],[8.308015400770046,46.422871143557174],[8.296764838241913,46.406970348517426],[8.315515775788796,46.396369818490925],[8.311765588279421,46.38046902345117],[8.26676333816691,46.3619180959048],[8.25926296314816,46.34601730086504],[8.229261463073158,46.33541677083854],[8.206760338016906,46.30626531326567],[8.135506775338769,46.29831491574579],[8.090504525226265,46.26916345817291],[8.08675433771689,46.25591279563979],[8.139256962848144,46.22411120556028],[8.161758087904403,46.18170908545427],[8.15050752537627,46.144607230361515],[8.120506025301268,46.13135656782839],[8.101755087754391,46.11015550777539],[8.038001900095011,46.09955497774889],[8.02300115005751,46.070403520176015],[8.03050152507626,46.04655232761638],[8.015500775038753,46.03330166508326],[8.011750587529377,46.01475073753688],[7.98549927496375,45.998849942497124],[7.9067453372668695,45.99354967748388],[7.8804940247012425,45.972348617430875],[7.872993649682485,45.94054702735137],[7.87674383719186,45.92729636481824],[7.872993649682485,45.92199609980499],[7.865493274663734,45.91669583479174],[7.824241212060606,45.924646232311616],[7.797989899494979,45.91934596729837],[7.756737836891851,45.93789689484474],[7.7229861493074665,45.924646232311616],[7.70423521176059,45.94849742487125],[7.662983149157462,45.9749987499375],[7.5954797739887,45.972348617430875],[7.569228461423073,45.985599279964],[7.546727336366821,45.982949147457376],[7.539226961348071,45.95909795489774],[7.497974898744943,45.95909795489774],[7.46797339866994,45.93524676233812],[7.385469273463677,45.90079503975199],[7.295464773238663,45.91934596729837],[7.2579628981449105,45.89284464223211],[7.216710835541782,45.88754437721886],[7.190459522976155,45.86104305215261],[7.1529576478823955,45.876943847192365],[7.104205210260517,45.86104305215261],[7.044202210110512,45.92199609980499]]]}},{"type":"Feature","properties":{"code":"CH-013","name":"Genève","country":"CH","region":null},"geometry":{"type":"MultiPolygon","coordinates":[[[[6.219160958047908,46.311565578278916],[6.24916245812291,46.29831491574579],[6.24166208310416,46.27446372318616],[6.260413020651036,46.25326266313316],[6.2904145207260385,46.258562928146404],[6.30541527076354,46.25326266313316],[6.294164708235414,46.22676133806691],[6.222911145557283,46.20026001300065],[6.192909645482281,46.18170908545427],[6.177908895444773,46.16050802540127],[6.136656832841645,46.1419570978549],[6.057902895144764,46.14990749537477],[6.0391519575978805,46.13930696534827],[5.990399519976002,46.144607230361515],[5.956647832391624,46.13135656782839],[5.990399519976002,46.17905895294765],[5.96789839491975,46.19760988049403],[5.975398769938501,46.21351067553378],[6.027901395069755,46.2373618680934],[6.084154207710391,46.24531226561328],[6.102905145257267,46.24001200060003],[6.1179058952947685,46.24796239811991],[6.102905145257267,46.282414120706036],[6.125406270313519,46.31686584329216],[6.14040702035102,46.30626531326567],[6.170408520426022,46.29301465073254],[6.200410020501032,46.28506425321267],[6.219160958047908,46.311565578278916]]],[[[6.24166208310416,46.34336716835842],[6.2379118955947845,46.338066903345165],[6.230411520576034,46.33011650582529],[6.177908895444773,46.34601730086504],[6.177908895444773,46.35926796339817],[6.24166208310416,46.34336716835842]]]]}},{"type":"Feature","properties":{"code":"CH-021","name":"Bern / Berne","country":"CH","region":null},"geometry":{"type":"MultiPolygon","coordinates":[[[[7.824241212060606,47.265613280664034],[7.8279913995699815,47.26031301565078],[7.8279913995699815,47.25501275063753],[7.8279913995699815,47.24441222061103],[7.839241962098107,47.23381169058453],[7.87674383719186,47.1781589079454],[7.87674383719186,47.1569578478924],[7.887994399719993,47.138406920346014],[7.8692434621731095,47.11720586029301],[7.8804940247012425,47.08805440272013],[7.872993649682485,47.04565228261413],[7.902995149757494,47.00855042752138],[7.951747587379373,47.003250162508124],[7.9479973998699975,46.98204910245512],[7.929246462323121,46.95024751237562],[7.872993649682485,46.921096054802746],[7.8804940247012425,46.90254512725636],[7.857992899644984,46.87604380219011],[7.8692434621731095,46.84689234461723],[7.977998899945,46.77798889944498],[8.049252462623137,46.78858942947147],[8.08675433771689,46.78593929696485],[8.146757337866894,46.756787839391976],[8.199259962998156,46.7700385019251],[8.225511275563782,46.76208810440522],[8.248012400620034,46.76738836941847],[8.278013900695036,46.754137706885345],[8.36801840092005,46.78858942947147],[8.394269713485677,46.772688634431724],[8.398019900995052,46.76738836941847],[8.413020651032554,46.772688634431724],[8.42427121356068,46.7700385019251],[8.435521776088805,46.772688634431724],[8.446772338616938,46.7700385019251],[8.450522526126313,46.764738236911846],[8.443022151107563,46.74088704435222],[8.454272713635689,46.695834791739586],[8.43927196359818,46.68788439421971],[8.401770088504428,46.68788439421971],[8.409270463523178,46.65343267163358],[8.371768588429426,46.629581479073956],[8.364268213410675,46.58452922646133],[8.353017650882549,46.571278563928196],[8.25926296314816,46.52887644382219],[8.240512025601284,46.52887644382219],[8.18800940047003,46.52092604630232],[8.169258462923153,46.52887644382219],[8.109255462773142,46.54742737136857],[8.011750587529377,46.563328166408326],[7.966748337416874,46.54212710635532],[7.966748337416874,46.52887644382219],[7.962998149907499,46.512975648782444],[7.895494774738744,46.483824191209564],[7.839241962098107,46.475873793689686],[7.715485774288716,46.41757087854393],[7.625481274063709,46.44142207110356],[7.5954797739887,46.4149207460373],[7.539226961348071,46.40962048102405],[7.53172658632932,46.399019950997555],[7.546727336366821,46.38841942097105],[7.53172658632932,46.37516875843792],[7.494224711235567,46.369868493424676],[7.479223961198066,46.3831191559578],[7.434221711085556,46.3831191559578],[7.321716085804297,46.34601730086504],[7.310465523276164,46.35131756587829],[7.306715335766789,46.3725186259313],[7.265463273163661,46.35926796339817],[7.254212710635535,46.33276663833192],[7.220461023051158,46.33011650582529],[7.220461023051158,46.356617830891544],[7.224211210560533,46.3619180959048],[7.212960648032407,46.36456822841142],[7.2054602730136565,46.37781889094455],[7.194209710485531,46.37781889094455],[7.2054602730136565,46.4043202160108],[7.209210460523032,46.4149207460373],[7.194209710485531,46.43347167358368],[7.194209710485531,46.44142207110356],[7.220461023051158,46.44142207110356],[7.227961398069908,46.454672733636684],[7.2317115855792835,46.46792339616981],[7.224211210560533,46.48647432371619],[7.235461773088659,46.48912445622281],[7.235461773088659,46.49442472123606],[7.242962148107409,46.502375118755936],[7.246712335616785,46.51827591379569],[7.246712335616785,46.52887644382219],[7.246712335616785,46.53682684134207],[7.239211960598034,46.54742737136857],[7.235461773088659,46.55272763638182],[7.276713835691787,46.579228961448074],[7.31421571078554,46.589829491474575],[7.31421571078554,46.629581479073956],[7.325466273313673,46.648132406620334],[7.355467773388675,46.645482274113704],[7.370468523426176,46.65873293664683],[7.374218710935551,46.69053452672634],[7.340467023351174,46.71173558677934],[7.302965148257414,46.72233611680584],[7.295464773238663,46.764738236911846],[7.325466273313673,46.830991549577476],[7.31421571078554,46.84954247712386],[7.347967398369924,46.860143007150356],[7.3517175858793,46.87604380219011],[7.325466273313673,46.891944597229866],[7.276713835691787,46.891944597229866],[7.209210460523032,46.90519525976299],[7.209210460523032,46.958197909895496],[7.227961398069908,46.987349367468376],[7.216710835541782,47.003250162508124],[7.111705585279267,46.9793989699485],[7.051702585129263,46.976748837441875],[7.040452022601137,46.9793989699485],[7.029201460073004,47.003250162508124],[7.0329516475823795,47.01915095754788],[7.081704085204265,47.056252812640636],[7.07795389769489,47.09070453522676],[7.0329516475823795,47.10660533026652],[7.029201460073004,47.11985599279964],[7.017950897544878,47.122506125306266],[6.931696584829247,47.111905595279765],[6.875443772188611,47.09335466773339],[6.882944147207361,47.130456522826144],[6.8604430221511095,47.16490824541227],[6.871693584679235,47.170208510425525],[6.890444522226112,47.15430771538577],[6.946697334866748,47.18610930546527],[6.984199209960501,47.1781589079454],[6.999199959998002,47.19140957047853],[7.025451272563629,47.199359967998404],[7.066703335166764,47.24441222061103],[7.092954647732391,47.23911195559778],[7.14920746037302,47.247062353117656],[7.145457272863645,47.26296314815741],[7.167958397919897,47.276213810690535],[7.167958397919897,47.29211460573029],[7.284214210710537,47.28416420821041],[7.381719085954302,47.31331566578329],[7.494224711235567,47.302715135756785],[7.52422621131057,47.315965798289916],[7.5504775238761965,47.345117255862796],[7.569228461423073,47.32656632831642],[7.535476773838695,47.29741487074354],[7.494224711235567,47.28681434071704],[7.464223211160565,47.265613280664034],[7.42297114855743,47.25501275063753],[7.415470773538679,47.24176208810441],[7.344217210860549,47.21526076303815],[7.3517175858793,47.196709835491774],[7.3779688984449265,47.18345917295865],[7.389219460973052,47.16225811290565],[7.411720586029304,47.16225811290565],[7.464223211160565,47.19140957047853],[7.490474523726192,47.167558377918894],[7.471723586179316,47.15430771538577],[7.445472273613682,47.151657582879146],[7.426721336066805,47.1357567878394],[7.4304715235761805,47.122506125306266],[7.374218710935551,47.122506125306266],[7.381719085954302,47.09600480024001],[7.4304715235761805,47.09865493274664],[7.441722086104306,47.07745387269364],[7.46047302365119,47.07745387269364],[7.471723586179316,47.08805440272013],[7.464223211160565,47.10660533026652],[7.5092254612730684,47.12780639031952],[7.527976398819945,47.16225811290565],[7.561728086404322,47.167558377918894],[7.587979398969949,47.151657582879146],[7.644232211610586,47.151657582879146],[7.670483524176213,47.170208510425525],[7.674233711685588,47.19140957047853],[7.651732586629336,47.20466023301165],[7.636731836591835,47.22586129306465],[7.599229961498082,47.24441222061103],[7.584229211460574,47.276213810690535],[7.685484274213714,47.29211460573029],[7.74173708685435,47.25766288314416],[7.824241212060606,47.265613280664034]],[[7.700485024251215,47.15960798039902],[7.689234461723089,47.167558377918894],[7.674233711685588,47.15960798039902],[7.692984649232464,47.151657582879146],[7.700485024251215,47.15960798039902]],[[7.242962148107409,46.93169658482924],[7.2317115855792835,46.93964698234912],[7.216710835541782,46.93434671733587],[7.2317115855792835,46.92639631981599],[7.242962148107409,46.93169658482924]]],[[[7.137956897844894,46.91049552477624],[7.122956147807393,46.899894994749744],[7.111705585279267,46.918445922296115],[7.130456522826144,46.918445922296115],[7.137956897844894,46.91049552477624]]],[[[7.081704085204265,46.89724486224311],[7.092954647732391,46.90254512725636],[7.100455022751142,46.899894994749744],[7.089204460223016,46.891944597229866],[7.0854542727136405,46.891944597229866],[7.081704085204265,46.89724486224311]]]]}},{"type":"Feature","properties":{"code":"CH-022","name":"Fribourg / Freiburg","country":"CH","region":null},"geometry":{"type":"MultiPolygon","coordinates":[[[[7.235461773088659,46.55272763638182],[7.209210460523032,46.53682684134207],[7.190459522976155,46.54212710635532],[7.1529576478823955,46.52887644382219],[7.104205210260517,46.49177458872944],[7.0592029601480135,46.483824191209564],[6.995449772488627,46.44142207110356],[6.972948647432375,46.483824191209564],[6.954197709885499,46.49972498624931],[6.890444522226112,46.51562578128907],[6.849192459622984,46.49707485374269],[6.822941147057357,46.51562578128907],[6.819190959547981,46.52887644382219],[6.826691334566732,46.53682684134207],[6.864193209660485,46.53682684134207],[6.890444522226112,46.560678033901695],[6.849192459622984,46.579228961448074],[6.800440022001105,46.579228961448074],[6.80419020951048,46.64018200910046],[6.830441522076107,46.65873293664683],[6.864193209660485,46.66138306915346],[6.871693584679235,46.68523426171309],[6.931696584829247,46.73293664683234],[6.935446772338622,46.74618730936547],[6.916695834791746,46.75943797189859],[6.957947897394874,46.793889694484726],[6.965448272413624,46.823041152057606],[6.987949397469876,46.83364168208411],[6.97669883494175,46.878693934696734],[6.965448272413624,46.88134406720336],[6.957947897394874,46.87339366968348],[6.897944897244869,46.92639631981599],[6.927946397319872,46.95289764488224],[6.984199209960501,46.918445922296115],[7.0067003350167525,46.889294464723235],[6.999199959998002,46.87604380219011],[7.029201460073004,46.87339366968348],[7.036701835091762,46.84954247712386],[7.0592029601480135,46.862793139656986],[7.066703335166764,46.88399419970999],[7.081704085204265,46.89724486224311],[7.0854542727136405,46.891944597229866],[7.089204460223016,46.891944597229866],[7.100455022751142,46.899894994749744],[7.092954647732391,46.90254512725636],[7.0592029601480135,46.93964698234912],[7.0592029601480135,46.968798439922],[7.051702585129263,46.976748837441875],[7.111705585279267,46.9793989699485],[7.216710835541782,47.003250162508124],[7.227961398069908,46.987349367468376],[7.209210460523032,46.958197909895496],[7.209210460523032,46.90519525976299],[7.276713835691787,46.891944597229866],[7.325466273313673,46.891944597229866],[7.3517175858793,46.87604380219011],[7.347967398369924,46.860143007150356],[7.31421571078554,46.84954247712386],[7.325466273313673,46.830991549577476],[7.295464773238663,46.764738236911846],[7.302965148257414,46.72233611680584],[7.340467023351174,46.71173558677934],[7.374218710935551,46.69053452672634],[7.370468523426176,46.65873293664683],[7.355467773388675,46.645482274113704],[7.325466273313673,46.648132406620334],[7.31421571078554,46.629581479073956],[7.31421571078554,46.589829491474575],[7.276713835691787,46.579228961448074],[7.235461773088659,46.55272763638182]],[[7.137956897844894,46.91049552477624],[7.130456522826144,46.918445922296115],[7.111705585279267,46.918445922296115],[7.122956147807393,46.899894994749744],[7.137956897844894,46.91049552477624]]],[[[7.242962148107409,46.93169658482924],[7.2317115855792835,46.92639631981599],[7.216710835541782,46.93434671733587],[7.2317115855792835,46.93964698234912],[7.242962148107409,46.93169658482924]]],[[[6.781689084454229,46.85219260963048],[6.86794339716986,46.91049552477624],[6.9129456472823705,46.87604380219011],[6.927946397319872,46.85484274213711],[6.90544527226362,46.82834141707086],[6.9129456472823705,46.809790489524474],[6.927946397319872,46.80449022451123],[6.9129456472823705,46.783289164458225],[6.879193959697986,46.77798889944498],[6.856692834641734,46.78593929696485],[6.826691334566732,46.77533876693835],[6.792939646982354,46.78593929696485],[6.744187209360469,46.82834141707086],[6.781689084454229,46.85219260963048]],[[6.890444522226112,46.862793139656986],[6.901695084754245,46.85484274213711],[6.909195459772995,46.86544327216361],[6.897944897244869,46.87339366968348],[6.890444522226112,46.862793139656986]]],[[[6.882944147207361,46.7488374418721],[6.852942647132359,46.724986249312465],[6.79668983449173,46.74088704435222],[6.841692084604233,46.76738836941847],[6.882944147207361,46.7488374418721]]],[[[6.774188709435478,46.724986249312465],[6.762938146907352,46.71703585179259],[6.747937396869844,46.73293664683234],[6.7666883344167275,46.743537176858844],[6.774188709435478,46.75148757437872],[6.785439271963604,46.7488374418721],[6.785439271963604,46.73558677933897],[6.774188709435478,46.724986249312465]]]]}},{"type":"Feature","properties":{"code":"CH-023","name":"Solothurn","country":"CH","region":null},"geometry":{"type":"MultiPolygon","coordinates":[[[[7.955497774888748,47.45642282114106],[7.966748337416874,47.459072953647684],[7.981749087454375,47.44582229111455],[7.98549927496375,47.43257162858143],[7.9742487124356245,47.4193209660483],[8.026751337566886,47.392819640982054],[8.02300115005751,47.3663183159158],[8.000500025001251,47.33716685834292],[7.966748337416874,47.32126606330317],[7.951747587379373,47.31861593079654],[7.944247212360622,47.331866593329664],[7.9067453372668695,47.33716685834292],[7.891744587229368,47.315965798289916],[7.861743087154359,47.305365268263415],[7.824241212060606,47.265613280664034],[7.74173708685435,47.25766288314416],[7.685484274213714,47.29211460573029],[7.584229211460574,47.276213810690535],[7.599229961498082,47.24441222061103],[7.636731836591835,47.22586129306465],[7.651732586629336,47.20466023301165],[7.674233711685588,47.19140957047853],[7.670483524176213,47.170208510425525],[7.644232211610586,47.151657582879146],[7.587979398969949,47.151657582879146],[7.561728086404322,47.167558377918894],[7.527976398819945,47.16225811290565],[7.5092254612730684,47.12780639031952],[7.464223211160565,47.10660533026652],[7.471723586179316,47.08805440272013],[7.46047302365119,47.07745387269364],[7.441722086104306,47.07745387269364],[7.4304715235761805,47.09865493274664],[7.381719085954302,47.09600480024001],[7.374218710935551,47.122506125306266],[7.4304715235761805,47.122506125306266],[7.426721336066805,47.1357567878394],[7.445472273613682,47.151657582879146],[7.471723586179316,47.15430771538577],[7.490474523726192,47.167558377918894],[7.464223211160565,47.19140957047853],[7.411720586029304,47.16225811290565],[7.389219460973052,47.16225811290565],[7.3779688984449265,47.18345917295865],[7.3517175858793,47.196709835491774],[7.344217210860549,47.21526076303815],[7.415470773538679,47.24176208810441],[7.42297114855743,47.25501275063753],[7.464223211160565,47.265613280664034],[7.494224711235567,47.28681434071704],[7.535476773838695,47.29741487074354],[7.569228461423073,47.32656632831642],[7.5504775238761965,47.345117255862796],[7.520476023801194,47.37161858092905],[7.464223211160565,47.37161858092905],[7.437971898594931,47.37956897844892],[7.449222461123057,47.400770038501925],[7.5092254612730684,47.3875193759688],[7.53172658632932,47.411370568528426],[7.569228461423073,47.41667083354168],[7.569228461423073,47.43257162858143],[7.610480524026208,47.43257162858143],[7.621731086554334,47.46172308615431],[7.606730336516833,47.47497374868743],[7.610480524026208,47.48822441122056],[7.64048202410121,47.48292414620731],[7.659232961648087,47.496174808740435],[7.707985399269965,47.47497374868743],[7.677983899194963,47.41667083354168],[7.636731836591835,47.40607030351518],[7.644232211610586,47.37426871343567],[7.7229861493074665,47.36896844842242],[7.752987649382476,47.345117255862796],[7.782989149457478,47.33981699084954],[7.80549027451373,47.361018050902544],[7.872993649682485,47.3875193759688],[7.872993649682485,47.3981199059953],[7.884244212210618,47.40342017100855],[7.91424571228562,47.400770038501925],[7.955497774888748,47.41667083354168],[7.9479973998699975,47.440522026101306],[7.955497774888748,47.45642282114106]]],[[[7.700485024251215,47.15960798039902],[7.692984649232464,47.151657582879146],[7.674233711685588,47.15960798039902],[7.689234461723089,47.167558377918894],[7.700485024251215,47.15960798039902]]],[[[7.445472273613682,47.46172308615431],[7.452972648632432,47.47497374868743],[7.4304715235761805,47.48292414620731],[7.4304715235761805,47.49087454372719],[7.437971898594931,47.496174808740435],[7.4829741487074415,47.48292414620731],[7.5092254612730684,47.50147507375369],[7.53172658632932,47.49352467623382],[7.527976398819945,47.47497374868743],[7.527976398819945,47.46437321866094],[7.520476023801194,47.459072953647684],[7.46047302365119,47.45112255612781],[7.445472273613682,47.46172308615431]]],[[[7.374218710935551,47.41402070103506],[7.381719085954302,47.43257162858143],[7.400470023501178,47.43522176108806],[7.42297114855743,47.44582229111455],[7.437971898594931,47.44582229111455],[7.449222461123057,47.43522176108806],[7.452972648632432,47.42727136356818],[7.445472273613682,47.41667083354168],[7.411720586029304,47.411370568528426],[7.374218710935551,47.41402070103506]]]]}},{"type":"Feature","properties":{"code":"CH-024","name":"Neuchâtel","country":"CH","region":null},"geometry":{"type":"Polygon","coordinates":[[[7.040452022601137,46.9793989699485],[7.002950147507377,46.987349367468376],[6.927946397319872,46.95289764488224],[6.897944897244869,46.92639631981599],[6.86794339716986,46.91049552477624],[6.781689084454229,46.85219260963048],[6.740437021851093,46.870743537176864],[6.736686834341718,46.891944597229866],[6.717935896794842,46.907845392269614],[6.717935896794842,46.93434671733587],[6.654182709135462,46.91314565728287],[6.62418120906046,46.889294464723235],[6.492924646232318,46.84954247712386],[6.459172958647933,46.85219260963048],[6.4629231461573085,46.891944597229866],[6.4366718335916815,46.93169658482924],[6.492924646232318,46.97144857242863],[6.519175958797945,46.968798439922],[6.6354317715885855,47.0006000300015],[6.6616830841542125,47.02710135506776],[6.714185709285466,47.04830241512076],[6.69543477173859,47.06685334266713],[6.710435521776091,47.082754137706885],[6.740437021851093,47.09335466773339],[6.744187209360469,47.111905595279765],[6.815440772038606,47.138406920346014],[6.8604430221511095,47.16490824541227],[6.882944147207361,47.130456522826144],[6.875443772188611,47.09335466773339],[6.931696584829247,47.111905595279765],[7.017950897544878,47.122506125306266],[7.029201460073004,47.11985599279964],[7.0329516475823795,47.10660533026652],[7.07795389769489,47.09070453522676],[7.081704085204265,47.056252812640636],[7.0329516475823795,47.01915095754788],[7.029201460073004,47.003250162508124],[7.040452022601137,46.9793989699485]]]}},{"type":"Feature","properties":{"code":"CH-025","name":"Jura","country":"CH","region":null},"geometry":{"type":"Polygon","coordinates":[[[7.374218710935551,47.41402070103506],[7.419220961048055,47.382219110955546],[7.437971898594931,47.37956897844892],[7.464223211160565,47.37161858092905],[7.520476023801194,47.37161858092905],[7.5504775238761965,47.345117255862796],[7.52422621131057,47.315965798289916],[7.494224711235567,47.302715135756785],[7.381719085954302,47.31331566578329],[7.284214210710537,47.28416420821041],[7.167958397919897,47.29211460573029],[7.167958397919897,47.276213810690535],[7.145457272863645,47.26296314815741],[7.14920746037302,47.247062353117656],[7.092954647732391,47.23911195559778],[7.066703335166764,47.24441222061103],[7.025451272563629,47.199359967998404],[6.999199959998002,47.19140957047853],[6.984199209960501,47.1781589079454],[6.946697334866748,47.18610930546527],[6.890444522226112,47.15430771538577],[6.871693584679235,47.170208510425525],[6.8604430221511095,47.16490824541227],[6.845442272113608,47.17285864293215],[6.950447522376123,47.24176208810441],[6.946697334866748,47.28946447322366],[7.002950147507377,47.30006500325017],[7.014200710035503,47.32391619580979],[7.044202210110512,47.32921646082304],[7.055452772638638,47.33981699084954],[7.044202210110512,47.361018050902544],[7.017950897544878,47.37161858092905],[6.882944147207361,47.3557177858893],[6.890444522226112,47.3769188459423],[6.909195459772995,47.3875193759688],[6.916695834791746,47.40342017100855],[6.9391969598479974,47.411370568528426],[6.9391969598479974,47.43257162858143],[6.995449772488627,47.45112255612781],[6.999199959998002,47.46172308615431],[6.987949397469876,47.47497374868743],[6.987949397469876,47.49352467623382],[7.014200710035503,47.50147507375369],[7.07795389769489,47.49087454372719],[7.130456522826144,47.50412520626031],[7.18670933546678,47.49087454372719],[7.182959147957405,47.47497374868743],[7.175458772938654,47.443172158607936],[7.2317115855792835,47.43787189359468],[7.246712335616785,47.421971098554934],[7.325466273313673,47.440522026101306],[7.355467773388675,47.41667083354168],[7.374218710935551,47.41402070103506]]]}},{"type":"Feature","properties":{"code":"CH-031","name":"Basel-Stadt","country":"CH","region":null},"geometry":{"type":"Polygon","coordinates":[[[7.63298164908246,47.56242812140607],[7.621731086554334,47.557127856392825],[7.617980899044959,47.54122706135307],[7.5954797739887,47.52267613380669],[7.584229211460574,47.54122706135307],[7.557977898894947,47.546527326366316],[7.554227711385572,47.5650782539127],[7.557977898894947,47.57302865143257],[7.565478273913698,47.575678783939196],[7.572978648932448,47.575678783939196],[7.584229211460574,47.575678783939196],[7.587979398969949,47.58892944647232],[7.614230711535583,47.57832891644583],[7.659232961648087,47.594229711485575],[7.681734086704338,47.575678783939196],[7.674233711685588,47.5650782539127],[7.63298164908246,47.56242812140607]]]}},{"type":"Feature","properties":{"code":"CH-032","name":"Basel-Landschaft","country":"CH","region":null},"geometry":{"type":"MultiPolygon","coordinates":[[[[7.325466273313673,47.440522026101306],[7.3367168358417985,47.440522026101306],[7.3517175858793,47.43522176108806],[7.381719085954302,47.43257162858143],[7.374218710935551,47.41402070103506],[7.355467773388675,47.41667083354168],[7.325466273313673,47.440522026101306]]],[[[7.42297114855743,47.44582229111455],[7.445472273613682,47.46172308615431],[7.46047302365119,47.45112255612781],[7.520476023801194,47.459072953647684],[7.527976398819945,47.46437321866094],[7.527976398819945,47.47497374868743],[7.53172658632932,47.49352467623382],[7.5092254612730684,47.50147507375369],[7.5092254612730684,47.51207560378019],[7.527976398819945,47.525326266313314],[7.505475273763693,47.53062653132657],[7.501725086254318,47.53857692884644],[7.554227711385572,47.5650782539127],[7.557977898894947,47.546527326366316],[7.584229211460574,47.54122706135307],[7.5954797739887,47.52267613380669],[7.617980899044959,47.54122706135307],[7.621731086554334,47.557127856392825],[7.63298164908246,47.56242812140607],[7.644232211610586,47.55182759137957],[7.6554827741387115,47.54387719385969],[7.674233711685588,47.53327666383319],[7.685484274213714,47.53327666383319],[7.69673483674184,47.53327666383319],[7.715485774288716,47.53857692884644],[7.782989149457478,47.52002600130007],[7.797989899494979,47.496174808740435],[7.8279913995699815,47.51207560378019],[7.835491774588732,47.53327666383319],[7.854242712135608,47.53327666383319],[7.910495524776245,47.48557427871394],[7.944247212360622,47.48292414620731],[7.944247212360622,47.47497374868743],[7.944247212360622,47.46437321866094],[7.955497774888748,47.45642282114106],[7.9479973998699975,47.440522026101306],[7.955497774888748,47.41667083354168],[7.91424571228562,47.400770038501925],[7.884244212210618,47.40342017100855],[7.872993649682485,47.3981199059953],[7.872993649682485,47.3875193759688],[7.80549027451373,47.361018050902544],[7.782989149457478,47.33981699084954],[7.752987649382476,47.345117255862796],[7.7229861493074665,47.36896844842242],[7.644232211610586,47.37426871343567],[7.636731836591835,47.40607030351518],[7.677983899194963,47.41667083354168],[7.707985399269965,47.47497374868743],[7.659232961648087,47.496174808740435],[7.64048202410121,47.48292414620731],[7.610480524026208,47.48822441122056],[7.606730336516833,47.47497374868743],[7.621731086554334,47.46172308615431],[7.610480524026208,47.43257162858143],[7.569228461423073,47.43257162858143],[7.569228461423073,47.41667083354168],[7.53172658632932,47.411370568528426],[7.5092254612730684,47.3875193759688],[7.449222461123057,47.400770038501925],[7.437971898594931,47.37956897844892],[7.419220961048055,47.382219110955546],[7.374218710935551,47.41402070103506],[7.411720586029304,47.411370568528426],[7.445472273613682,47.41667083354168],[7.452972648632432,47.42727136356818],[7.449222461123057,47.43522176108806],[7.437971898594931,47.44582229111455],[7.42297114855743,47.44582229111455]]]]}},{"type":"Feature","properties":{"code":"CH-033","name":"Aargau","country":"CH","region":null},"geometry":{"type":"Polygon","coordinates":[[[8.428021401070055,47.56772838641932],[8.401770088504428,47.53062653132657],[8.3605180259013,47.50677533876694],[8.3605180259013,47.48822441122056],[8.3755187759388,47.47497374868743],[8.36801840092005,47.467023351167555],[8.383019150957551,47.45112255612781],[8.386769338466927,47.421971098554934],[8.379268963448176,47.400770038501925],[8.405520276013803,47.3663183159158],[8.420521026051304,47.32656632831642],[8.446772338616938,47.32656632831642],[8.428021401070055,47.302715135756785],[8.398019900995052,47.28416420821041],[8.409270463523178,47.247062353117656],[8.409270463523178,47.24176208810441],[8.405520276013803,47.236461823091155],[8.398019900995052,47.228511425571284],[8.398019900995052,47.22056102805141],[8.401770088504428,47.21526076303815],[8.405520276013803,47.19405970298515],[8.401770088504428,47.18345917295865],[8.401770088504428,47.1781589079454],[8.413020651032554,47.17285864293215],[8.413020651032554,47.1569578478924],[8.413020651032554,47.141057052852645],[8.364268213410675,47.14900745037252],[8.300515025751288,47.265613280664034],[8.26676333816691,47.28151407570378],[8.233011650582533,47.27356367818391],[8.20301015050753,47.2311615580779],[8.18800940047003,47.22586129306465],[8.169258462923153,47.23381169058453],[8.165508275413778,47.247062353117656],[8.120506025301268,47.24441222061103],[8.090504525226265,47.26031301565078],[8.026751337566886,47.24441222061103],[7.989249462473126,47.276213810690535],[7.959247962398123,47.27356367818391],[7.955497774888748,47.2523626181309],[7.932996649832496,47.23911195559778],[7.839241962098107,47.23381169058453],[7.8279913995699815,47.24441222061103],[7.8279913995699815,47.25501275063753],[7.8279913995699815,47.26031301565078],[7.824241212060606,47.265613280664034],[7.861743087154359,47.305365268263415],[7.891744587229368,47.315965798289916],[7.9067453372668695,47.33716685834292],[7.944247212360622,47.331866593329664],[7.951747587379373,47.31861593079654],[7.966748337416874,47.32126606330317],[8.000500025001251,47.33716685834292],[8.02300115005751,47.3663183159158],[8.026751337566886,47.392819640982054],[7.9742487124356245,47.4193209660483],[7.98549927496375,47.43257162858143],[7.981749087454375,47.44582229111455],[7.966748337416874,47.459072953647684],[7.955497774888748,47.45642282114106],[7.944247212360622,47.46437321866094],[7.944247212360622,47.47497374868743],[7.944247212360622,47.48292414620731],[7.910495524776245,47.48557427871394],[7.854242712135608,47.53327666383319],[7.835491774588732,47.53327666383319],[7.8279913995699815,47.51207560378019],[7.797989899494979,47.496174808740435],[7.782989149457478,47.52002600130007],[7.715485774288716,47.53857692884644],[7.7229861493074665,47.54122706135307],[7.752987649382476,47.54387719385969],[7.794239711985604,47.557127856392825],[7.809240462023105,47.57037851892595],[7.820491024551231,47.586279313965704],[7.831741587079357,47.586279313965704],[7.839241962098107,47.583629181459074],[7.8692434621731095,47.58892944647232],[7.895494774738744,47.586279313965704],[7.921746087304371,47.54917745887295],[7.944247212360622,47.546527326366316],[7.966748337416874,47.557127856392825],[8.026751337566886,47.55182759137957],[8.064253212660638,47.56242812140607],[8.090504525226265,47.55977798889944],[8.109255462773142,47.58097904895245],[8.169258462923153,47.5968798439922],[8.206760338016906,47.62073103655183],[8.229261463073158,47.60748037401871],[8.289264463223162,47.60748037401871],[8.300515025751288,47.58892944647232],[8.326766338316922,47.57302865143257],[8.379268963448176,47.56772838641932],[8.401770088504428,47.575678783939196],[8.428021401070055,47.56772838641932]]]}},{"type":"Feature","properties":{"code":"CH-040","name":"Zürich","country":"CH","region":null},"geometry":{"type":"Polygon","coordinates":[[[8.694284714235714,47.16490824541227],[8.668033401670087,47.15960798039902],[8.630531526576334,47.17285864293215],[8.615530776538833,47.196709835491774],[8.578028901445073,47.217910895544776],[8.521776088804444,47.22056102805141],[8.47677383869194,47.2099604980249],[8.42427121356068,47.22586129306465],[8.409270463523178,47.247062353117656],[8.398019900995052,47.28416420821041],[8.428021401070055,47.302715135756785],[8.446772338616938,47.32656632831642],[8.420521026051304,47.32656632831642],[8.405520276013803,47.3663183159158],[8.379268963448176,47.400770038501925],[8.386769338466927,47.421971098554934],[8.383019150957551,47.45112255612781],[8.36801840092005,47.467023351167555],[8.3755187759388,47.47497374868743],[8.3605180259013,47.48822441122056],[8.3605180259013,47.50677533876694],[8.401770088504428,47.53062653132657],[8.428021401070055,47.56772838641932],[8.47677383869194,47.57832891644583],[8.46177308865444,47.60218010900545],[8.518025901295069,47.631331566578325],[8.559277963898197,47.6180809040452],[8.563028151407572,47.59952997649883],[8.536776838841945,47.583629181459074],[8.555527776388821,47.554477723886194],[8.566778338916947,47.55977798889944],[8.596779838991957,47.604830241512076],[8.600530026501332,47.6180809040452],[8.596779838991957,47.64193209660483],[8.604280214010707,47.64723236161808],[8.615530776538833,47.6392819640982],[8.626781339066959,47.64988249412471],[8.608030401520082,47.66843342167108],[8.630531526576334,47.692284614230715],[8.664283214160712,47.68698434921746],[8.671783589179462,47.68433421671084],[8.686784339216963,47.65518275913796],[8.71303565178259,47.64193209660483],[8.75053752687635,47.64193209660483],[8.795539776988853,47.663133156657835],[8.82179108955448,47.64723236161808],[8.803040152007604,47.604830241512076],[8.754287714385725,47.62073103655183],[8.7430371518576,47.60218010900545],[8.75053752687635,47.594229711485575],[8.840542027101357,47.56772838641932],[8.833041652082606,47.54917745887295],[8.844292214610732,47.53327666383319],[8.896794839741993,47.52267613380669],[8.893044652232618,47.48822441122056],[8.885544277213867,47.47497374868743],[8.91554577728887,47.43522176108806],[8.908045402270119,47.40342017100855],[8.938046902345121,47.390169508475424],[8.941797089854497,47.3769188459423],[8.971798589929499,47.34776738836942],[8.983049152457625,47.31861593079654],[8.938046902345121,47.28946447322366],[8.945547277363872,47.276213810690535],[8.938046902345121,47.265613280664034],[8.863043152157609,47.24441222061103],[8.80679033951698,47.247062353117656],[8.799289964498229,47.23911195559778],[8.80679033951698,47.22056102805141],[8.746787339366975,47.21261063053153],[8.698034901745089,47.196709835491774],[8.683034151707588,47.18080904045202],[8.694284714235714,47.16490824541227]]]}},{"type":"Feature","properties":{"code":"CH-051","name":"Glarus","country":"CH","region":null},"geometry":{"type":"Polygon","coordinates":[[[8.934296714835746,46.921096054802746],[8.960548027401373,46.929046452322616],[8.964298214910748,46.958197909895496],[8.941797089854497,46.97144857242863],[8.938046902345121,46.989999499975],[8.900545027251368,47.0218010900545],[8.908045402270119,47.03770188509426],[8.949297464873247,47.05095254762738],[8.968048402420123,47.082754137706885],[8.960548027401373,47.09335466773339],[8.971798589929499,47.109255462773135],[8.968048402420123,47.1357567878394],[9.005550277513876,47.17285864293215],[9.065553277663888,47.13310665533277],[9.185559277963904,47.122506125306266],[9.18930946547328,47.06685334266713],[9.148057402870151,47.03770188509426],[9.174308715435778,47.02710135506776],[9.215560778038906,47.032401620081004],[9.238061903095158,47.01650082504125],[9.249312465623284,46.995299764988246],[9.238061903095158,46.947597379868995],[9.249312465623284,46.91579578978949],[9.19680984049203,46.878693934696734],[9.155557777888902,46.878693934696734],[9.118055902795142,46.85219260963048],[9.091804590229515,46.870743537176864],[9.058052902645137,46.870743537176864],[9.005550277513876,46.812440622031104],[8.93054652732637,46.79653982699135],[8.908045402270119,46.812440622031104],[8.878043902195117,46.812440622031104],[8.881794089704492,46.82834141707086],[8.870543527176366,46.841592079603984],[8.896794839741993,46.84954247712386],[8.908045402270119,46.860143007150356],[8.919295964798245,46.862793139656986],[8.956797839891998,46.87604380219011],[8.956797839891998,46.88664433221661],[8.953047652382622,46.899894994749744],[8.945547277363872,46.90519525976299],[8.934296714835746,46.921096054802746]]]}},{"type":"Feature","properties":{"code":"CH-052","name":"Schaffhausen","country":"CH","region":null},"geometry":{"type":"MultiPolygon","coordinates":[[[[8.795539776988853,47.67638381919096],[8.799289964498229,47.69758487924396],[8.773038651932602,47.71348567428372],[8.803040152007604,47.73203660183009],[8.825541277063856,47.71348567428372],[8.859292964648233,47.70288514425721],[8.855542777138858,47.68698434921746],[8.874293714685741,47.65518275913796],[8.851792589629483,47.652532626631334],[8.833041652082606,47.67108355417771],[8.795539776988853,47.67638381919096]]],[[[8.728036401820098,47.692284614230715],[8.716785839291965,47.689634481724084],[8.70553527676384,47.71083554177709],[8.671783589179462,47.71083554177709],[8.664283214160712,47.68698434921746],[8.630531526576334,47.692284614230715],[8.608030401520082,47.66843342167108],[8.555527776388821,47.66843342167108],[8.529276463823194,47.65783289164459],[8.525526276313819,47.64723236161808],[8.473023651182565,47.64458222911146],[8.409270463523178,47.67108355417771],[8.416770838541929,47.68433421671084],[8.413020651032554,47.70288514425721],[8.454272713635689,47.72408620431022],[8.454272713635689,47.7426371318566],[8.473023651182565,47.7638381919096],[8.510525526276318,47.777088854442724],[8.570528526426322,47.77973898694935],[8.566778338916947,47.80359017950897],[8.615530776538833,47.800940047002356],[8.626781339066959,47.76118805940297],[8.645532276613835,47.76648832441622],[8.653032651632586,47.7956397819891],[8.679283964198213,47.78238911945597],[8.690534526726339,47.76118805940297],[8.716785839291965,47.7638381919096],[8.735536776838849,47.75588779438972],[8.739286964348224,47.747937396869844],[8.71303565178259,47.73203660183009],[8.731786589329474,47.71613580679034],[8.728036401820098,47.692284614230715]]],[[[8.563028151407572,47.59952997649883],[8.581779088954448,47.5968798439922],[8.596779838991957,47.604830241512076],[8.566778338916947,47.55977798889944],[8.555527776388821,47.554477723886194],[8.536776838841945,47.583629181459074],[8.563028151407572,47.59952997649883]]]]}},{"type":"Feature","properties":{"code":"CH-053","name":"Appenzell Ausserrhoden","country":"CH","region":null},"geometry":{"type":"Polygon","coordinates":[[[9.343067153357673,47.249712485624286],[9.21181059052953,47.276213810690535],[9.219310965548281,47.29211460573029],[9.21181059052953,47.31861593079654],[9.230561528076407,47.334516725836295],[9.20431021551078,47.345117255862796],[9.193059652982654,47.361018050902544],[9.215560778038906,47.36896844842242],[9.238061903095158,47.3981199059953],[9.418070903545178,47.40607030351518],[9.436821841092062,47.43257162858143],[9.519325966298318,47.45112255612781],[9.53432671633582,47.46437321866094],[9.590579528976455,47.459072953647684],[9.624331216560833,47.44582229111455],[9.616830841542082,47.43787189359468],[9.564328216410821,47.43522176108806],[9.583079153957705,47.4087204360218],[9.55682784139207,47.39546977348867],[9.553077653882696,47.40607030351518],[9.568078403920197,47.411370568528426],[9.545577278863945,47.42727136356818],[9.530576528826444,47.421971098554934],[9.508075403770192,47.39546977348867],[9.504325216260817,47.34776738836942],[9.459322966148314,47.35041752087605],[9.429321466073311,47.36896844842242],[9.36181809090455,47.382219110955546],[9.36181809090455,47.35836791839592],[9.31306565328267,47.32126606330317],[9.316815840792046,47.28946447322366],[9.343067153357673,47.249712485624286]]]}},{"type":"Feature","properties":{"code":"CH-054","name":"Appenzell Innerrhoden","country":"CH","region":null},"geometry":{"type":"MultiPolygon","coordinates":[[[[9.616830841542082,47.43787189359468],[9.59432971648583,47.42727136356818],[9.59432971648583,47.41402070103506],[9.583079153957705,47.4087204360218],[9.564328216410821,47.43522176108806],[9.616830841542082,47.43787189359468]]],[[[9.508075403770192,47.39546977348867],[9.530576528826444,47.421971098554934],[9.545577278863945,47.42727136356818],[9.568078403920197,47.411370568528426],[9.553077653882696,47.40607030351518],[9.55682784139207,47.39546977348867],[9.545577278863945,47.392819640982054],[9.54182709135457,47.400770038501925],[9.508075403770192,47.39546977348867]]],[[[9.343067153357673,47.249712485624286],[9.316815840792046,47.28946447322366],[9.31306565328267,47.32126606330317],[9.36181809090455,47.35836791839592],[9.36181809090455,47.382219110955546],[9.429321466073311,47.36896844842242],[9.459322966148314,47.35041752087605],[9.504325216260817,47.34776738836942],[9.48557427871394,47.28416420821041],[9.459322966148314,47.26296314815741],[9.388069403470176,47.236461823091155],[9.343067153357673,47.249712485624286]]]]}},{"type":"Feature","properties":{"code":"CH-055","name":"St. Gallen","country":"CH","region":null},"geometry":{"type":"Polygon","coordinates":[[[9.005550277513876,47.17285864293215],[8.964298214910748,47.18345917295865],[8.960548027401373,47.196709835491774],[8.968048402420123,47.2099604980249],[8.960548027401373,47.217910895544776],[8.840542027101357,47.2099604980249],[8.80679033951698,47.22056102805141],[8.799289964498229,47.23911195559778],[8.80679033951698,47.247062353117656],[8.863043152157609,47.24441222061103],[8.938046902345121,47.265613280664034],[8.945547277363872,47.276213810690535],[8.938046902345121,47.28946447322366],[8.983049152457625,47.31861593079654],[8.971798589929499,47.34776738836942],[8.941797089854497,47.3769188459423],[8.998049902495126,47.429921496074805],[9.043052152607636,47.44582229111455],[9.01680084004201,47.47232361618081],[9.02430121506076,47.48822441122056],[9.118055902795142,47.48292414620731],[9.170558527926403,47.496174808740435],[9.223061153057657,47.48027401370069],[9.290564528226419,47.48027401370069],[9.31306565328267,47.496174808740435],[9.29806490324517,47.51737586879344],[9.324316215810796,47.527976398819945],[9.395569778488927,47.48292414620731],[9.508075403770192,47.54917745887295],[9.560578028901446,47.54122706135307],[9.564328216410821,47.498824941247065],[9.58682934146708,47.47497374868743],[9.598079903995206,47.46437321866094],[9.654332716635835,47.45112255612781],[9.646832341617085,47.43257162858143],[9.65058252912646,47.41402070103506],[9.673083654182712,47.38486924346218],[9.65808290414521,47.37161858092905],[9.616830841542082,47.35836791839592],[9.58682934146708,47.315965798289916],[9.530576528826444,47.27091354567729],[9.511825591279568,47.2311615580779],[9.496824841242066,47.20731036551828],[9.489324466223316,47.19140957047853],[9.48557427871394,47.1781589079454],[9.496824841242066,47.1569578478924],[9.500575028751442,47.151657582879146],[9.504325216260817,47.14635731786589],[9.508075403770192,47.138406920346014],[9.515575778788943,47.122506125306266],[9.511825591279568,47.085404270213516],[9.474323716185815,47.06685334266713],[9.474323716185815,47.05095254762738],[9.54182709135457,46.976748837441875],[9.523076153807693,46.968798439922],[9.489324466223316,46.936996849842494],[9.481824091204565,46.91049552477624],[9.448072403620188,46.87604380219011],[9.391819590979551,46.89459472973649],[9.26806340317016,46.90519525976299],[9.249312465623284,46.91579578978949],[9.238061903095158,46.947597379868995],[9.249312465623284,46.995299764988246],[9.238061903095158,47.01650082504125],[9.215560778038906,47.032401620081004],[9.174308715435778,47.02710135506776],[9.148057402870151,47.03770188509426],[9.18930946547328,47.06685334266713],[9.185559277963904,47.122506125306266],[9.065553277663888,47.13310665533277],[9.005550277513876,47.17285864293215]],[[9.55682784139207,47.39546977348867],[9.583079153957705,47.4087204360218],[9.59432971648583,47.41402070103506],[9.59432971648583,47.42727136356818],[9.616830841542082,47.43787189359468],[9.624331216560833,47.44582229111455],[9.590579528976455,47.459072953647684],[9.53432671633582,47.46437321866094],[9.519325966298318,47.45112255612781],[9.436821841092062,47.43257162858143],[9.418070903545178,47.40607030351518],[9.238061903095158,47.3981199059953],[9.215560778038906,47.36896844842242],[9.193059652982654,47.361018050902544],[9.20431021551078,47.345117255862796],[9.230561528076407,47.334516725836295],[9.21181059052953,47.31861593079654],[9.219310965548281,47.29211460573029],[9.21181059052953,47.276213810690535],[9.343067153357673,47.249712485624286],[9.388069403470176,47.236461823091155],[9.459322966148314,47.26296314815741],[9.48557427871394,47.28416420821041],[9.504325216260817,47.34776738836942],[9.508075403770192,47.39546977348867],[9.54182709135457,47.400770038501925],[9.545577278863945,47.392819640982054],[9.55682784139207,47.39546977348867]],[[9.481824091204565,47.49352467623382],[9.463073153657689,47.50677533876694],[9.444322216110812,47.50147507375369],[9.459322966148314,47.48557427871394],[9.481824091204565,47.49352467623382]]]}},{"type":"Feature","properties":{"code":"CH-056","name":"Graubünden / Grigioni / Grischun","country":"CH","region":null},"geometry":{"type":"Polygon","coordinates":[[[9.249312465623284,46.234711735586785],[9.223061153057657,46.22676133806691],[9.185559277963904,46.173758687934395],[9.159307965398277,46.16845842292115],[9.08805440272014,46.2161608080404],[9.073053652682638,46.261213060653034],[9.058052902645137,46.28771438571928],[9.073053652682638,46.31421571078554],[9.069303465173263,46.33541677083854],[9.091804590229515,46.35926796339817],[9.08805440272014,46.38841942097105],[9.099304965248265,46.4149207460373],[9.08805440272014,46.43877193859693],[9.08805440272014,46.47057352867644],[9.046802340117011,46.48117405870293],[9.02430121506076,46.512975648782444],[9.020551027551384,46.52887644382219],[9.020551027551384,46.54742737136857],[9.035551777588886,46.592479623981205],[9.005550277513876,46.61103055152758],[8.968048402420123,46.6030801540077],[8.956797839891998,46.62693134656733],[8.911795589779494,46.618980949047454],[8.908045402270119,46.589829491474575],[8.840542027101357,46.56597829891494],[8.679283964198213,46.579228961448074],[8.675533776688837,46.616330816540824],[8.653032651632586,46.637531876593826],[8.675533776688837,46.666683334166706],[8.675533776688837,46.69053452672634],[8.739286964348224,46.714385719285964],[8.761788089404476,46.74088704435222],[8.784289214460728,46.73028651432571],[8.80679033951698,46.73558677933897],[8.818040902045105,46.75943797189859],[8.829291464573231,46.76738836941847],[8.829291464573231,46.7912395619781],[8.878043902195117,46.812440622031104],[8.908045402270119,46.812440622031104],[8.93054652732637,46.79653982699135],[9.005550277513876,46.812440622031104],[9.058052902645137,46.870743537176864],[9.091804590229515,46.870743537176864],[9.118055902795142,46.85219260963048],[9.155557777888902,46.878693934696734],[9.19680984049203,46.878693934696734],[9.249312465623284,46.91579578978949],[9.26806340317016,46.90519525976299],[9.391819590979551,46.89459472973649],[9.448072403620188,46.87604380219011],[9.481824091204565,46.91049552477624],[9.489324466223316,46.936996849842494],[9.523076153807693,46.968798439922],[9.54182709135457,46.976748837441875],[9.474323716185815,47.05095254762738],[9.47807390369519,47.056252812640636],[9.48557427871394,47.05095254762738],[9.493074653732691,47.056252812640636],[9.511825591279568,47.05890294514726],[9.530576528826444,47.064203210160514],[9.538076903845194,47.064203210160514],[9.560578028901446,47.05095254762738],[9.601830091504581,47.06155307765388],[9.605580279013957,47.06155307765388],[9.631831591579584,47.053602680134006],[9.676833841692087,47.06155307765388],[9.721836091804597,47.04300215010751],[9.785589279463977,47.03770188509426],[9.83059152957648,47.01650082504125],[9.871843592179616,47.01915095754788],[9.890594529726492,46.99264963248163],[9.875593779688991,46.966148307415374],[9.879343967198366,46.93434671733587],[10.018100905045259,46.899894994749744],[10.055602780139012,46.862793139656986],[10.085604280214014,46.860143007150356],[10.10435521776089,46.84424221211061],[10.145607280364025,46.85219260963048],[10.228111405570282,46.86809340467023],[10.228111405570282,46.89724486224311],[10.243112155607783,46.929046452322616],[10.310615530776545,46.92374618730936],[10.310615530776545,46.944947247362364],[10.325616280814046,46.95554777738887],[10.348117405870298,46.987349367468376],[10.389369468473426,46.99794989749488],[10.419370968548435,46.9793989699485],[10.426871343567186,46.96084804240212],[10.48687434371719,46.936996849842494],[10.468123406170314,46.88399419970999],[10.468123406170314,46.85484274213711],[10.453122656132813,46.809790489524474],[10.426871343567186,46.7912395619781],[10.438121906095311,46.7700385019251],[10.441872093604687,46.754137706885345],[10.404370218510927,46.73558677933897],[10.41562078103906,46.71173558677934],[10.38561928096405,46.68258412920646],[10.404370218510927,46.637531876593826],[10.449372468623437,46.64018200910046],[10.48687434371719,46.616330816540824],[10.475623781189064,46.550077503875194],[10.453122656132813,46.531526576328815],[10.41562078103906,46.550077503875194],[10.299364968248419,46.550077503875194],[10.280614030701543,46.571278563928196],[10.246862343117158,46.57657882894145],[10.243112155607783,46.589829491474575],[10.254362718135908,46.61103055152758],[10.235611780589032,46.63223161158058],[10.21311065553278,46.618980949047454],[10.186859342967153,46.6242812140607],[10.1343567178359,46.60838041902095],[10.10435521776089,46.60838041902095],[10.09685484274214,46.5818790939547],[10.048102405120261,46.54212710635532],[10.048102405120261,46.52887644382219],[10.051852592629636,46.46262313115656],[10.044352217610886,46.44672233611681],[10.085604280214014,46.422871143557174],[10.1343567178359,46.43082154107705],[10.164358217910902,46.40962048102405],[10.160608030401526,46.39106955347768],[10.130606530326517,46.37781889094455],[10.108105405270265,46.33541677083854],[10.171858592929652,46.258562928146404],[10.138106905345275,46.22941147057353],[10.070603530176513,46.21881094054703],[10.048102405120261,46.22941147057353],[10.059352967648387,46.25061253062653],[10.051852592629636,46.26651332566628],[9.995599779989007,46.28771438571928],[9.999349967498382,46.311565578278916],[9.984349217460874,46.32481624081204],[9.991849592479625,46.34866743337167],[9.950597529876497,46.37781889094455],[9.92434621731087,46.369868493424676],[9.901845092254618,46.37781889094455],[9.774338716935851,46.338066903345165],[9.736836841842099,46.34866743337167],[9.729336466823348,46.340717035851796],[9.721836091804597,46.308915445772286],[9.710585529276464,46.29301465073254],[9.676833841692087,46.300965048252415],[9.631831591579584,46.28771438571928],[9.583079153957705,46.29566478323916],[9.538076903845194,46.308915445772286],[9.500575028751442,46.35926796339817],[9.466823341167064,46.37781889094455],[9.455572778638938,46.422871143557174],[9.463073153657689,46.47057352867644],[9.459322966148314,46.505025251262566],[9.433071653582687,46.49707485374269],[9.410570528526428,46.46792339616981],[9.37681884094205,46.48912445622281],[9.365568278413924,46.50767538376919],[9.29806490324517,46.49972498624931],[9.279313965698286,46.49177458872944],[9.27556377818891,46.45997299864993],[9.249312465623284,46.44142207110356],[9.279313965698286,46.41227061353068],[9.279313965698286,46.367218360918045],[9.29806490324517,46.34601730086504],[9.29806490324517,46.32481624081204],[9.283064153207661,46.29566478323916],[9.253062653132659,46.26651332566628],[9.249312465623284,46.234711735586785]]]}},{"type":"Feature","properties":{"code":"CH-057","name":"Thurgau","country":"CH","region":null},"geometry":{"type":"MultiPolygon","coordinates":[[[[8.728036401820098,47.692284614230715],[8.7580379018951,47.689634481724084],[8.784289214460728,47.67638381919096],[8.795539776988853,47.67638381919096],[8.833041652082606,47.67108355417771],[8.851792589629483,47.652532626631334],[8.874293714685741,47.65518275913796],[8.896794839741993,47.64723236161808],[8.941797089854497,47.65783289164459],[8.99429971498575,47.67903395169759],[9.020551027551384,47.68698434921746],[9.09555477773889,47.67903395169759],[9.129306465323268,47.66578328916446],[9.136806840342018,47.66578328916446],[9.148057402870151,47.66843342167108],[9.159307965398277,47.66578328916446],[9.163058152907652,47.660483024151205],[9.170558527926403,47.65518275913796],[9.181809090454529,47.65518275913796],[9.26056302815141,47.65783289164459],[9.388069403470176,47.62073103655183],[9.508075403770192,47.54917745887295],[9.395569778488927,47.48292414620731],[9.324316215810796,47.527976398819945],[9.29806490324517,47.51737586879344],[9.31306565328267,47.496174808740435],[9.290564528226419,47.48027401370069],[9.223061153057657,47.48027401370069],[9.170558527926403,47.496174808740435],[9.118055902795142,47.48292414620731],[9.02430121506076,47.48822441122056],[9.01680084004201,47.47232361618081],[9.043052152607636,47.44582229111455],[8.998049902495126,47.429921496074805],[8.941797089854497,47.3769188459423],[8.938046902345121,47.390169508475424],[8.908045402270119,47.40342017100855],[8.91554577728887,47.43522176108806],[8.885544277213867,47.47497374868743],[8.893044652232618,47.48822441122056],[8.896794839741993,47.52267613380669],[8.844292214610732,47.53327666383319],[8.833041652082606,47.54917745887295],[8.840542027101357,47.56772838641932],[8.75053752687635,47.594229711485575],[8.7430371518576,47.60218010900545],[8.754287714385725,47.62073103655183],[8.803040152007604,47.604830241512076],[8.82179108955448,47.64723236161808],[8.795539776988853,47.663133156657835],[8.75053752687635,47.64193209660483],[8.71303565178259,47.64193209660483],[8.686784339216963,47.65518275913796],[8.671783589179462,47.68433421671084],[8.690534526726339,47.69493474673734],[8.701785089254464,47.692284614230715],[8.716785839291965,47.689634481724084],[8.728036401820098,47.692284614230715]]],[[[9.481824091204565,47.49352467623382],[9.459322966148314,47.48557427871394],[9.444322216110812,47.50147507375369],[9.463073153657689,47.50677533876694],[9.481824091204565,47.49352467623382]]]]}},{"type":"Feature","properties":{"code":"CH-061","name":"Luzern","country":"CH","region":null},"geometry":{"type":"Polygon","coordinates":[[[8.413020651032554,47.141057052852645],[8.420521026051304,47.12515625781289],[8.443022151107563,47.12780639031952],[8.454272713635689,47.11720586029301],[8.484274213710691,47.122506125306266],[8.491774588729442,47.101305065253264],[8.46927346367319,47.111905595279765],[8.446772338616938,47.111905595279765],[8.416770838541929,47.09865493274664],[8.390519525976302,47.06950347517376],[8.398019900995052,47.06155307765388],[8.443022151107563,47.06155307765388],[8.510525526276318,47.01915095754788],[8.503025151257567,47.003250162508124],[8.46927346367319,46.995299764988246],[8.465523276163815,47.00855042752138],[8.435521776088805,47.01650082504125],[8.420521026051304,47.0006000300015],[8.390519525976302,47.0006000300015],[8.383019150957551,47.01650082504125],[8.371768588429426,47.01915095754788],[8.334266713335673,46.99264963248163],[8.311765588279421,46.99794989749488],[8.229261463073158,46.989999499975],[8.221761088054407,46.98204910245512],[8.229261463073158,46.974098704935244],[8.161758087904403,46.96349817490875],[8.154257712885645,46.95554777738887],[8.15800790039502,46.936996849842494],[8.113005650282517,46.89724486224311],[8.098004900245016,46.91049552477624],[8.071753587679389,46.89459472973649],[8.064253212660638,46.862793139656986],[8.045502275113762,46.838941947097354],[8.060503025151263,46.809790489524474],[8.049252462623137,46.78858942947147],[7.977998899945,46.77798889944498],[7.8692434621731095,46.84689234461723],[7.857992899644984,46.87604380219011],[7.8804940247012425,46.90254512725636],[7.872993649682485,46.921096054802746],[7.929246462323121,46.95024751237562],[7.9479973998699975,46.98204910245512],[7.951747587379373,47.003250162508124],[7.902995149757494,47.00855042752138],[7.872993649682485,47.04565228261413],[7.8804940247012425,47.08805440272013],[7.8692434621731095,47.11720586029301],[7.887994399719993,47.138406920346014],[7.87674383719186,47.1569578478924],[7.87674383719186,47.1781589079454],[7.839241962098107,47.23381169058453],[7.932996649832496,47.23911195559778],[7.955497774888748,47.2523626181309],[7.959247962398123,47.27356367818391],[7.989249462473126,47.276213810690535],[8.026751337566886,47.24441222061103],[8.090504525226265,47.26031301565078],[8.120506025301268,47.24441222061103],[8.165508275413778,47.247062353117656],[8.169258462923153,47.23381169058453],[8.18800940047003,47.22586129306465],[8.20301015050753,47.2311615580779],[8.233011650582533,47.27356367818391],[8.26676333816691,47.28151407570378],[8.300515025751288,47.265613280664034],[8.364268213410675,47.14900745037252],[8.413020651032554,47.141057052852645]]]}},{"type":"Feature","properties":{"code":"CH-062","name":"Uri","country":"CH","region":null},"geometry":{"type":"Polygon","coordinates":[[[8.450522526126313,46.764738236911846],[8.488024401220066,46.77533876693835],[8.47677383869194,46.79918995949798],[8.484274213710691,46.82569128456423],[8.503025151257567,46.84689234461723],[8.473023651182565,46.85484274213711],[8.46927346367319,46.87339366968348],[8.47677383869194,46.88664433221661],[8.465523276163815,46.90254512725636],[8.488024401220066,46.91579578978949],[8.54052702635132,46.929046452322616],[8.570528526426322,46.989999499975],[8.600530026501332,46.98469923496175],[8.608030401520082,46.95289764488224],[8.690534526726339,46.944947247362364],[8.709285464273215,46.918445922296115],[8.761788089404476,46.93964698234912],[8.788039401970103,46.93169658482924],[8.818040902045105,46.936996849842494],[8.833041652082606,46.91314565728287],[8.848042402120107,46.907845392269614],[8.851792589629483,46.889294464723235],[8.934296714835746,46.921096054802746],[8.945547277363872,46.90519525976299],[8.953047652382622,46.899894994749744],[8.956797839891998,46.88664433221661],[8.956797839891998,46.87604380219011],[8.919295964798245,46.862793139656986],[8.908045402270119,46.860143007150356],[8.896794839741993,46.84954247712386],[8.870543527176366,46.841592079603984],[8.881794089704492,46.82834141707086],[8.878043902195117,46.812440622031104],[8.829291464573231,46.7912395619781],[8.829291464573231,46.76738836941847],[8.818040902045105,46.75943797189859],[8.80679033951698,46.73558677933897],[8.784289214460728,46.73028651432571],[8.761788089404476,46.74088704435222],[8.739286964348224,46.714385719285964],[8.675533776688837,46.69053452672634],[8.675533776688837,46.666683334166706],[8.653032651632586,46.637531876593826],[8.675533776688837,46.616330816540824],[8.679283964198213,46.579228961448074],[8.64178208910446,46.56862843142157],[8.536776838841945,46.5818790939547],[8.521776088804444,46.57392869643482],[8.514275713785693,46.54212710635532],[8.47677383869194,46.52887644382219],[8.43927196359818,46.54212710635532],[8.420521026051304,46.55802790139507],[8.409270463523178,46.58717935896795],[8.420521026051304,46.62693134656733],[8.409270463523178,46.65343267163358],[8.401770088504428,46.68788439421971],[8.43927196359818,46.68788439421971],[8.454272713635689,46.695834791739586],[8.443022151107563,46.74088704435222],[8.450522526126313,46.764738236911846]]]}},{"type":"Feature","properties":{"code":"CH-063","name":"Schwyz","country":"CH","region":null},"geometry":{"type":"Polygon","coordinates":[[[8.46927346367319,46.995299764988246],[8.503025151257567,47.003250162508124],[8.510525526276318,47.01915095754788],[8.443022151107563,47.06155307765388],[8.398019900995052,47.06155307765388],[8.390519525976302,47.06950347517376],[8.416770838541929,47.09865493274664],[8.446772338616938,47.111905595279765],[8.46927346367319,47.111905595279765],[8.491774588729442,47.101305065253264],[8.521776088804444,47.09070453522676],[8.555527776388821,47.09335466773339],[8.566778338916947,47.082754137706885],[8.638031901595085,47.09600480024001],[8.679283964198213,47.12515625781289],[8.698034901745089,47.151657582879146],[8.694284714235714,47.16490824541227],[8.683034151707588,47.18080904045202],[8.698034901745089,47.196709835491774],[8.746787339366975,47.21261063053153],[8.80679033951698,47.22056102805141],[8.840542027101357,47.2099604980249],[8.960548027401373,47.217910895544776],[8.968048402420123,47.2099604980249],[8.960548027401373,47.196709835491774],[8.964298214910748,47.18345917295865],[9.005550277513876,47.17285864293215],[8.968048402420123,47.1357567878394],[8.971798589929499,47.109255462773135],[8.960548027401373,47.09335466773339],[8.968048402420123,47.082754137706885],[8.949297464873247,47.05095254762738],[8.908045402270119,47.03770188509426],[8.900545027251368,47.0218010900545],[8.938046902345121,46.989999499975],[8.941797089854497,46.97144857242863],[8.964298214910748,46.958197909895496],[8.960548027401373,46.929046452322616],[8.934296714835746,46.921096054802746],[8.851792589629483,46.889294464723235],[8.848042402120107,46.907845392269614],[8.833041652082606,46.91314565728287],[8.818040902045105,46.936996849842494],[8.788039401970103,46.93169658482924],[8.761788089404476,46.93964698234912],[8.709285464273215,46.918445922296115],[8.690534526726339,46.944947247362364],[8.608030401520082,46.95289764488224],[8.600530026501332,46.98469923496175],[8.570528526426322,46.989999499975],[8.559277963898197,46.987349367468376],[8.544277213860695,46.9793989699485],[8.518025901295069,46.9793989699485],[8.506775338766943,46.976748837441875],[8.495524776238817,46.976748837441875],[8.465523276163815,46.98469923496175],[8.46927346367319,46.995299764988246]]]}},{"type":"Feature","properties":{"code":"CH-064","name":"Obwalden","country":"CH","region":null},"geometry":{"type":"MultiPolygon","coordinates":[[[[8.473023651182565,46.85484274213711],[8.503025151257567,46.84689234461723],[8.484274213710691,46.82569128456423],[8.47677383869194,46.79918995949798],[8.488024401220066,46.77533876693835],[8.450522526126313,46.764738236911846],[8.446772338616938,46.7700385019251],[8.435521776088805,46.772688634431724],[8.42427121356068,46.7700385019251],[8.413020651032554,46.772688634431724],[8.398019900995052,46.76738836941847],[8.394269713485677,46.772688634431724],[8.420521026051304,46.783289164458225],[8.379268963448176,46.81509075453773],[8.36801840092005,46.86809340467023],[8.379268963448176,46.86809340467023],[8.383019150957551,46.85484274213711],[8.409270463523178,46.86544327216361],[8.428021401070055,46.85219260963048],[8.473023651182565,46.85484274213711]]],[[[8.36801840092005,46.78858942947147],[8.278013900695036,46.754137706885345],[8.248012400620034,46.76738836941847],[8.225511275563782,46.76208810440522],[8.199259962998156,46.7700385019251],[8.146757337866894,46.756787839391976],[8.08675433771689,46.78593929696485],[8.049252462623137,46.78858942947147],[8.060503025151263,46.809790489524474],[8.045502275113762,46.838941947097354],[8.064253212660638,46.862793139656986],[8.071753587679389,46.89459472973649],[8.098004900245016,46.91049552477624],[8.113005650282517,46.89724486224311],[8.15800790039502,46.936996849842494],[8.154257712885645,46.95554777738887],[8.161758087904403,46.96349817490875],[8.229261463073158,46.974098704935244],[8.25926296314816,46.9793989699485],[8.308015400770046,46.97144857242863],[8.308015400770046,46.95289764488224],[8.293014650732538,46.93434671733587],[8.334266713335673,46.92639631981599],[8.341767088354423,46.918445922296115],[8.326766338316922,46.81774088704435],[8.36801840092005,46.78858942947147]]]]}},{"type":"Feature","properties":{"code":"CH-065","name":"Nidwalden","country":"CH","region":null},"geometry":{"type":"Polygon","coordinates":[[[8.229261463073158,46.974098704935244],[8.221761088054407,46.98204910245512],[8.229261463073158,46.989999499975],[8.311765588279421,46.99794989749488],[8.334266713335673,46.99264963248163],[8.371768588429426,47.01915095754788],[8.383019150957551,47.01650082504125],[8.390519525976302,47.0006000300015],[8.420521026051304,47.0006000300015],[8.435521776088805,47.01650082504125],[8.465523276163815,47.00855042752138],[8.46927346367319,46.995299764988246],[8.465523276163815,46.98469923496175],[8.495524776238817,46.976748837441875],[8.506775338766943,46.976748837441875],[8.518025901295069,46.9793989699485],[8.544277213860695,46.9793989699485],[8.559277963898197,46.987349367468376],[8.570528526426322,46.989999499975],[8.54052702635132,46.929046452322616],[8.488024401220066,46.91579578978949],[8.465523276163815,46.90254512725636],[8.47677383869194,46.88664433221661],[8.46927346367319,46.87339366968348],[8.473023651182565,46.85484274213711],[8.428021401070055,46.85219260963048],[8.409270463523178,46.86544327216361],[8.383019150957551,46.85484274213711],[8.379268963448176,46.86809340467023],[8.36801840092005,46.86809340467023],[8.379268963448176,46.81509075453773],[8.420521026051304,46.783289164458225],[8.394269713485677,46.772688634431724],[8.36801840092005,46.78858942947147],[8.326766338316922,46.81774088704435],[8.341767088354423,46.918445922296115],[8.334266713335673,46.92639631981599],[8.293014650732538,46.93434671733587],[8.308015400770046,46.95289764488224],[8.308015400770046,46.97144857242863],[8.25926296314816,46.9793989699485],[8.229261463073158,46.974098704935244]]]}},{"type":"Feature","properties":{"code":"CH-066","name":"Zug","country":"CH","region":null},"geometry":{"type":"Polygon","coordinates":[[[8.694284714235714,47.16490824541227],[8.698034901745089,47.151657582879146],[8.679283964198213,47.12515625781289],[8.638031901595085,47.09600480024001],[8.566778338916947,47.082754137706885],[8.555527776388821,47.09335466773339],[8.521776088804444,47.09070453522676],[8.491774588729442,47.101305065253264],[8.484274213710691,47.122506125306266],[8.454272713635689,47.11720586029301],[8.443022151107563,47.12780639031952],[8.420521026051304,47.12515625781289],[8.413020651032554,47.141057052852645],[8.413020651032554,47.1569578478924],[8.413020651032554,47.17285864293215],[8.401770088504428,47.1781589079454],[8.401770088504428,47.18345917295865],[8.405520276013803,47.19405970298515],[8.401770088504428,47.21526076303815],[8.398019900995052,47.22056102805141],[8.398019900995052,47.228511425571284],[8.405520276013803,47.236461823091155],[8.409270463523178,47.24176208810441],[8.409270463523178,47.247062353117656],[8.42427121356068,47.22586129306465],[8.47677383869194,47.2099604980249],[8.521776088804444,47.22056102805141],[8.578028901445073,47.217910895544776],[8.615530776538833,47.196709835491774],[8.630531526576334,47.17285864293215],[8.668033401670087,47.15960798039902],[8.694284714235714,47.16490824541227]]]}},{"type":"Feature","properties":{"code":"CH-070","name":"Ticino","country":"CH","region":null},"geometry":{"type":"Polygon","coordinates":[[[8.679283964198213,46.579228961448074],[8.840542027101357,46.56597829891494],[8.908045402270119,46.589829491474575],[8.911795589779494,46.618980949047454],[8.956797839891998,46.62693134656733],[8.968048402420123,46.6030801540077],[9.005550277513876,46.61103055152758],[9.035551777588886,46.592479623981205],[9.020551027551384,46.54742737136857],[9.020551027551384,46.52887644382219],[9.02430121506076,46.512975648782444],[9.046802340117011,46.48117405870293],[9.08805440272014,46.47057352867644],[9.08805440272014,46.43877193859693],[9.099304965248265,46.4149207460373],[9.08805440272014,46.38841942097105],[9.091804590229515,46.35926796339817],[9.069303465173263,46.33541677083854],[9.073053652682638,46.31421571078554],[9.058052902645137,46.28771438571928],[9.073053652682638,46.261213060653034],[9.08805440272014,46.2161608080404],[9.159307965398277,46.16845842292115],[9.121806090304517,46.136656832841645],[9.076803840192014,46.118105905295266],[9.08805440272014,46.08895444772239],[9.076803840192014,46.067753387669384],[9.02430121506076,46.05185259262963],[9.009300465023259,46.03330166508326],[9.028051402570135,45.9961998099905],[8.998049902495126,45.97764888244412],[8.998049902495126,45.96969848492425],[9.013050652532634,45.95644782239112],[9.020551027551384,45.92994649732486],[9.073053652682638,45.91139556977849],[9.084304215210764,45.89284464223211],[9.054302715135762,45.86899344967249],[9.028051402570135,45.82129106455323],[9.001800090004501,45.82129106455323],[8.99429971498575,45.83454172708635],[8.953047652382622,45.84249212460623],[8.911795589779494,45.82924146207311],[8.941797089854497,45.86899344967249],[8.919295964798245,45.91139556977849],[8.896794839741993,45.92994649732486],[8.893044652232618,45.953797689884496],[8.833041652082606,45.985599279964],[8.788039401970103,45.99354967748388],[8.799289964498229,46.01475073753688],[8.848042402120107,46.05450272513626],[8.851792589629483,46.07305365268263],[8.810540527026355,46.096904845242264],[8.761788089404476,46.10220511025551],[8.7430371518576,46.118105905295266],[8.71303565178259,46.096904845242264],[8.645532276613835,46.12340617030851],[8.615530776538833,46.12340617030851],[8.596779838991957,46.1419570978549],[8.596779838991957,46.15520776038802],[8.578028901445073,46.16580829041452],[8.529276463823194,46.2161608080404],[8.473023651182565,46.232061603080155],[8.446772338616938,46.25061253062653],[8.450522526126313,46.26651332566628],[8.43177158857943,46.29831491574579],[8.46177308865444,46.33541677083854],[8.46927346367319,46.40167008350417],[8.458022901145064,46.425521276063805],[8.46177308865444,46.44672233611681],[8.43927196359818,46.46262313115656],[8.383019150957551,46.452022601130054],[8.383019150957551,46.45997299864993],[8.390519525976302,46.46792339616981],[8.386769338466927,46.475873793689686],[8.394269713485677,46.483824191209564],[8.394269713485677,46.49442472123606],[8.443022151107563,46.49707485374269],[8.46177308865444,46.512975648782444],[8.47677383869194,46.52887644382219],[8.514275713785693,46.54212710635532],[8.521776088804444,46.57392869643482],[8.536776838841945,46.5818790939547],[8.64178208910446,46.56862843142157],[8.679283964198213,46.579228961448074]],[[8.956797839891998,45.961748087404374],[8.975548777438874,45.961748087404374],[8.975548777438874,45.982949147457376],[8.964298214910748,45.982949147457376],[8.956797839891998,45.961748087404374]]]}},{"type":"Feature","properties":{"code":"DE-01001","name":"Kreisfreie Stadt Flensburg","country":"DE","region":"Schleswig-Holstein"},"geometry":{"type":"Polygon","coordinates":[[[9.4229,54.8232],[9.4132,54.8212],[9.4019,54.8065],[9.4055,54.7953],[9.3576,54.7808],[9.379,54.7532],[9.4618,54.7532],[9.4602,54.761],[9.4747,54.7724],[9.5046,54.7726],[9.5057,54.7926],[9.4997,54.7961],[9.5054,54.8102],[9.4919,54.8226],[9.4673,54.8236],[9.4527,54.8075],[9.4343,54.8034],[9.4229,54.8232]]]}},{"type":"Feature","properties":{"code":"DE-01002","name":"Kreisfreie Stadt Kiel","country":"DE","region":"Schleswig-Holstein"},"geometry":{"type":"Polygon","coordinates":[[[10.1742,54.3457],[10.1578,54.3396],[10.1414,54.3539],[10.1483,54.3675],[10.1668,54.3779],[10.1607,54.3847],[10.1906,54.3896],[10.1927,54.4026],[10.1685,54.4328],[10.1574,54.4292],[10.1464,54.4108],[10.1326,54.4037],[10.1396,54.3889],[10.1163,54.3705],[10.0701,54.3711],[10.0614,54.36],[10.0355,54.3595],[10.0367,54.3467],[10.0685,54.3484],[10.0734,54.3439],[10.1013,54.3474],[10.1053,54.3367],[10.0857,54.3259],[10.0585,54.3299],[10.0428,54.3226],[10.0421,54.3121],[10.058,54.2882],[10.0682,54.2848],[10.0949,54.287],[10.0861,54.2695],[10.0946,54.2631],[10.1234,54.2555],[10.1539,54.2581],[10.1838,54.2531],[10.2012,54.2664],[10.2093,54.2801],[10.2057,54.2897],[10.1899,54.2979],[10.1902,54.3148],[10.218,54.3213],[10.2076,54.3378],[10.1742,54.3457]]]}},{"type":"Feature","properties":{"code":"DE-01003","name":"Kreisfreie Stadt Lübeck","country":"DE","region":"Schleswig-Holstein"},"geometry":{"type":"Polygon","coordinates":[[[10.9037,53.9568],[10.8888,53.9586],[10.8821,53.9676],[10.8842,53.9794],[10.8683,53.9918],[10.8409,53.9919],[10.8497,53.9802],[10.8321,53.9717],[10.8253,53.9528],[10.8287,53.9456],[10.8018,53.9297],[10.781,53.9284],[10.7751,53.9215],[10.7508,53.9219],[10.7414,53.9171],[10.7064,53.9123],[10.6911,53.9023],[10.6753,53.9025],[10.6561,53.8941],[10.6534,53.8862],[10.6378,53.8796],[10.6298,53.8903],[10.6051,53.8899],[10.5796,53.8976],[10.5635,53.8846],[10.5942,53.8722],[10.5912,53.8544],[10.6214,53.8481],[10.5999,53.838],[10.5654,53.8347],[10.5645,53.8215],[10.5823,53.8046],[10.5962,53.8131],[10.6055,53.7949],[10.5863,53.7896],[10.6017,53.777],[10.64,53.7682],[10.6384,53.786],[10.6515,53.782],[10.6732,53.7873],[10.6846,53.7819],[10.7402,53.8055],[10.7223,53.8231],[10.7335,53.8275],[10.75,53.8094],[10.763,53.8112],[10.7616,53.8226],[10.7479,53.8334],[10.7477,53.8515],[10.7595,53.8583],[10.7728,53.8741],[10.8024,53.8771],[10.8195,53.8936],[10.8479,53.8974],[10.8476,53.904],[10.8747,53.9145],[10.8863,53.9248],[10.9118,53.9142],[10.9024,53.9033],[10.911,53.898],[10.9509,53.9049],[10.9567,53.9098],[10.9393,53.9193],[10.8945,53.9254],[10.8977,53.9378],[10.9083,53.945],[10.9037,53.9568]]]}},{"type":"Feature","properties":{"code":"DE-01004","name":"Kreisfreie Stadt Neumünster","country":"DE","region":"Schleswig-Holstein"},"geometry":{"type":"Polygon","coordinates":[[[10.0349,54.1288],[10.0162,54.1335],[9.992,54.1499],[9.9811,54.1476],[9.979,54.1366],[9.9622,54.1331],[9.9257,54.0948],[9.9338,54.0859],[9.9314,54.0543],[9.9549,54.053],[9.9464,54.0359],[9.9444,54.0218],[9.9635,54.0216],[9.975,54.0274],[10.0016,54.0253],[10.0127,54.0359],[10.0365,54.0378],[10.0429,54.0491],[10.0559,54.0571],[10.0294,54.058],[10.0363,54.0697],[10.0161,54.0799],[10.0231,54.0885],[10.0192,54.1175],[10.0349,54.1288]]]}},{"type":"Feature","properties":{"code":"DE-01051","name":"Kreis Dithmarschen","country":"DE","region":"Schleswig-Holstein"},"geometry":{"type":"Polygon","coordinates":[[[9.176,54.3349],[9.1666,54.3314],[9.1615,54.3173],[9.1466,54.32],[9.1429,54.3282],[9.1522,54.3369],[9.1333,54.3398],[9.1331,54.3501],[9.1094,54.3561],[9.1033,54.3649],[9.0819,54.3633],[9.0389,54.3678],[9.0265,54.3765],[9.0039,54.3774],[8.9832,54.3619],[8.9842,54.3464],[8.9929,54.3329],[8.9736,54.3188],[8.9512,54.3143],[8.9242,54.2937],[8.9082,54.2886],[8.9004,54.2806],[8.9016,54.2643],[8.8802,54.262],[8.8448,54.2656],[8.8312,54.2367],[8.8386,54.2305],[8.8337,54.2145],[8.8188,54.2051],[8.8074,54.1756],[8.8168,54.1677],[8.8271,54.1436],[8.8369,54.1332],[8.8722,54.1254],[8.908,54.1351],[8.9292,54.1292],[8.9522,54.0888],[8.9766,54.0712],[8.9851,54.061],[8.9755,54.0398],[8.9581,54.034],[8.9402,54.0346],[8.927,54.0416],[8.8814,54.0461],[8.8593,54.043],[8.8408,54.0357],[8.8326,54.0239],[8.8561,53.9947],[8.8783,53.9799],[8.8777,53.9732],[8.8946,53.9483],[8.9149,53.9249],[8.9433,53.9114],[8.971,53.892],[9.012,53.8893],[9.0231,53.8979],[9.0417,53.8991],[9.0931,53.8883],[9.1267,53.8876],[9.1984,53.8894],[9.2093,53.9337],[9.2278,53.9417],[9.2441,53.9566],[9.289,53.9872],[9.3043,54.0116],[9.2895,54.0429],[9.3045,54.043],[9.3111,54.0634],[9.3145,54.0734],[9.3084,54.088],[9.3168,54.0923],[9.3138,54.1187],[9.3041,54.1256],[9.3532,54.146],[9.4428,54.1738],[9.4306,54.1875],[9.4394,54.1993],[9.4291,54.2104],[9.4374,54.2143],[9.4337,54.2378],[9.4433,54.2391],[9.4321,54.2585],[9.4043,54.2659],[9.404,54.2811],[9.3935,54.289],[9.3779,54.2882],[9.3626,54.2801],[9.3273,54.2825],[9.3076,54.2722],[9.2878,54.2753],[9.2836,54.2907],[9.2673,54.2972],[9.2624,54.3096],[9.2779,54.3249],[9.2638,54.3296],[9.2678,54.3397],[9.2292,54.3399],[9.2275,54.3258],[9.2027,54.3228],[9.1912,54.3334],[9.176,54.3349]]]}},{"type":"Feature","properties":{"code":"DE-01053","name":"Kreis Herzogtum Lauenburg","country":"DE","region":"Schleswig-Holstein"},"geometry":{"type":"Polygon","coordinates":[[[10.763,53.8112],[10.75,53.8094],[10.7335,53.8275],[10.7223,53.8231],[10.7402,53.8055],[10.6846,53.7819],[10.6732,53.7873],[10.6515,53.782],[10.6384,53.786],[10.64,53.7682],[10.6017,53.777],[10.5863,53.7896],[10.6055,53.7949],[10.5962,53.8131],[10.5823,53.8046],[10.5806,53.801],[10.5405,53.7914],[10.5471,53.7823],[10.533,53.7756],[10.5339,53.7627],[10.5107,53.7611],[10.5035,53.7535],[10.4858,53.7655],[10.4681,53.7658],[10.4472,53.7558],[10.4418,53.7408],[10.4258,53.7417],[10.4092,53.7337],[10.4241,53.7253],[10.4344,53.7264],[10.4462,53.7135],[10.4432,53.7005],[10.4118,53.7027],[10.4144,53.6927],[10.4063,53.6836],[10.405,53.6693],[10.4328,53.6575],[10.4334,53.6485],[10.46,53.6323],[10.4932,53.6335],[10.5147,53.6204],[10.5089,53.6089],[10.4704,53.5968],[10.4447,53.6004],[10.4366,53.6054],[10.4184,53.6022],[10.4154,53.5951],[10.3986,53.5894],[10.3876,53.578],[10.3531,53.5714],[10.3467,53.565],[10.3118,53.5542],[10.2923,53.5389],[10.3067,53.5328],[10.2995,53.5222],[10.2779,53.5272],[10.2701,53.5203],[10.2682,53.5073],[10.2436,53.5086],[10.2367,53.4964],[10.2384,53.4833],[10.2556,53.4782],[10.2693,53.4641],[10.299,53.4505],[10.326,53.4496],[10.308,53.4332],[10.3308,53.425],[10.3754,53.4248],[10.3979,53.4115],[10.444,53.3929],[10.4692,53.3858],[10.4989,53.3745],[10.553,53.3689],[10.5801,53.3598],[10.595,53.3639],[10.5991,53.3778],[10.6156,53.3833],[10.6196,53.3957],[10.6188,53.4258],[10.6349,53.456],[10.652,53.4615],[10.693,53.4551],[10.7017,53.4783],[10.7207,53.4761],[10.7522,53.4843],[10.7778,53.4952],[10.7864,53.5105],[10.8106,53.5162],[10.8191,53.5344],[10.8315,53.5422],[10.8268,53.5548],[10.8269,53.5762],[10.8422,53.5748],[10.8501,53.5653],[10.8647,53.5649],[10.8948,53.5724],[10.9111,53.5726],[10.9238,53.5842],[10.9182,53.5949],[10.9296,53.6287],[10.9519,53.6476],[10.9547,53.6586],[10.9389,53.6656],[10.9418,53.6845],[10.928,53.6872],[10.9232,53.6983],[10.8864,53.7057],[10.8577,53.7013],[10.8232,53.7119],[10.8072,53.7256],[10.8072,53.7385],[10.7813,53.7474],[10.758,53.7475],[10.7583,53.7643],[10.7723,53.7972],[10.763,53.8112]]]}},{"type":"Feature","properties":{"code":"DE-01054","name":"Kreis Nordfriesland","country":"DE","region":"Schleswig-Holstein"},"geometry":{"type":"MultiPolygon","coordinates":[[[[8.7374,54.6434],[8.7138,54.6392],[8.7191,54.6273],[8.7376,54.6346],[8.7374,54.6434]]],[[[8.5182,54.5788],[8.5173,54.5699],[8.5381,54.5648],[8.548,54.557],[8.5756,54.5605],[8.5573,54.5786],[8.5327,54.5752],[8.5182,54.5788]]],[[[8.6568,54.6437],[8.6635,54.6559],[8.6519,54.6576],[8.637,54.6492],[8.6027,54.6419],[8.5537,54.6355],[8.5405,54.6364],[8.5289,54.6273],[8.5485,54.6203],[8.5846,54.6341],[8.6026,54.633],[8.6468,54.6393],[8.6568,54.6437]]],[[[8.3424,54.6936],[8.3206,54.6918],[8.3032,54.6796],[8.2963,54.6641],[8.3056,54.6532],[8.3408,54.6262],[8.3674,54.6084],[8.3955,54.6132],[8.3821,54.6398],[8.362,54.6491],[8.3424,54.6936]]],[[[8.705,54.5576],[8.6864,54.5571],[8.6681,54.55],[8.641,54.5454],[8.6228,54.535],[8.5979,54.5343],[8.5875,54.5278],[8.5922,54.5087],[8.6207,54.49],[8.6381,54.4894],[8.6698,54.4945],[8.6831,54.5026],[8.706,54.5376],[8.7109,54.553],[8.705,54.5576]]],[[[8.5633,54.7524],[8.5373,54.7559],[8.5211,54.7516],[8.4626,54.7499],[8.4273,54.7462],[8.411,54.7371],[8.3972,54.7199],[8.3965,54.7042],[8.4318,54.6939],[8.4536,54.692],[8.4707,54.6826],[8.4849,54.6803],[8.5284,54.6815],[8.5665,54.68],[8.5857,54.7139],[8.5887,54.741],[8.5633,54.7524]]],[[[9.1134,54.8735],[9.0905,54.8702],[9.0482,54.8719],[9.0148,54.8864],[8.9842,54.8921],[8.9479,54.9026],[8.892,54.9049],[8.8487,54.8973],[8.837,54.9055],[8.799,54.9046],[8.7763,54.8955],[8.7551,54.8968],[8.728,54.8927],[8.6869,54.9088],[8.638,54.9113],[8.6377,54.8986],[8.6292,54.8917],[8.6005,54.8872],[8.5115,54.8842],[8.4865,54.8767],[8.4349,54.8764],[8.4201,54.8788],[8.3727,54.8969],[8.3621,54.9102],[8.3647,54.9224],[8.3599,54.9335],[8.3617,54.9578],[8.3531,54.9672],[8.3706,54.9895],[8.3955,55.0041],[8.439,55.0154],[8.426,55.0338],[8.3985,55.0363],[8.3992,55.0469],[8.448,55.0498],[8.4203,55.0587],[8.3976,55.0533],[8.3819,55.0357],[8.3462,54.9813],[8.3182,54.9448],[8.2979,54.9107],[8.2878,54.8767],[8.2786,54.7522],[8.2965,54.7454],[8.2957,54.7607],[8.3018,54.773],[8.292,54.786],[8.3005,54.818],[8.2935,54.8257],[8.2961,54.8424],[8.3081,54.8591],[8.3328,54.8633],[8.3332,54.8728],[8.3643,54.8759],[8.3757,54.8601],[8.402,54.8488],[8.4163,54.8475],[8.4542,54.8597],[8.4883,54.8746],[8.5139,54.8819],[8.6034,54.8857],[8.6127,54.8779],[8.6084,54.8404],[8.6438,54.8194],[8.6588,54.7957],[8.6859,54.7918],[8.7017,54.7737],[8.6974,54.7604],[8.7155,54.7377],[8.6942,54.731],[8.7195,54.7257],[8.7411,54.7164],[8.7517,54.6984],[8.7539,54.6813],[8.7818,54.6657],[8.8303,54.6534],[8.8461,54.6259],[8.8869,54.6079],[8.893,54.5968],[8.8686,54.5618],[8.8762,54.5513],[8.8715,54.5283],[8.8373,54.5086],[8.8126,54.5036],[8.8061,54.4959],[8.8181,54.485],[8.8074,54.4699],[8.8418,54.4606],[8.8934,54.4606],[8.925,54.4792],[8.9311,54.4918],[8.9469,54.4993],[8.9455,54.5124],[8.9829,54.524],[9.0084,54.4967],[9.0125,54.4844],[8.9993,54.4653],[8.9902,54.4601],[8.9636,54.4555],[8.9481,54.4396],[8.9315,54.4331],[8.9114,54.4177],[8.8712,54.4048],[8.8527,54.403],[8.8334,54.4085],[8.8084,54.4094],[8.7416,54.3988],[8.6989,54.3967],[8.6743,54.4],[8.6521,54.3888],[8.6494,54.3792],[8.6595,54.374],[8.691,54.3731],[8.6927,54.3578],[8.662,54.3482],[8.6441,54.3382],[8.6229,54.3429],[8.6032,54.3407],[8.6,54.329],[8.6032,54.3133],[8.6316,54.3009],[8.6511,54.2868],[8.6744,54.2788],[8.6891,54.2786],[8.7052,54.2869],[8.7376,54.2937],[8.7697,54.2831],[8.7917,54.2818],[8.8213,54.2913],[8.8418,54.2785],[8.8448,54.2656],[8.8802,54.262],[8.9016,54.2643],[8.9004,54.2806],[8.9082,54.2886],[8.9242,54.2937],[8.9512,54.3143],[8.9736,54.3188],[8.9929,54.3329],[8.9842,54.3464],[8.9832,54.3619],[9.0039,54.3774],[9.0265,54.3765],[9.0389,54.3678],[9.0819,54.3633],[9.1033,54.3649],[9.1094,54.3561],[9.1331,54.3501],[9.1333,54.3398],[9.1522,54.3369],[9.1429,54.3282],[9.1466,54.32],[9.1615,54.3173],[9.1666,54.3314],[9.176,54.3349],[9.1727,54.349],[9.1868,54.3494],[9.2048,54.3818],[9.2572,54.3709],[9.259,54.3902],[9.2736,54.4039],[9.2756,54.4138],[9.2905,54.4251],[9.3186,54.4387],[9.3262,54.4574],[9.3132,54.4653],[9.3181,54.4728],[9.2864,54.4972],[9.2807,54.5153],[9.2979,54.5252],[9.2927,54.5365],[9.3112,54.5532],[9.2921,54.5606],[9.2851,54.5714],[9.2501,54.5785],[9.2556,54.5851],[9.2539,54.6039],[9.2421,54.6077],[9.2322,54.6241],[9.2074,54.6313],[9.2226,54.648],[9.1864,54.6612],[9.1672,54.6865],[9.1717,54.6987],[9.1474,54.6998],[9.1436,54.6927],[9.1245,54.6906],[9.0754,54.6966],[9.0823,54.7125],[9.0764,54.7182],[9.08,54.7454],[9.0783,54.7564],[9.1113,54.7679],[9.1076,54.7769],[9.1192,54.7873],[9.0991,54.8151],[9.0806,54.8203],[9.0987,54.8294],[9.1097,54.8403],[9.1146,54.8588],[9.1134,54.8735]]]]}},{"type":"Feature","properties":{"code":"DE-01055","name":"Kreis Ostholstein","country":"DE","region":"Schleswig-Holstein"},"geometry":{"type":"MultiPolygon","coordinates":[[[[11.0862,54.5306],[11.0607,54.5333],[11.0312,54.5118],[11.0103,54.4826],[11.0043,54.449],[11.0216,54.4378],[11.037,54.4465],[11.0632,54.4528],[11.097,54.4433],[11.1018,54.4316],[11.0949,54.4226],[11.0951,54.4095],[11.121,54.4021],[11.173,54.4015],[11.1661,54.4128],[11.1731,54.4196],[11.197,54.4199],[11.2102,54.4139],[11.255,54.4113],[11.2743,54.4064],[11.3127,54.4023],[11.2981,54.4308],[11.2794,54.4459],[11.2758,54.4563],[11.2535,54.4711],[11.2424,54.4935],[11.2258,54.505],[11.1968,54.5091],[11.1655,54.5225],[11.1353,54.5241],[11.0862,54.5306]]],[[[10.8409,53.9919],[10.8238,53.9948],[10.8039,53.9921],[10.7872,53.9974],[10.7727,54.0094],[10.7518,54.0371],[10.7571,54.0566],[10.7919,54.076],[10.8006,54.0851],[10.8007,54.0988],[10.8239,54.089],[10.8552,54.089],[10.8644,54.0849],[10.8881,54.0927],[10.9262,54.1184],[10.9489,54.1379],[11.0512,54.1787],[11.0629,54.1887],[11.0938,54.1991],[11.0912,54.2186],[11.0819,54.2518],[11.0838,54.2793],[11.0767,54.3026],[11.0719,54.3422],[11.058,54.3524],[11.0705,54.3581],[11.0822,54.3528],[11.1259,54.374],[11.1288,54.3899],[11.1105,54.3968],[11.091,54.3919],[11.0787,54.3798],[11.0282,54.3681],[10.9986,54.3696],[10.9716,54.3824],[10.9518,54.3845],[10.9312,54.3819],[10.9097,54.3689],[10.874,54.3592],[10.8292,54.33],[10.7895,54.3121],[10.7587,54.306],[10.7398,54.3096],[10.7138,54.3051],[10.7175,54.2941],[10.7063,54.2883],[10.7123,54.2745],[10.729,54.2701],[10.7151,54.2587],[10.721,54.2501],[10.716,54.2417],[10.699,54.232],[10.6994,54.2185],[10.7163,54.2144],[10.7058,54.2059],[10.6739,54.1918],[10.6695,54.2073],[10.6414,54.2197],[10.6061,54.2252],[10.5735,54.2354],[10.5406,54.228],[10.5494,54.2194],[10.526,54.1861],[10.4951,54.1847],[10.4829,54.1773],[10.4922,54.1586],[10.5036,54.1601],[10.5161,54.1399],[10.5413,54.1341],[10.53,54.1187],[10.5022,54.1238],[10.4813,54.1186],[10.4803,54.1044],[10.4603,54.1113],[10.4578,54.1176],[10.4224,54.1162],[10.4216,54.1021],[10.4274,54.0923],[10.4175,54.0832],[10.4482,54.0674],[10.4542,54.06],[10.4846,54.0584],[10.5052,54.0726],[10.5223,54.0717],[10.5421,54.0656],[10.5636,54.0682],[10.5576,54.0504],[10.5479,54.0441],[10.5566,54.0311],[10.5392,54.0184],[10.5015,54.0272],[10.4871,54.0156],[10.4757,54.0129],[10.4556,53.993],[10.4592,53.9894],[10.4901,53.9869],[10.5175,53.9801],[10.5188,53.9578],[10.5444,53.9495],[10.5506,53.9294],[10.5339,53.9188],[10.5453,53.9095],[10.5793,53.9063],[10.5796,53.8976],[10.6051,53.8899],[10.6298,53.8903],[10.6378,53.8796],[10.6534,53.8862],[10.6561,53.8941],[10.6753,53.9025],[10.6911,53.9023],[10.7064,53.9123],[10.7414,53.9171],[10.7508,53.9219],[10.7751,53.9215],[10.781,53.9284],[10.8018,53.9297],[10.8287,53.9456],[10.8253,53.9528],[10.8321,53.9717],[10.8497,53.9802],[10.8409,53.9919]]]]}},{"type":"Feature","properties":{"code":"DE-01056","name":"Kreis Pinneberg","country":"DE","region":"Schleswig-Holstein"},"geometry":{"type":"MultiPolygon","coordinates":[[[[9.7303,53.558],[9.7163,53.5585],[9.7301,53.5576],[9.7303,53.558]]],[[[9.5268,53.6644],[9.5273,53.6856],[9.5161,53.7039],[9.5004,53.7105],[9.4961,53.7097],[9.5108,53.6919],[9.5197,53.6743],[9.5268,53.6644]]],[[[9.7514,53.893],[9.6702,53.8893],[9.6475,53.8794],[9.6565,53.8568],[9.6752,53.8514],[9.6747,53.8426],[9.6618,53.8026],[9.6426,53.7737],[9.6058,53.7624],[9.5662,53.7528],[9.5777,53.7282],[9.5717,53.7176],[9.5472,53.7147],[9.5323,53.7173],[9.5176,53.7139],[9.5262,53.7067],[9.5518,53.671],[9.5512,53.6519],[9.5662,53.6317],[9.5555,53.6207],[9.5938,53.6064],[9.6146,53.596],[9.6307,53.5942],[9.6525,53.5851],[9.6736,53.5717],[9.7344,53.5652],[9.7397,53.5831],[9.7556,53.6025],[9.7535,53.613],[9.7706,53.6162],[9.7867,53.6116],[9.7974,53.5967],[9.8162,53.5862],[9.8367,53.5875],[9.9047,53.6418],[9.9048,53.6518],[9.9454,53.6529],[9.9349,53.679],[9.9431,53.6874],[9.9439,53.7043],[9.9787,53.7428],[9.9847,53.76],[9.9716,53.7701],[9.9406,53.752],[9.9015,53.7512],[9.9014,53.7695],[9.8956,53.7756],[9.8672,53.7817],[9.8815,53.798],[9.8808,53.8109],[9.8498,53.8296],[9.8214,53.8259],[9.8301,53.8382],[9.8245,53.8458],[9.7636,53.8732],[9.7514,53.893]]]]}},{"type":"Feature","properties":{"code":"DE-01057","name":"Kreis Plön","country":"DE","region":"Schleswig-Holstein"},"geometry":{"type":"Polygon","coordinates":[[[10.7138,54.3051],[10.6841,54.3106],[10.6782,54.3214],[10.6509,54.3321],[10.6393,54.3475],[10.5985,54.3638],[10.5418,54.3794],[10.4994,54.3863],[10.4737,54.3925],[10.4212,54.4117],[10.394,54.4247],[10.3398,54.4348],[10.3021,54.4332],[10.2874,54.4269],[10.2898,54.4195],[10.2341,54.4157],[10.2188,54.4066],[10.2081,54.3874],[10.1992,54.3803],[10.196,54.366],[10.1782,54.3611],[10.1742,54.3457],[10.2076,54.3378],[10.218,54.3213],[10.1902,54.3148],[10.1899,54.2979],[10.2057,54.2897],[10.2093,54.2801],[10.2012,54.2664],[10.1838,54.2531],[10.1539,54.2581],[10.1234,54.2555],[10.0972,54.2385],[10.13,54.2311],[10.1222,54.2222],[10.1311,54.2095],[10.1248,54.1959],[10.1176,54.1602],[10.1305,54.1446],[10.1138,54.1396],[10.108,54.1293],[10.0897,54.1319],[10.0718,54.1254],[10.0563,54.1321],[10.0349,54.1288],[10.0192,54.1175],[10.0231,54.0885],[10.0161,54.0799],[10.0363,54.0697],[10.0294,54.058],[10.0559,54.0571],[10.0878,54.0556],[10.1373,54.0599],[10.1541,54.0548],[10.176,54.0593],[10.187,54.0693],[10.2204,54.0791],[10.2285,54.077],[10.2663,54.0907],[10.2832,54.1004],[10.331,54.104],[10.3548,54.1077],[10.3575,54.0826],[10.3738,54.0728],[10.419,54.0721],[10.4175,54.0832],[10.4274,54.0923],[10.4216,54.1021],[10.4224,54.1162],[10.4578,54.1176],[10.4603,54.1113],[10.4803,54.1044],[10.4813,54.1186],[10.5022,54.1238],[10.53,54.1187],[10.5413,54.1341],[10.5161,54.1399],[10.5036,54.1601],[10.4922,54.1586],[10.4829,54.1773],[10.4951,54.1847],[10.526,54.1861],[10.5494,54.2194],[10.5406,54.228],[10.5735,54.2354],[10.6061,54.2252],[10.6414,54.2197],[10.6695,54.2073],[10.6739,54.1918],[10.7058,54.2059],[10.7163,54.2144],[10.6994,54.2185],[10.699,54.232],[10.716,54.2417],[10.721,54.2501],[10.7151,54.2587],[10.729,54.2701],[10.7123,54.2745],[10.7063,54.2883],[10.7175,54.2941],[10.7138,54.3051]]]}},{"type":"Feature","properties":{"code":"DE-01058","name":"Kreis Rendsburg-Eckernförde","country":"DE","region":"Schleswig-Holstein"},"geometry":{"type":"Polygon","coordinates":[[[10.0312,54.6366],[10.0219,54.6433],[10.0058,54.6442],[9.9841,54.6381],[9.9642,54.6276],[9.9452,54.6367],[9.939,54.6257],[9.9073,54.6152],[9.8779,54.5986],[9.8617,54.596],[9.8382,54.5841],[9.8237,54.5834],[9.8025,54.5666],[9.7793,54.5566],[9.7657,54.5557],[9.7488,54.5465],[9.7378,54.525],[9.7008,54.5144],[9.713,54.4988],[9.6974,54.4901],[9.6751,54.4961],[9.6434,54.4815],[9.6282,54.4658],[9.6413,54.4546],[9.5895,54.4346],[9.5585,54.4318],[9.5529,54.3939],[9.5657,54.3728],[9.5562,54.3579],[9.5126,54.3505],[9.4947,54.3406],[9.4572,54.3376],[9.4398,54.3443],[9.4158,54.3463],[9.3908,54.324],[9.4011,54.3226],[9.4018,54.2961],[9.3935,54.289],[9.404,54.2811],[9.4043,54.2659],[9.4321,54.2585],[9.4433,54.2391],[9.4337,54.2378],[9.4374,54.2143],[9.4291,54.2104],[9.4394,54.1993],[9.4306,54.1875],[9.4428,54.1738],[9.3532,54.146],[9.3041,54.1256],[9.3138,54.1187],[9.3168,54.0923],[9.3084,54.088],[9.3145,54.0734],[9.3111,54.0634],[9.3366,54.064],[9.3488,54.071],[9.3786,54.0638],[9.439,54.0699],[9.4399,54.0782],[9.4534,54.0877],[9.4735,54.091],[9.4933,54.0852],[9.5185,54.0971],[9.5241,54.0949],[9.5702,54.0924],[9.6015,54.0628],[9.605,54.0487],[9.6574,54.047],[9.6802,54.0536],[9.7076,54.0481],[9.7131,54.0425],[9.7405,54.0463],[9.7673,54.0533],[9.7832,54.0489],[9.8045,54.0506],[9.8198,54.0407],[9.8166,54.0216],[9.8562,54.0195],[9.8643,54.012],[9.8766,54.0089],[9.8988,54.0103],[9.9444,54.0218],[9.9464,54.0359],[9.9549,54.053],[9.9314,54.0543],[9.9338,54.0859],[9.9257,54.0948],[9.9622,54.1331],[9.979,54.1366],[9.9811,54.1476],[9.992,54.1499],[10.0162,54.1335],[10.0349,54.1288],[10.0563,54.1321],[10.0718,54.1254],[10.0897,54.1319],[10.108,54.1293],[10.1138,54.1396],[10.1305,54.1446],[10.1176,54.1602],[10.1248,54.1959],[10.1311,54.2095],[10.1222,54.2222],[10.13,54.2311],[10.0972,54.2385],[10.1234,54.2555],[10.0946,54.2631],[10.0861,54.2695],[10.0949,54.287],[10.0682,54.2848],[10.058,54.2882],[10.0421,54.3121],[10.0428,54.3226],[10.0585,54.3299],[10.0857,54.3259],[10.1053,54.3367],[10.1013,54.3474],[10.0734,54.3439],[10.0685,54.3484],[10.0367,54.3467],[10.0355,54.3595],[10.0614,54.36],[10.0701,54.3711],[10.1163,54.3705],[10.1396,54.3889],[10.1326,54.4037],[10.1464,54.4108],[10.1574,54.4292],[10.1685,54.4328],[10.1927,54.4561],[10.1706,54.4692],[10.134,54.4843],[10.1178,54.4853],[10.0852,54.4807],[10.021,54.4754],[9.9975,54.4686],[9.9609,54.4666],[9.9323,54.4609],[9.9137,54.4524],[9.8652,54.4483],[9.8438,54.4612],[9.8443,54.4765],[9.8618,54.4727],[9.8798,54.4759],[9.9166,54.4887],[9.9647,54.5025],[9.9983,54.5217],[10.016,54.5459],[10.0261,54.5497],[10.0268,54.6035],[10.0336,54.6207],[10.0312,54.6366]]]}},{"type":"Feature","properties":{"code":"DE-01059","name":"Kreis Schleswig-Flensburg","country":"DE","region":"Schleswig-Holstein"},"geometry":{"type":"MultiPolygon","coordinates":[[[[10.0312,54.6366],[10.0325,54.6603],[10.0094,54.6618],[9.9769,54.6738],[9.9484,54.674],[9.9381,54.6607],[9.938,54.6454],[9.9452,54.6367],[9.9642,54.6276],[9.9841,54.6381],[10.0058,54.6442],[10.0219,54.6433],[10.0312,54.6366]]],[[[9.6751,54.4961],[9.664,54.5072],[9.6288,54.5121],[9.5812,54.5019],[9.5604,54.5018],[9.5497,54.5115],[9.5867,54.5121],[9.6049,54.5206],[9.6052,54.5268],[9.6268,54.5309],[9.6369,54.5202],[9.6484,54.5236],[9.6972,54.5274],[9.7128,54.5204],[9.7197,54.5306],[9.7349,54.5323],[9.7379,54.5421],[9.7533,54.5576],[9.7675,54.5643],[9.7723,54.5761],[9.7888,54.5733],[9.819,54.5837],[9.8333,54.5972],[9.8594,54.6022],[9.8767,54.6096],[9.8964,54.6248],[9.9315,54.6281],[9.9303,54.6411],[9.9385,54.6701],[9.9459,54.6773],[9.9626,54.6788],[9.9795,54.6871],[9.9747,54.6937],[9.991,54.6996],[10.0019,54.6882],[10.0158,54.693],[9.9896,54.7176],[9.9803,54.7372],[9.9766,54.7574],[9.9572,54.7799],[9.9061,54.7973],[9.8998,54.7732],[9.8823,54.7639],[9.8724,54.7521],[9.8362,54.7588],[9.8017,54.7843],[9.7919,54.7978],[9.7723,54.7958],[9.7616,54.8011],[9.7102,54.8089],[9.6626,54.8235],[9.6531,54.8209],[9.6229,54.8319],[9.6074,54.8299],[9.5933,54.8401],[9.5914,54.8558],[9.6014,54.8683],[9.5737,54.8637],[9.5638,54.8544],[9.5167,54.8389],[9.4919,54.8226],[9.5054,54.8102],[9.4997,54.7961],[9.5057,54.7926],[9.5046,54.7726],[9.4747,54.7724],[9.4602,54.761],[9.4618,54.7532],[9.379,54.7532],[9.3576,54.7808],[9.4055,54.7953],[9.4019,54.8065],[9.4132,54.8212],[9.4229,54.8232],[9.4111,54.8423],[9.3827,54.8392],[9.3725,54.8222],[9.3546,54.8144],[9.3421,54.8036],[9.2699,54.8122],[9.2501,54.8097],[9.2358,54.8311],[9.2448,54.8439],[9.2401,54.85],[9.1551,54.8707],[9.1134,54.8735],[9.1146,54.8588],[9.1097,54.8403],[9.0987,54.8294],[9.0806,54.8203],[9.0991,54.8151],[9.1192,54.7873],[9.1076,54.7769],[9.1113,54.7679],[9.0783,54.7564],[9.08,54.7454],[9.0764,54.7182],[9.0823,54.7125],[9.0754,54.6966],[9.1245,54.6906],[9.1436,54.6927],[9.1474,54.6998],[9.1717,54.6987],[9.1672,54.6865],[9.1864,54.6612],[9.2226,54.648],[9.2074,54.6313],[9.2322,54.6241],[9.2421,54.6077],[9.2539,54.6039],[9.2556,54.5851],[9.2501,54.5785],[9.2851,54.5714],[9.2921,54.5606],[9.3112,54.5532],[9.2927,54.5365],[9.2979,54.5252],[9.2807,54.5153],[9.2864,54.4972],[9.3181,54.4728],[9.3132,54.4653],[9.3262,54.4574],[9.3186,54.4387],[9.2905,54.4251],[9.2756,54.4138],[9.2736,54.4039],[9.259,54.3902],[9.2572,54.3709],[9.2048,54.3818],[9.1868,54.3494],[9.1727,54.349],[9.176,54.3349],[9.1912,54.3334],[9.2027,54.3228],[9.2275,54.3258],[9.2292,54.3399],[9.2678,54.3397],[9.2638,54.3296],[9.2779,54.3249],[9.2624,54.3096],[9.2673,54.2972],[9.2836,54.2907],[9.2878,54.2753],[9.3076,54.2722],[9.3273,54.2825],[9.3626,54.2801],[9.3779,54.2882],[9.3935,54.289],[9.4018,54.2961],[9.4011,54.3226],[9.3908,54.324],[9.4158,54.3463],[9.4398,54.3443],[9.4572,54.3376],[9.4947,54.3406],[9.5126,54.3505],[9.5562,54.3579],[9.5657,54.3728],[9.5529,54.3939],[9.5585,54.4318],[9.5895,54.4346],[9.6413,54.4546],[9.6282,54.4658],[9.6434,54.4815],[9.6751,54.4961]]]]}},{"type":"Feature","properties":{"code":"DE-01060","name":"Kreis Segeberg","country":"DE","region":"Schleswig-Holstein"},"geometry":{"type":"Polygon","coordinates":[[[10.4175,54.0832],[10.419,54.0721],[10.3738,54.0728],[10.3575,54.0826],[10.3548,54.1077],[10.331,54.104],[10.2832,54.1004],[10.2663,54.0907],[10.2285,54.077],[10.2204,54.0791],[10.187,54.0693],[10.176,54.0593],[10.1541,54.0548],[10.1373,54.0599],[10.0878,54.0556],[10.0559,54.0571],[10.0429,54.0491],[10.0365,54.0378],[10.0127,54.0359],[10.0016,54.0253],[9.975,54.0274],[9.9635,54.0216],[9.9444,54.0218],[9.8988,54.0103],[9.8766,54.0089],[9.8643,54.012],[9.8346,53.9966],[9.8272,53.9829],[9.8356,53.9779],[9.8329,53.9643],[9.8035,53.9819],[9.7929,53.9838],[9.7768,53.9745],[9.7894,53.9643],[9.8069,53.9623],[9.8131,53.9458],[9.8072,53.9352],[9.7808,53.9381],[9.7737,53.927],[9.7579,53.9291],[9.757,53.9188],[9.7645,53.907],[9.7514,53.893],[9.7636,53.8732],[9.8245,53.8458],[9.8301,53.8382],[9.8214,53.8259],[9.8498,53.8296],[9.8808,53.8109],[9.8815,53.798],[9.8672,53.7817],[9.8956,53.7756],[9.9014,53.7695],[9.9015,53.7512],[9.9406,53.752],[9.9716,53.7701],[9.9847,53.76],[9.9787,53.7428],[9.9439,53.7043],[9.9431,53.6874],[9.9349,53.679],[9.9454,53.6529],[9.9655,53.6488],[9.9905,53.6509],[9.9904,53.6678],[9.9987,53.6815],[10.0408,53.682],[10.0505,53.6769],[10.0659,53.685],[10.0714,53.697],[10.0696,53.7062],[10.0728,53.7096],[10.0275,53.7257],[10.0227,53.7495],[10.0688,53.7667],[10.0943,53.7692],[10.112,53.7662],[10.1059,53.7546],[10.1085,53.7452],[10.1274,53.7457],[10.1466,53.7628],[10.1326,53.7714],[10.1497,53.7874],[10.1778,53.792],[10.1949,53.8027],[10.2159,53.7886],[10.2183,53.7825],[10.2554,53.7827],[10.2624,53.7962],[10.2488,53.8015],[10.252,53.8173],[10.2387,53.8238],[10.245,53.8317],[10.2838,53.8454],[10.2871,53.8541],[10.311,53.8558],[10.3302,53.8718],[10.3443,53.8693],[10.3414,53.858],[10.3537,53.8534],[10.3786,53.8647],[10.3953,53.862],[10.4169,53.8746],[10.443,53.8838],[10.4288,53.8985],[10.4583,53.9022],[10.467,53.8992],[10.5027,53.9019],[10.5021,53.909],[10.5247,53.9131],[10.5339,53.9188],[10.5506,53.9294],[10.5444,53.9495],[10.5188,53.9578],[10.5175,53.9801],[10.4901,53.9869],[10.4592,53.9894],[10.4556,53.993],[10.4757,54.0129],[10.4871,54.0156],[10.5015,54.0272],[10.5392,54.0184],[10.5566,54.0311],[10.5479,54.0441],[10.5576,54.0504],[10.5636,54.0682],[10.5421,54.0656],[10.5223,54.0717],[10.5052,54.0726],[10.4846,54.0584],[10.4542,54.06],[10.4482,54.0674],[10.4175,54.0832]]]}},{"type":"Feature","properties":{"code":"DE-01061","name":"Kreis Steinburg","country":"DE","region":"Schleswig-Holstein"},"geometry":{"type":"Polygon","coordinates":[[[9.8643,54.012],[9.8562,54.0195],[9.8166,54.0216],[9.8198,54.0407],[9.8045,54.0506],[9.7832,54.0489],[9.7673,54.0533],[9.7405,54.0463],[9.7131,54.0425],[9.7076,54.0481],[9.6802,54.0536],[9.6574,54.047],[9.605,54.0487],[9.6015,54.0628],[9.5702,54.0924],[9.5241,54.0949],[9.5185,54.0971],[9.4933,54.0852],[9.4735,54.091],[9.4534,54.0877],[9.4399,54.0782],[9.439,54.0699],[9.3786,54.0638],[9.3488,54.071],[9.3366,54.064],[9.3111,54.0634],[9.3045,54.043],[9.2895,54.0429],[9.3043,54.0116],[9.289,53.9872],[9.2441,53.9566],[9.2278,53.9417],[9.2093,53.9337],[9.1984,53.8894],[9.2241,53.8878],[9.3012,53.8697],[9.3347,53.8553],[9.3544,53.8387],[9.3794,53.8306],[9.4,53.8112],[9.4105,53.7918],[9.4085,53.7854],[9.4227,53.7692],[9.4282,53.7531],[9.4591,53.7312],[9.4878,53.7257],[9.5176,53.7139],[9.5323,53.7173],[9.5472,53.7147],[9.5717,53.7176],[9.5777,53.7282],[9.5662,53.7528],[9.6058,53.7624],[9.6426,53.7737],[9.6618,53.8026],[9.6747,53.8426],[9.6752,53.8514],[9.6565,53.8568],[9.6475,53.8794],[9.6702,53.8893],[9.7514,53.893],[9.7645,53.907],[9.757,53.9188],[9.7579,53.9291],[9.7737,53.927],[9.7808,53.9381],[9.8072,53.9352],[9.8131,53.9458],[9.8069,53.9623],[9.7894,53.9643],[9.7768,53.9745],[9.7929,53.9838],[9.8035,53.9819],[9.8329,53.9643],[9.8356,53.9779],[9.8272,53.9829],[9.8346,53.9966],[9.8643,54.012]]]}},{"type":"Feature","properties":{"code":"DE-01062","name":"Kreis Stormarn","country":"DE","region":"Schleswig-Holstein"},"geometry":{"type":"Polygon","coordinates":[[[10.5796,53.8976],[10.5793,53.9063],[10.5453,53.9095],[10.5339,53.9188],[10.5247,53.9131],[10.5021,53.909],[10.5027,53.9019],[10.467,53.8992],[10.4583,53.9022],[10.4288,53.8985],[10.443,53.8838],[10.4169,53.8746],[10.3953,53.862],[10.3786,53.8647],[10.3537,53.8534],[10.3414,53.858],[10.3443,53.8693],[10.3302,53.8718],[10.311,53.8558],[10.2871,53.8541],[10.2838,53.8454],[10.245,53.8317],[10.2387,53.8238],[10.252,53.8173],[10.2488,53.8015],[10.2624,53.7962],[10.2554,53.7827],[10.2183,53.7825],[10.2159,53.7886],[10.1949,53.8027],[10.1778,53.792],[10.1497,53.7874],[10.1326,53.7714],[10.1466,53.7628],[10.1274,53.7457],[10.1085,53.7452],[10.1059,53.7546],[10.112,53.7662],[10.0943,53.7692],[10.0688,53.7667],[10.0227,53.7495],[10.0275,53.7257],[10.0728,53.7096],[10.0818,53.7204],[10.1172,53.7152],[10.1714,53.7374],[10.1889,53.7305],[10.1916,53.7229],[10.1575,53.705],[10.1595,53.6908],[10.1448,53.6798],[10.156,53.6695],[10.1729,53.6688],[10.1954,53.655],[10.1986,53.6464],[10.2173,53.6261],[10.189,53.613],[10.1968,53.5994],[10.1958,53.5847],[10.1653,53.5823],[10.1526,53.5779],[10.1474,53.5663],[10.1605,53.5577],[10.1512,53.545],[10.1669,53.5373],[10.1632,53.521],[10.1866,53.5128],[10.2106,53.52],[10.2186,53.4991],[10.2367,53.4964],[10.2436,53.5086],[10.2682,53.5073],[10.2701,53.5203],[10.2779,53.5272],[10.2995,53.5222],[10.3067,53.5328],[10.2923,53.5389],[10.3118,53.5542],[10.3467,53.565],[10.3531,53.5714],[10.3876,53.578],[10.3986,53.5894],[10.4154,53.5951],[10.4184,53.6022],[10.4366,53.6054],[10.4447,53.6004],[10.4704,53.5968],[10.5089,53.6089],[10.5147,53.6204],[10.4932,53.6335],[10.46,53.6323],[10.4334,53.6485],[10.4328,53.6575],[10.405,53.6693],[10.4063,53.6836],[10.4144,53.6927],[10.4118,53.7027],[10.4432,53.7005],[10.4462,53.7135],[10.4344,53.7264],[10.4241,53.7253],[10.4092,53.7337],[10.4258,53.7417],[10.4418,53.7408],[10.4472,53.7558],[10.4681,53.7658],[10.4858,53.7655],[10.5035,53.7535],[10.5107,53.7611],[10.5339,53.7627],[10.533,53.7756],[10.5471,53.7823],[10.5405,53.7914],[10.5806,53.801],[10.5823,53.8046],[10.5645,53.8215],[10.5654,53.8347],[10.5999,53.838],[10.6214,53.8481],[10.5912,53.8544],[10.5942,53.8722],[10.5635,53.8846],[10.5796,53.8976]]]}},{"type":"Feature","properties":{"code":"DE-02000","name":"Kreisfreie Stadt Hamburg","country":"DE","region":"Hamburg"},"geometry":{"type":"MultiPolygon","coordinates":[[[[9.732,53.5575],[9.7303,53.558],[9.7301,53.5576],[9.732,53.5575]]],[[[9.7736,53.5501],[9.779,53.5546],[9.7403,53.5569],[9.7742,53.5536],[9.7737,53.5509],[9.7736,53.5501]]],[[[8.5026,53.9281],[8.4895,53.9265],[8.4875,53.9137],[8.5147,53.9176],[8.5026,53.9281]]],[[[10.2367,53.4964],[10.2186,53.4991],[10.2106,53.52],[10.1866,53.5128],[10.1632,53.521],[10.1669,53.5373],[10.1512,53.545],[10.1605,53.5577],[10.1474,53.5663],[10.1526,53.5779],[10.1653,53.5823],[10.1958,53.5847],[10.1968,53.5994],[10.189,53.613],[10.2173,53.6261],[10.1986,53.6464],[10.1954,53.655],[10.1729,53.6688],[10.156,53.6695],[10.1448,53.6798],[10.1595,53.6908],[10.1575,53.705],[10.1916,53.7229],[10.1889,53.7305],[10.1714,53.7374],[10.1172,53.7152],[10.0818,53.7204],[10.0728,53.7096],[10.0696,53.7062],[10.0714,53.697],[10.0659,53.685],[10.0505,53.6769],[10.0408,53.682],[9.9987,53.6815],[9.9904,53.6678],[9.9905,53.6509],[9.9655,53.6488],[9.9454,53.6529],[9.9048,53.6518],[9.9047,53.6418],[9.8367,53.5875],[9.8162,53.5862],[9.7974,53.5967],[9.7867,53.6116],[9.7706,53.6162],[9.7535,53.613],[9.7556,53.6025],[9.7397,53.5831],[9.7344,53.5652],[9.7706,53.5631],[9.8263,53.5526],[9.8107,53.5417],[9.8048,53.5314],[9.7721,53.5434],[9.7654,53.5411],[9.7763,53.5251],[9.7638,53.5087],[9.7689,53.5053],[9.8024,53.4933],[9.7998,53.4696],[9.8366,53.4509],[9.8565,53.435],[9.8734,53.4424],[9.8959,53.4574],[9.9085,53.4534],[9.9215,53.4366],[9.9165,53.4249],[9.9246,53.4196],[9.942,53.4211],[9.9492,53.4309],[9.9633,53.4273],[9.9844,53.4154],[9.9964,53.4261],[10.0293,53.4352],[10.0434,53.4587],[10.0518,53.4639],[10.0846,53.4504],[10.1035,53.4308],[10.1165,53.4242],[10.1364,53.4222],[10.1522,53.4073],[10.169,53.398],[10.1958,53.3985],[10.2238,53.3953],[10.2438,53.3996],[10.2624,53.4195],[10.308,53.4332],[10.326,53.4496],[10.299,53.4505],[10.2693,53.4641],[10.2556,53.4782],[10.2384,53.4833],[10.2367,53.4964]]]]}},{"type":"Feature","properties":{"code":"DE-03101","name":"Kreisfreie Stadt Braunschweig","country":"DE","region":"Niedersachsen"},"geometry":{"type":"Polygon","coordinates":[[[10.6094,52.3442],[10.5899,52.3519],[10.5689,52.3519],[10.548,52.3316],[10.5276,52.3279],[10.5305,52.3495],[10.5211,52.3575],[10.5068,52.3558],[10.4962,52.3482],[10.4757,52.3511],[10.4763,52.3391],[10.4845,52.3331],[10.4851,52.3204],[10.4569,52.3271],[10.4415,52.3214],[10.4241,52.3302],[10.4124,52.3182],[10.4246,52.3118],[10.427,52.2874],[10.4407,52.2856],[10.4282,52.2671],[10.4452,52.2489],[10.4334,52.2483],[10.4302,52.2215],[10.4397,52.2032],[10.4772,52.2047],[10.4845,52.2082],[10.5065,52.187],[10.5183,52.1936],[10.5385,52.1941],[10.5458,52.2043],[10.5776,52.2048],[10.5739,52.2214],[10.5983,52.2228],[10.6002,52.2396],[10.5923,52.2516],[10.6127,52.2566],[10.6139,52.277],[10.6382,52.2855],[10.643,52.2954],[10.64,52.3021],[10.6231,52.3036],[10.6141,52.3117],[10.6283,52.329],[10.6209,52.3397],[10.6094,52.3442]]]}},{"type":"Feature","properties":{"code":"DE-03102","name":"Kreisfreie Stadt Salzgitter","country":"DE","region":"Niedersachsen"},"geometry":{"type":"Polygon","coordinates":[[[10.4302,52.2215],[10.4109,52.2194],[10.3742,52.203],[10.367,52.1865],[10.3572,52.1863],[10.3474,52.1761],[10.3196,52.1767],[10.3181,52.1895],[10.2839,52.175],[10.2575,52.183],[10.234,52.1702],[10.2388,52.1475],[10.2487,52.1403],[10.233,52.1301],[10.2511,52.1165],[10.2536,52.1075],[10.2709,52.1043],[10.3037,52.1068],[10.3176,52.1003],[10.3286,52.087],[10.3456,52.0492],[10.3376,52.0429],[10.3095,52.0447],[10.2941,52.0505],[10.2862,52.0338],[10.3105,52.0318],[10.3318,52.0217],[10.3261,52.013],[10.3655,52.0236],[10.3986,52.0285],[10.4265,52.0487],[10.4509,52.0557],[10.4692,52.0457],[10.4816,52.0463],[10.4621,52.0678],[10.4402,52.1043],[10.429,52.1119],[10.4324,52.1291],[10.4843,52.1717],[10.5,52.1757],[10.5065,52.187],[10.4845,52.2082],[10.4772,52.2047],[10.4397,52.2032],[10.4302,52.2215]]]}},{"type":"Feature","properties":{"code":"DE-03103","name":"Kreisfreie Stadt Wolfsburg","country":"DE","region":"Niedersachsen"},"geometry":{"type":"Polygon","coordinates":[[[10.8906,52.4601],[10.876,52.4732],[10.8343,52.4792],[10.8171,52.4882],[10.7958,52.4833],[10.7854,52.4942],[10.7594,52.4801],[10.7436,52.4667],[10.7371,52.4502],[10.7008,52.454],[10.6916,52.4621],[10.6739,52.4624],[10.6645,52.4492],[10.6472,52.4441],[10.6614,52.3944],[10.6756,52.3898],[10.6705,52.3793],[10.6887,52.3802],[10.7006,52.3723],[10.7154,52.3718],[10.7241,52.3541],[10.742,52.356],[10.7696,52.3448],[10.7748,52.339],[10.8006,52.339],[10.8133,52.3424],[10.8152,52.328],[10.8359,52.3268],[10.8513,52.3178],[10.8617,52.3333],[10.8808,52.343],[10.8613,52.3639],[10.8682,52.3706],[10.8753,52.3949],[10.8964,52.3972],[10.9003,52.4084],[10.8822,52.4212],[10.8807,52.4346],[10.8906,52.4601]]]}},{"type":"Feature","properties":{"code":"DE-03151","name":"Landkreis Gifhorn","country":"DE","region":"Niedersachsen"},"geometry":{"type":"Polygon","coordinates":[[[10.7593,52.7958],[10.7232,52.7833],[10.6947,52.7817],[10.6696,52.7652],[10.6363,52.7722],[10.6019,52.7957],[10.5937,52.7946],[10.5796,52.8152],[10.5525,52.8324],[10.5239,52.8324],[10.458,52.8104],[10.4444,52.8158],[10.3998,52.7756],[10.3958,52.7622],[10.4034,52.7588],[10.3809,52.7349],[10.3629,52.722],[10.3731,52.712],[10.3705,52.7024],[10.3845,52.6906],[10.3905,52.6738],[10.406,52.6575],[10.3796,52.6327],[10.4131,52.6101],[10.4127,52.6009],[10.402,52.5965],[10.3995,52.5851],[10.3811,52.5792],[10.3847,52.5685],[10.4109,52.573],[10.4106,52.5641],[10.3772,52.5521],[10.3555,52.5618],[10.3465,52.5457],[10.3106,52.5359],[10.3062,52.5225],[10.2892,52.5275],[10.2737,52.5106],[10.289,52.5063],[10.2722,52.4828],[10.2898,52.4732],[10.2957,52.4597],[10.2919,52.4479],[10.3155,52.4445],[10.3335,52.4294],[10.3475,52.4314],[10.3688,52.4114],[10.378,52.3906],[10.3739,52.3869],[10.3844,52.3707],[10.425,52.3789],[10.414,52.3666],[10.4247,52.3554],[10.4019,52.3518],[10.4084,52.3398],[10.4241,52.3302],[10.4415,52.3214],[10.4569,52.3271],[10.4851,52.3204],[10.4845,52.3331],[10.4763,52.3391],[10.4757,52.3511],[10.4962,52.3482],[10.5068,52.3558],[10.5211,52.3575],[10.5305,52.3495],[10.5276,52.3279],[10.548,52.3316],[10.5689,52.3519],[10.5899,52.3519],[10.6094,52.3442],[10.6177,52.3461],[10.6162,52.3729],[10.6083,52.3799],[10.6235,52.3856],[10.649,52.3791],[10.6705,52.3793],[10.6756,52.3898],[10.6614,52.3944],[10.6472,52.4441],[10.6645,52.4492],[10.6739,52.4624],[10.6916,52.4621],[10.7008,52.454],[10.7371,52.4502],[10.7436,52.4667],[10.7594,52.4801],[10.7854,52.4942],[10.7958,52.4833],[10.8171,52.4882],[10.8343,52.4792],[10.876,52.4732],[10.8906,52.4601],[10.9345,52.4718],[10.941,52.4766],[10.9436,52.4923],[10.9748,52.5014],[10.9817,52.4971],[11.0088,52.4967],[10.9599,52.5349],[10.9423,52.5559],[10.9376,52.5674],[10.9397,52.5888],[10.9756,52.6068],[10.977,52.6241],[10.9642,52.6259],[10.9452,52.6202],[10.9303,52.6114],[10.9048,52.6271],[10.8969,52.6427],[10.8836,52.651],[10.8778,52.6638],[10.8594,52.6748],[10.8331,52.7009],[10.8362,52.7077],[10.8245,52.718],[10.7965,52.7147],[10.7888,52.7322],[10.7918,52.7475],[10.7756,52.7558],[10.7755,52.7624],[10.7554,52.7868],[10.7593,52.7958]]]}},{"type":"Feature","properties":{"code":"DE-03153","name":"Landkreis Goslar","country":"DE","region":"Niedersachsen"},"geometry":{"type":"Polygon","coordinates":[[[10.4692,52.0457],[10.4509,52.0557],[10.4265,52.0487],[10.3986,52.0285],[10.3655,52.0236],[10.3261,52.013],[10.3318,52.0217],[10.3105,52.0318],[10.2862,52.0338],[10.2868,52.0285],[10.2662,52.0158],[10.229,52.0038],[10.2041,52.0072],[10.1955,51.9822],[10.2061,51.9669],[10.1906,51.9555],[10.1667,51.9582],[10.1481,51.9558],[10.087,51.9603],[10.0744,51.9496],[10.0776,51.9353],[10.0655,51.9274],[10.1062,51.9024],[10.0983,51.8835],[10.1182,51.8723],[10.1153,51.8552],[10.1067,51.8434],[10.1108,51.8347],[10.1309,51.8339],[10.1433,51.8286],[10.1377,51.8194],[10.1385,51.8057],[10.1537,51.7935],[10.162,51.7952],[10.1709,51.8119],[10.1821,51.8088],[10.2151,51.8162],[10.2233,51.8297],[10.245,51.8303],[10.2702,51.8134],[10.2652,51.7953],[10.2761,51.7838],[10.3139,51.7661],[10.3435,51.7717],[10.3567,51.7669],[10.3645,51.7786],[10.3787,51.7889],[10.3942,51.7891],[10.4149,51.7807],[10.4246,51.7722],[10.439,51.7735],[10.4611,51.7661],[10.4928,51.7665],[10.4897,51.7189],[10.4782,51.7119],[10.4851,51.7043],[10.505,51.6643],[10.5237,51.6726],[10.5377,51.6688],[10.5677,51.6798],[10.5827,51.6746],[10.5934,51.6799],[10.6075,51.6755],[10.6105,51.6635],[10.6269,51.6701],[10.6436,51.6556],[10.6509,51.6426],[10.6681,51.6437],[10.6773,51.6384],[10.7014,51.6422],[10.6917,51.6465],[10.6829,51.6606],[10.6705,51.6669],[10.6643,51.6887],[10.6726,51.697],[10.6687,51.7094],[10.6423,51.725],[10.6335,51.7363],[10.6289,51.7561],[10.593,51.7677],[10.5815,51.78],[10.5837,51.7992],[10.5743,51.8114],[10.5779,51.8258],[10.5884,51.8358],[10.577,51.843],[10.5845,51.8531],[10.6015,51.8542],[10.6182,51.8696],[10.6335,51.873],[10.6493,51.8891],[10.6489,51.9072],[10.6382,51.916],[10.6133,51.9215],[10.6181,51.9315],[10.6133,51.9395],[10.6225,51.9475],[10.6475,51.9536],[10.6067,51.9752],[10.5857,51.9762],[10.5868,51.9827],[10.5612,52.0041],[10.5561,51.9954],[10.5353,51.9825],[10.5329,51.9705],[10.5007,51.9791],[10.4835,51.9908],[10.4789,52.005],[10.4887,52.0167],[10.4692,52.0457]]]}},{"type":"Feature","properties":{"code":"DE-03154","name":"Landkreis Helmstedt","country":"DE","region":"Niedersachsen"},"geometry":{"type":"Polygon","coordinates":[[[10.9644,52.0566],[10.9731,52.074],[10.9709,52.0854],[10.9462,52.0924],[10.9422,52.1031],[10.9769,52.1057],[11.0463,52.1369],[11.045,52.1436],[11.0604,52.1537],[11.0615,52.1652],[11.0537,52.1728],[11.0359,52.1717],[11.0143,52.1819],[11.0146,52.195],[11.0214,52.205],[11.0449,52.2151],[11.0772,52.2187],[11.0862,52.2286],[11.0786,52.2394],[11.0597,52.2426],[11.0524,52.2537],[11.0522,52.2674],[11.0291,52.2701],[11.0125,52.2913],[11.0392,52.3017],[11.0272,52.3144],[10.9938,52.342],[11.007,52.3457],[11.0376,52.3455],[11.0695,52.3579],[11.065,52.3769],[11.0468,52.3879],[11.0189,52.3922],[11.0056,52.4089],[10.9605,52.4368],[10.9478,52.4539],[10.9337,52.461],[10.9345,52.4718],[10.8906,52.4601],[10.8807,52.4346],[10.8822,52.4212],[10.9003,52.4084],[10.8964,52.3972],[10.8753,52.3949],[10.8682,52.3706],[10.8613,52.3639],[10.8808,52.343],[10.8617,52.3333],[10.8513,52.3178],[10.8359,52.3268],[10.8152,52.328],[10.8133,52.3424],[10.8006,52.339],[10.7748,52.339],[10.7696,52.3448],[10.742,52.356],[10.7241,52.3541],[10.7154,52.3718],[10.7006,52.3723],[10.6887,52.3802],[10.6705,52.3793],[10.649,52.3791],[10.6235,52.3856],[10.6083,52.3799],[10.6162,52.3729],[10.6177,52.3461],[10.6094,52.3442],[10.6209,52.3397],[10.6283,52.329],[10.6141,52.3117],[10.6231,52.3036],[10.64,52.3021],[10.643,52.2954],[10.7156,52.3033],[10.7327,52.2932],[10.7344,52.2689],[10.7284,52.2621],[10.7398,52.2464],[10.7561,52.2369],[10.7613,52.2245],[10.7798,52.2176],[10.7848,52.2061],[10.8137,52.2063],[10.8177,52.1947],[10.8286,52.1912],[10.846,52.1744],[10.8588,52.1738],[10.8689,52.1809],[10.8852,52.1801],[10.8893,52.1631],[10.8764,52.1463],[10.8683,52.1275],[10.8535,52.1176],[10.8357,52.1173],[10.8356,52.1069],[10.8156,52.0889],[10.8016,52.0892],[10.7941,52.0743],[10.8015,52.048],[10.8287,52.0477],[10.8593,52.0521],[10.8765,52.059],[10.9349,52.0597],[10.9644,52.0566]]]}},{"type":"Feature","properties":{"code":"DE-03155","name":"Landkreis Northeim","country":"DE","region":"Niedersachsen"},"geometry":{"type":"MultiPolygon","coordinates":[[[[9.6478,51.5525],[9.662,51.5584],[9.6724,51.5684],[9.634,51.5845],[9.6252,51.5737],[9.6364,51.5589],[9.6478,51.5525]]],[[[10.0655,51.9274],[10.0336,51.9478],[10.0244,51.9392],[10.0043,51.9426],[9.9948,51.9392],[10.0071,51.9182],[10.0086,51.9081],[9.9692,51.8969],[9.9449,51.913],[9.9255,51.9034],[9.9117,51.9126],[9.8949,51.9062],[9.8678,51.8966],[9.8603,51.8986],[9.8294,51.8863],[9.8029,51.884],[9.7883,51.8663],[9.7585,51.867],[9.7385,51.8779],[9.7184,51.8815],[9.7101,51.8727],[9.6867,51.8602],[9.688,51.8462],[9.6826,51.8397],[9.66,51.8324],[9.6523,51.8361],[9.6429,51.818],[9.6166,51.8109],[9.5792,51.7898],[9.5814,51.7755],[9.5613,51.7627],[9.5645,51.7554],[9.5575,51.7399],[9.548,51.7408],[9.5032,51.7277],[9.4667,51.7057],[9.4408,51.6957],[9.4396,51.6776],[9.4233,51.6731],[9.4371,51.6535],[9.4173,51.6473],[9.4405,51.6504],[9.4533,51.6457],[9.4688,51.6542],[9.4921,51.6574],[9.4986,51.6523],[9.492,51.6396],[9.4965,51.631],[9.5229,51.6262],[9.5455,51.64],[9.5652,51.6254],[9.6096,51.6296],[9.6271,51.629],[9.6366,51.6234],[9.6378,51.6088],[9.6495,51.6063],[9.6611,51.593],[9.6853,51.582],[9.6932,51.5894],[9.7224,51.6015],[9.7286,51.6124],[9.7431,51.6145],[9.7616,51.609],[9.7788,51.6101],[9.7996,51.6052],[9.8065,51.5992],[9.8254,51.6035],[9.8313,51.6127],[9.8579,51.608],[9.8716,51.6122],[9.8974,51.6069],[9.9153,51.6077],[9.9401,51.6021],[9.9516,51.6056],[9.9598,51.6179],[10.0038,51.613],[10.0231,51.6184],[10.0474,51.6168],[10.0583,51.6113],[10.1034,51.6224],[10.1247,51.6182],[10.1378,51.6407],[10.1555,51.6381],[10.1567,51.6607],[10.1414,51.6668],[10.1548,51.6807],[10.1438,51.6831],[10.1376,51.7096],[10.1217,51.7179],[10.1166,51.727],[10.1449,51.7397],[10.1498,51.754],[10.1423,51.7583],[10.1502,51.769],[10.1537,51.7935],[10.1385,51.8057],[10.1377,51.8194],[10.1433,51.8286],[10.1309,51.8339],[10.1108,51.8347],[10.1067,51.8434],[10.1153,51.8552],[10.1182,51.8723],[10.0983,51.8835],[10.1062,51.9024],[10.0655,51.9274]]]]}},{"type":"Feature","properties":{"code":"DE-03157","name":"Landkreis Peine","country":"DE","region":"Niedersachsen"},"geometry":{"type":"Polygon","coordinates":[[[10.2919,52.4479],[10.252,52.4366],[10.2542,52.4214],[10.2187,52.4293],[10.2022,52.4259],[10.1976,52.407],[10.1799,52.396],[10.1603,52.3983],[10.1307,52.394],[10.1315,52.3837],[10.1455,52.3783],[10.1488,52.3598],[10.1361,52.3577],[10.1348,52.3432],[10.119,52.3258],[10.098,52.3325],[10.0781,52.3332],[10.0821,52.3243],[10.0797,52.3067],[10.0611,52.3014],[10.0615,52.2949],[10.0341,52.2915],[10.0345,52.2838],[10.0286,52.2637],[9.9997,52.2578],[10.0033,52.2484],[9.9951,52.2372],[9.9985,52.2303],[10.0474,52.2311],[10.0647,52.2221],[10.0739,52.2283],[10.1434,52.2354],[10.1607,52.2256],[10.1781,52.2336],[10.2016,52.2289],[10.232,52.2151],[10.2489,52.2133],[10.2486,52.2051],[10.264,52.1885],[10.2575,52.183],[10.2839,52.175],[10.3181,52.1895],[10.3196,52.1767],[10.3474,52.1761],[10.3572,52.1863],[10.367,52.1865],[10.3742,52.203],[10.4109,52.2194],[10.4302,52.2215],[10.4334,52.2483],[10.4452,52.2489],[10.4282,52.2671],[10.4407,52.2856],[10.427,52.2874],[10.4246,52.3118],[10.4124,52.3182],[10.4241,52.3302],[10.4084,52.3398],[10.4019,52.3518],[10.4247,52.3554],[10.414,52.3666],[10.425,52.3789],[10.3844,52.3707],[10.3739,52.3869],[10.378,52.3906],[10.3688,52.4114],[10.3475,52.4314],[10.3335,52.4294],[10.3155,52.4445],[10.2919,52.4479]]]}},{"type":"Feature","properties":{"code":"DE-03158","name":"Landkreis Wolfenbüttel","country":"DE","region":"Niedersachsen"},"geometry":{"type":"MultiPolygon","coordinates":[[[[10.234,52.1702],[10.2119,52.1798],[10.1984,52.1751],[10.189,52.1649],[10.181,52.1419],[10.1926,52.1387],[10.1946,52.1253],[10.1752,52.1094],[10.1792,52.0911],[10.1995,52.0802],[10.2028,52.0594],[10.1932,52.0446],[10.2004,52.0351],[10.2041,52.0072],[10.229,52.0038],[10.2662,52.0158],[10.2868,52.0285],[10.2862,52.0338],[10.2941,52.0505],[10.3095,52.0447],[10.3376,52.0429],[10.3456,52.0492],[10.3286,52.087],[10.3176,52.1003],[10.3037,52.1068],[10.2709,52.1043],[10.2536,52.1075],[10.2511,52.1165],[10.233,52.1301],[10.2487,52.1403],[10.2388,52.1475],[10.234,52.1702]]],[[[10.8015,52.048],[10.7941,52.0743],[10.8016,52.0892],[10.8156,52.0889],[10.8356,52.1069],[10.8357,52.1173],[10.8535,52.1176],[10.8683,52.1275],[10.8764,52.1463],[10.8893,52.1631],[10.8852,52.1801],[10.8689,52.1809],[10.8588,52.1738],[10.846,52.1744],[10.8286,52.1912],[10.8177,52.1947],[10.8137,52.2063],[10.7848,52.2061],[10.7798,52.2176],[10.7613,52.2245],[10.7561,52.2369],[10.7398,52.2464],[10.7284,52.2621],[10.7344,52.2689],[10.7327,52.2932],[10.7156,52.3033],[10.643,52.2954],[10.6382,52.2855],[10.6139,52.277],[10.6127,52.2566],[10.5923,52.2516],[10.6002,52.2396],[10.5983,52.2228],[10.5739,52.2214],[10.5776,52.2048],[10.5458,52.2043],[10.5385,52.1941],[10.5183,52.1936],[10.5065,52.187],[10.5,52.1757],[10.4843,52.1717],[10.4324,52.1291],[10.429,52.1119],[10.4402,52.1043],[10.4621,52.0678],[10.4816,52.0463],[10.4692,52.0457],[10.4887,52.0167],[10.4789,52.005],[10.4835,51.9908],[10.5007,51.9791],[10.5329,51.9705],[10.5353,51.9825],[10.5561,51.9954],[10.5612,52.0041],[10.573,52.0104],[10.6002,52.0072],[10.639,52.0153],[10.6555,52.0247],[10.6479,52.0417],[10.7039,52.0499],[10.7386,52.0479],[10.7874,52.0502],[10.8015,52.048]]]]}},{"type":"Feature","properties":{"code":"DE-03159","name":"Landkreis Göttingen","country":"DE","region":"Niedersachsen"},"geometry":{"type":"Polygon","coordinates":[[[10.6773,51.6384],[10.6681,51.6437],[10.6509,51.6426],[10.6436,51.6556],[10.6269,51.6701],[10.6105,51.6635],[10.6075,51.6755],[10.5934,51.6799],[10.5827,51.6746],[10.5677,51.6798],[10.5377,51.6688],[10.5237,51.6726],[10.505,51.6643],[10.4851,51.7043],[10.4782,51.7119],[10.4897,51.7189],[10.4928,51.7665],[10.4611,51.7661],[10.439,51.7735],[10.4246,51.7722],[10.4149,51.7807],[10.3942,51.7891],[10.3787,51.7889],[10.3645,51.7786],[10.3567,51.7669],[10.3435,51.7717],[10.3139,51.7661],[10.2761,51.7838],[10.2652,51.7953],[10.2702,51.8134],[10.245,51.8303],[10.2233,51.8297],[10.2151,51.8162],[10.1821,51.8088],[10.1709,51.8119],[10.162,51.7952],[10.1537,51.7935],[10.1502,51.769],[10.1423,51.7583],[10.1498,51.754],[10.1449,51.7397],[10.1166,51.727],[10.1217,51.7179],[10.1376,51.7096],[10.1438,51.6831],[10.1548,51.6807],[10.1414,51.6668],[10.1567,51.6607],[10.1555,51.6381],[10.1378,51.6407],[10.1247,51.6182],[10.1034,51.6224],[10.0583,51.6113],[10.0474,51.6168],[10.0231,51.6184],[10.0038,51.613],[9.9598,51.6179],[9.9516,51.6056],[9.9401,51.6021],[9.9153,51.6077],[9.8974,51.6069],[9.8716,51.6122],[9.8579,51.608],[9.8313,51.6127],[9.8254,51.6035],[9.8065,51.5992],[9.7996,51.6052],[9.7788,51.6101],[9.7616,51.609],[9.7431,51.6145],[9.7286,51.6124],[9.7224,51.6015],[9.6932,51.5894],[9.6853,51.582],[9.6909,51.5763],[9.684,51.5665],[9.6724,51.5684],[9.662,51.5584],[9.6478,51.5525],[9.6152,51.5468],[9.6221,51.5414],[9.6147,51.5257],[9.5863,51.5163],[9.5961,51.5094],[9.6097,51.4911],[9.643,51.466],[9.6301,51.4582],[9.6276,51.4442],[9.6343,51.4261],[9.6436,51.4183],[9.6227,51.4062],[9.61,51.4078],[9.5981,51.3991],[9.5781,51.4009],[9.5593,51.3788],[9.5771,51.37],[9.5698,51.3626],[9.5501,51.3619],[9.5484,51.359],[9.5573,51.3514],[9.568,51.34],[9.5817,51.3422],[9.6068,51.3258],[9.6334,51.3259],[9.6457,51.3166],[9.7087,51.3038],[9.7323,51.2952],[9.7682,51.3067],[9.7752,51.3252],[9.7683,51.3325],[9.7454,51.319],[9.7263,51.3377],[9.7206,51.3485],[9.702,51.3611],[9.726,51.3708],[9.7385,51.3692],[9.7523,51.3747],[9.7659,51.386],[9.7914,51.3891],[9.7928,51.4014],[9.8035,51.4104],[9.8215,51.41],[9.8406,51.4026],[9.8401,51.3836],[9.8532,51.3722],[9.8601,51.3937],[9.8505,51.4014],[9.8533,51.4148],[9.8732,51.4109],[9.906,51.4211],[9.9098,51.4054],[9.9311,51.3927],[9.9283,51.3753],[9.942,51.3784],[9.9659,51.3955],[9.9874,51.3979],[10.0056,51.4084],[10.0111,51.4208],[10.0378,51.42],[10.0583,51.4353],[10.0644,51.4202],[10.0752,51.4195],[10.0791,51.4337],[10.0908,51.4357],[10.1169,51.4302],[10.1522,51.4471],[10.1743,51.4463],[10.1858,51.4651],[10.1781,51.4682],[10.1902,51.4807],[10.2057,51.4872],[10.2332,51.4708],[10.2447,51.4837],[10.2728,51.4882],[10.2844,51.4944],[10.2997,51.4939],[10.3012,51.5076],[10.3088,51.5151],[10.3423,51.5195],[10.3524,51.5351],[10.3668,51.5422],[10.3786,51.5627],[10.3773,51.5887],[10.4063,51.5865],[10.4258,51.5921],[10.467,51.5834],[10.4886,51.5748],[10.4957,51.5728],[10.5096,51.5568],[10.519,51.5538],[10.5341,51.5594],[10.5603,51.5571],[10.5903,51.5689],[10.5993,51.5785],[10.612,51.5792],[10.628,51.5721],[10.6365,51.5622],[10.6568,51.5583],[10.6663,51.5781],[10.6387,51.5841],[10.6328,51.6022],[10.6483,51.6081],[10.6392,51.6211],[10.6729,51.6295],[10.6773,51.6384]]]}},{"type":"Feature","properties":{"code":"DE-03241","name":"Landkreis Region Hannover","country":"DE","region":"Niedersachsen"},"geometry":{"type":"Polygon","coordinates":[[[9.7346,52.6383],[9.7155,52.6345],[9.7033,52.602],[9.6766,52.5997],[9.659,52.6019],[9.6462,52.6085],[9.6351,52.6258],[9.6412,52.6337],[9.6217,52.639],[9.6207,52.6453],[9.6001,52.6471],[9.6021,52.6554],[9.5853,52.6652],[9.5876,52.677],[9.5396,52.6713],[9.5347,52.6601],[9.5378,52.645],[9.5309,52.6295],[9.51,52.6246],[9.4604,52.641],[9.442,52.6328],[9.4388,52.6236],[9.4103,52.6161],[9.3676,52.6107],[9.3426,52.6025],[9.3428,52.5817],[9.3732,52.5689],[9.3685,52.561],[9.3356,52.5538],[9.3185,52.5553],[9.2774,52.5474],[9.2381,52.529],[9.2582,52.5145],[9.2674,52.4762],[9.2407,52.4685],[9.2772,52.4604],[9.2729,52.4547],[9.2849,52.4385],[9.2999,52.4376],[9.3464,52.4442],[9.358,52.4373],[9.3668,52.4244],[9.3491,52.4224],[9.3197,52.4034],[9.3178,52.3915],[9.3527,52.3839],[9.3536,52.3906],[9.3752,52.3954],[9.3999,52.4067],[9.4108,52.4048],[9.4313,52.3539],[9.414,52.3352],[9.3985,52.3334],[9.4108,52.311],[9.409,52.2968],[9.427,52.2793],[9.4483,52.2743],[9.4686,52.2653],[9.4639,52.2556],[9.4971,52.2369],[9.5164,52.2122],[9.499,52.2003],[9.5055,52.189],[9.494,52.1785],[9.4966,52.1668],[9.5306,52.1606],[9.5456,52.1664],[9.5642,52.1648],[9.5786,52.1539],[9.5936,52.1481],[9.6136,52.1351],[9.6288,52.1311],[9.6718,52.1321],[9.6935,52.136],[9.6985,52.1461],[9.7198,52.1573],[9.727,52.1707],[9.7161,52.1728],[9.6856,52.1895],[9.6957,52.1979],[9.7281,52.1994],[9.7488,52.1778],[9.7696,52.1705],[9.7843,52.175],[9.7817,52.1908],[9.8025,52.1895],[9.8039,52.2055],[9.814,52.2145],[9.818,52.2284],[9.8007,52.2299],[9.7905,52.2427],[9.7914,52.2513],[9.8401,52.2656],[9.8723,52.2704],[9.8763,52.2627],[9.8998,52.2616],[9.9165,52.2721],[9.9128,52.2807],[9.9717,52.2857],[9.9719,52.2939],[9.9981,52.29],[9.9964,52.2837],[10.0179,52.2798],[10.0345,52.2838],[10.0341,52.2915],[10.0615,52.2949],[10.0611,52.3014],[10.0797,52.3067],[10.0821,52.3243],[10.0781,52.3332],[10.098,52.3325],[10.119,52.3258],[10.1348,52.3432],[10.1361,52.3577],[10.1488,52.3598],[10.1455,52.3783],[10.1315,52.3837],[10.1307,52.394],[10.1603,52.3983],[10.1799,52.396],[10.1976,52.407],[10.2022,52.4259],[10.2187,52.4293],[10.2542,52.4214],[10.252,52.4366],[10.2919,52.4479],[10.2957,52.4597],[10.2898,52.4732],[10.2722,52.4828],[10.289,52.5063],[10.2737,52.5106],[10.2599,52.489],[10.2158,52.5008],[10.1778,52.5134],[10.1717,52.5041],[10.1562,52.5052],[10.1418,52.498],[10.1213,52.5089],[10.1035,52.5103],[10.0927,52.5222],[10.0783,52.5293],[10.0768,52.5373],[9.999,52.5366],[9.9949,52.5444],[9.9668,52.5502],[9.98,52.5619],[9.9904,52.5785],[9.974,52.5768],[9.9667,52.5903],[9.9125,52.5925],[9.9074,52.5973],[9.882,52.5906],[9.8781,52.6053],[9.856,52.6034],[9.8381,52.5974],[9.8249,52.6043],[9.8042,52.607],[9.8021,52.6146],[9.775,52.6226],[9.7682,52.6295],[9.7405,52.6312],[9.7346,52.6383]]]}},{"type":"Feature","properties":{"code":"DE-03251","name":"Landkreis Diepholz","country":"DE","region":"Niedersachsen"},"geometry":{"type":"Polygon","coordinates":[[[8.9158,53.011],[8.8975,53.013],[8.8865,53.0217],[8.8498,53.0234],[8.8381,53.0184],[8.8182,53.0228],[8.8095,53.0309],[8.7727,53.0451],[8.7563,53.0388],[8.7428,53.0407],[8.7301,53.0355],[8.7114,53.0446],[8.7007,53.0374],[8.6842,53.0358],[8.6788,53.0183],[8.664,53.0198],[8.6572,53.009],[8.6422,52.9881],[8.6431,52.9772],[8.6575,52.969],[8.6883,52.9668],[8.6859,52.9409],[8.694,52.9201],[8.6731,52.9128],[8.6533,52.9176],[8.642,52.8979],[8.6374,52.8712],[8.6435,52.8616],[8.6274,52.8508],[8.5431,52.8308],[8.5469,52.8193],[8.531,52.811],[8.4917,52.7996],[8.4593,52.8011],[8.4505,52.7878],[8.4637,52.7717],[8.4578,52.7629],[8.4693,52.7529],[8.4622,52.7334],[8.4456,52.7231],[8.4102,52.7234],[8.3384,52.6923],[8.3355,52.6869],[8.3104,52.6871],[8.3092,52.6679],[8.2938,52.6505],[8.3121,52.5835],[8.3229,52.5739],[8.344,52.5748],[8.3395,52.5638],[8.3488,52.5549],[8.3434,52.5414],[8.3135,52.5353],[8.3118,52.505],[8.3083,52.4991],[8.3071,52.482],[8.2972,52.4565],[8.3114,52.459],[8.3261,52.4517],[8.3479,52.4523],[8.3597,52.444],[8.3859,52.445],[8.4001,52.4509],[8.4148,52.446],[8.4288,52.448],[8.4543,52.461],[8.4603,52.4903],[8.5088,52.5147],[8.5166,52.5093],[8.5569,52.4991],[8.6526,52.5314],[8.6715,52.5174],[8.6987,52.5088],[8.703,52.5004],[8.7333,52.5095],[8.7516,52.5225],[8.7682,52.5209],[8.7755,52.5331],[8.8135,52.5305],[8.8151,52.5373],[8.8392,52.5458],[8.8523,52.5322],[8.8603,52.5366],[8.8557,52.5486],[8.8724,52.5548],[8.8937,52.5529],[8.9001,52.5588],[8.8969,52.5713],[8.9012,52.5977],[8.8734,52.6065],[8.8727,52.6145],[8.8831,52.6308],[8.9257,52.632],[8.986,52.6582],[9.0044,52.6519],[9.019,52.6661],[9.0177,52.6844],[9.0299,52.6923],[9.0085,52.7113],[9.0154,52.7163],[9.0438,52.7216],[9.058,52.7398],[9.0555,52.7472],[9.0623,52.7614],[9.0583,52.7796],[9.0461,52.7886],[9.0674,52.8039],[9.0456,52.8111],[9.0605,52.8243],[9.0344,52.8387],[9.0539,52.8418],[9.0586,52.8494],[9.079,52.8493],[9.1097,52.8631],[9.1026,52.8804],[9.116,52.897],[9.1095,52.904],[9.0796,52.9021],[9.0711,52.9171],[9.062,52.9229],[9.0042,52.927],[8.9939,52.9124],[8.99,52.8974],[8.9818,52.8885],[8.9638,52.8959],[8.9521,52.8889],[8.9365,52.9089],[8.9302,52.9263],[8.9121,52.9473],[8.9037,52.9677],[8.9293,52.9895],[8.9313,52.9988],[8.9158,53.011]]]}},{"type":"Feature","properties":{"code":"DE-03252","name":"Landkreis Hameln-Pyrmont","country":"DE","region":"Niedersachsen"},"geometry":{"type":"Polygon","coordinates":[[[9.6288,52.1311],[9.6136,52.1351],[9.5936,52.1481],[9.5786,52.1539],[9.5642,52.1648],[9.5456,52.1664],[9.5306,52.1606],[9.4966,52.1668],[9.494,52.1785],[9.5055,52.189],[9.499,52.2003],[9.5164,52.2122],[9.4971,52.2369],[9.4639,52.2556],[9.4686,52.2653],[9.4483,52.2743],[9.4408,52.2599],[9.4094,52.2487],[9.3935,52.2495],[9.3795,52.2321],[9.3623,52.2193],[9.3548,52.2292],[9.3403,52.2254],[9.3247,52.2123],[9.2973,52.2208],[9.281,52.2147],[9.2607,52.2153],[9.235,52.2007],[9.2018,52.1927],[9.1826,52.1845],[9.1621,52.1893],[9.1553,52.1818],[9.1701,52.1618],[9.1903,52.1414],[9.1823,52.1314],[9.1847,52.1192],[9.1715,52.1162],[9.1655,52.1025],[9.1556,52.0978],[9.1547,52.0918],[9.1761,52.0861],[9.1904,52.0696],[9.1744,52.0604],[9.1722,52.0474],[9.1769,52.0337],[9.189,52.0263],[9.1974,52.0117],[9.1793,52.0027],[9.1968,51.9969],[9.1747,51.9833],[9.1878,51.9728],[9.1882,51.9647],[9.2066,51.9626],[9.2169,51.9736],[9.2617,51.9768],[9.2744,51.9736],[9.2776,51.9619],[9.2684,51.9468],[9.2786,51.9401],[9.2721,51.9323],[9.2956,51.92],[9.3089,51.923],[9.3144,51.9306],[9.3536,51.9345],[9.3668,51.9432],[9.3612,51.9545],[9.3429,51.9602],[9.3484,51.9749],[9.364,51.9726],[9.3846,51.978],[9.4064,51.9774],[9.4211,51.9831],[9.4442,51.9839],[9.4675,52.0014],[9.4891,52.0067],[9.4935,52.0183],[9.5151,52.0177],[9.5391,52.023],[9.5343,52.0352],[9.5679,52.0441],[9.6074,51.9956],[9.6272,51.9838],[9.6478,51.9648],[9.6461,51.9761],[9.6338,51.9867],[9.6496,51.998],[9.6432,52.0192],[9.6608,52.0327],[9.6506,52.0379],[9.6538,52.0606],[9.6518,52.0744],[9.6624,52.0898],[9.683,52.1002],[9.6815,52.107],[9.6645,52.1087],[9.6451,52.1159],[9.6288,52.1311]]]}},{"type":"Feature","properties":{"code":"DE-03254","name":"Landkreis Hildesheim","country":"DE","region":"Niedersachsen"},"geometry":{"type":"Polygon","coordinates":[[[10.0345,52.2838],[10.0179,52.2798],[9.9964,52.2837],[9.9981,52.29],[9.9719,52.2939],[9.9717,52.2857],[9.9128,52.2807],[9.9165,52.2721],[9.8998,52.2616],[9.8763,52.2627],[9.8723,52.2704],[9.8401,52.2656],[9.7914,52.2513],[9.7905,52.2427],[9.8007,52.2299],[9.818,52.2284],[9.814,52.2145],[9.8039,52.2055],[9.8025,52.1895],[9.7817,52.1908],[9.7843,52.175],[9.7696,52.1705],[9.7488,52.1778],[9.7281,52.1994],[9.6957,52.1979],[9.6856,52.1895],[9.7161,52.1728],[9.727,52.1707],[9.7198,52.1573],[9.6985,52.1461],[9.6935,52.136],[9.6718,52.1321],[9.6288,52.1311],[9.6451,52.1159],[9.6645,52.1087],[9.6815,52.107],[9.683,52.1002],[9.6624,52.0898],[9.6518,52.0744],[9.6538,52.0606],[9.6506,52.0379],[9.6608,52.0327],[9.6432,52.0192],[9.6496,51.998],[9.6338,51.9867],[9.6461,51.9761],[9.6478,51.9648],[9.6625,51.9686],[9.6871,51.9552],[9.694,51.9626],[9.7103,51.9675],[9.7116,51.9783],[9.7402,51.9789],[9.7582,51.9821],[9.7704,51.9785],[9.775,51.9634],[9.807,51.9528],[9.8246,51.9431],[9.8241,51.9354],[9.8493,51.9274],[9.8622,51.9179],[9.8813,51.9147],[9.8949,51.9062],[9.9117,51.9126],[9.9255,51.9034],[9.9449,51.913],[9.9692,51.8969],[10.0086,51.9081],[10.0071,51.9182],[9.9948,51.9392],[10.0043,51.9426],[10.0244,51.9392],[10.0336,51.9478],[10.0655,51.9274],[10.0776,51.9353],[10.0744,51.9496],[10.087,51.9603],[10.1481,51.9558],[10.1667,51.9582],[10.1906,51.9555],[10.2061,51.9669],[10.1955,51.9822],[10.2041,52.0072],[10.2004,52.0351],[10.1932,52.0446],[10.2028,52.0594],[10.1995,52.0802],[10.1792,52.0911],[10.1752,52.1094],[10.1946,52.1253],[10.1926,52.1387],[10.181,52.1419],[10.189,52.1649],[10.1984,52.1751],[10.2119,52.1798],[10.234,52.1702],[10.2575,52.183],[10.264,52.1885],[10.2486,52.2051],[10.2489,52.2133],[10.232,52.2151],[10.2016,52.2289],[10.1781,52.2336],[10.1607,52.2256],[10.1434,52.2354],[10.0739,52.2283],[10.0647,52.2221],[10.0474,52.2311],[9.9985,52.2303],[9.9951,52.2372],[10.0033,52.2484],[9.9997,52.2578],[10.0286,52.2637],[10.0345,52.2838]]]}},{"type":"Feature","properties":{"code":"DE-03255","name":"Landkreis Holzminden","country":"DE","region":"Niedersachsen"},"geometry":{"type":"Polygon","coordinates":[[[9.6478,51.9648],[9.6272,51.9838],[9.6074,51.9956],[9.5679,52.0441],[9.5343,52.0352],[9.5391,52.023],[9.5151,52.0177],[9.4935,52.0183],[9.4891,52.0067],[9.4675,52.0014],[9.4442,51.9839],[9.4211,51.9831],[9.4064,51.9774],[9.3846,51.978],[9.364,51.9726],[9.3484,51.9749],[9.3429,51.9602],[9.3612,51.9545],[9.3668,51.9432],[9.3536,51.9345],[9.3144,51.9306],[9.3089,51.923],[9.3322,51.917],[9.3408,51.908],[9.3443,51.8802],[9.3358,51.8561],[9.3233,51.8551],[9.3347,51.8536],[9.3629,51.8649],[9.3929,51.8604],[9.4066,51.8556],[9.4614,51.8565],[9.4331,51.8399],[9.4405,51.8249],[9.4281,51.8143],[9.4408,51.8035],[9.4366,51.7893],[9.4096,51.771],[9.4073,51.7636],[9.3754,51.7436],[9.3948,51.73],[9.3891,51.7159],[9.4012,51.7042],[9.3879,51.6907],[9.3951,51.6729],[9.379,51.6654],[9.3747,51.6498],[9.3863,51.646],[9.4173,51.6473],[9.4371,51.6535],[9.4233,51.6731],[9.4396,51.6776],[9.4408,51.6957],[9.4667,51.7057],[9.5032,51.7277],[9.548,51.7408],[9.5575,51.7399],[9.5645,51.7554],[9.5613,51.7627],[9.5814,51.7755],[9.5792,51.7898],[9.6166,51.8109],[9.6429,51.818],[9.6523,51.8361],[9.66,51.8324],[9.6826,51.8397],[9.688,51.8462],[9.6867,51.8602],[9.7101,51.8727],[9.7184,51.8815],[9.7385,51.8779],[9.7585,51.867],[9.7883,51.8663],[9.8029,51.884],[9.8294,51.8863],[9.8603,51.8986],[9.8678,51.8966],[9.8949,51.9062],[9.8813,51.9147],[9.8622,51.9179],[9.8493,51.9274],[9.8241,51.9354],[9.8246,51.9431],[9.807,51.9528],[9.775,51.9634],[9.7704,51.9785],[9.7582,51.9821],[9.7402,51.9789],[9.7116,51.9783],[9.7103,51.9675],[9.694,51.9626],[9.6871,51.9552],[9.6625,51.9686],[9.6478,51.9648]]]}},{"type":"Feature","properties":{"code":"DE-03256","name":"Landkreis Nienburg (Weser)","country":"DE","region":"Niedersachsen"},"geometry":{"type":"Polygon","coordinates":[[[9.3256,52.7677],[9.3044,52.7745],[9.307,52.8116],[9.2742,52.8119],[9.2711,52.8051],[9.251,52.8031],[9.221,52.8147],[9.1923,52.8161],[9.2041,52.8418],[9.2191,52.8495],[9.1972,52.8564],[9.2112,52.8715],[9.2081,52.8766],[9.1769,52.8866],[9.1702,52.9001],[9.1525,52.8934],[9.116,52.897],[9.1026,52.8804],[9.1097,52.8631],[9.079,52.8493],[9.0586,52.8494],[9.0539,52.8418],[9.0344,52.8387],[9.0605,52.8243],[9.0456,52.8111],[9.0674,52.8039],[9.0461,52.7886],[9.0583,52.7796],[9.0623,52.7614],[9.0555,52.7472],[9.058,52.7398],[9.0438,52.7216],[9.0154,52.7163],[9.0085,52.7113],[9.0299,52.6923],[9.0177,52.6844],[9.019,52.6661],[9.0044,52.6519],[8.986,52.6582],[8.9257,52.632],[8.8831,52.6308],[8.8727,52.6145],[8.8734,52.6065],[8.9012,52.5977],[8.8969,52.5713],[8.9001,52.5588],[8.8937,52.5529],[8.8724,52.5548],[8.8557,52.5486],[8.8603,52.5366],[8.8523,52.5322],[8.8392,52.5458],[8.8151,52.5373],[8.8135,52.5305],[8.7755,52.5331],[8.7682,52.5209],[8.7516,52.5225],[8.7333,52.5095],[8.703,52.5004],[8.6985,52.4867],[8.7089,52.4775],[8.7103,52.4603],[8.7047,52.4554],[8.7053,52.4393],[8.7166,52.4321],[8.7048,52.4173],[8.7109,52.4082],[8.7461,52.3879],[8.7868,52.3987],[8.8551,52.3892],[8.8584,52.3937],[8.8892,52.396],[8.9031,52.4046],[8.9325,52.4012],[8.958,52.4162],[8.9622,52.425],[8.9807,52.4284],[8.9895,52.4518],[9.0121,52.4573],[9.0265,52.48],[9.0383,52.4799],[9.0523,52.5001],[9.0658,52.4962],[9.0952,52.4981],[9.1124,52.4858],[9.132,52.484],[9.1367,52.4755],[9.1029,52.4569],[9.0945,52.4428],[9.1105,52.4354],[9.112,52.4208],[9.1253,52.412],[9.158,52.4081],[9.1692,52.4124],[9.1991,52.4144],[9.2147,52.4228],[9.2232,52.4339],[9.2533,52.4347],[9.2605,52.44],[9.2786,52.4402],[9.2729,52.4547],[9.2772,52.4604],[9.2407,52.4685],[9.2674,52.4762],[9.2582,52.5145],[9.2381,52.529],[9.2774,52.5474],[9.3185,52.5553],[9.3356,52.5538],[9.3685,52.561],[9.3732,52.5689],[9.3428,52.5817],[9.3426,52.6025],[9.3676,52.6107],[9.4103,52.6161],[9.4388,52.6236],[9.442,52.6328],[9.4604,52.641],[9.51,52.6246],[9.5309,52.6295],[9.5378,52.645],[9.5347,52.6601],[9.525,52.6603],[9.5178,52.6725],[9.5039,52.6791],[9.5107,52.7009],[9.4812,52.705],[9.4809,52.7271],[9.4698,52.7284],[9.4194,52.7246],[9.402,52.7335],[9.368,52.7307],[9.3481,52.7148],[9.3319,52.715],[9.3221,52.7209],[9.3503,52.7258],[9.3418,52.7507],[9.3231,52.7618],[9.3256,52.7677]]]}},{"type":"Feature","properties":{"code":"DE-03257","name":"Landkreis Schaumburg","country":"DE","region":"Niedersachsen"},"geometry":{"type":"Polygon","coordinates":[[[9.4483,52.2743],[9.427,52.2793],[9.409,52.2968],[9.4108,52.311],[9.3985,52.3334],[9.414,52.3352],[9.4313,52.3539],[9.4108,52.4048],[9.3999,52.4067],[9.3752,52.3954],[9.3536,52.3906],[9.3527,52.3839],[9.3178,52.3915],[9.3197,52.4034],[9.3491,52.4224],[9.3668,52.4244],[9.358,52.4373],[9.3464,52.4442],[9.2999,52.4376],[9.2849,52.4385],[9.2729,52.4547],[9.2786,52.4402],[9.2605,52.44],[9.2533,52.4347],[9.2232,52.4339],[9.2147,52.4228],[9.1991,52.4144],[9.1692,52.4124],[9.158,52.4081],[9.1253,52.412],[9.1174,52.3971],[9.0952,52.385],[9.1007,52.3806],[9.0837,52.3548],[9.0592,52.3469],[9.0579,52.3396],[9.0274,52.3456],[9.0189,52.331],[8.9983,52.3262],[8.991,52.3148],[8.9881,52.2876],[8.9635,52.279],[8.9779,52.2709],[8.9727,52.2637],[9.0042,52.2575],[9.0065,52.2528],[9.033,52.2495],[9.058,52.2375],[9.0765,52.2338],[9.0583,52.2221],[9.0341,52.2176],[9.0459,52.2108],[9.0485,52.1957],[9.0403,52.1847],[9.0211,52.1838],[8.9917,52.1963],[8.9858,52.1946],[9.0124,52.1779],[9.0178,52.1324],[9.0534,52.1482],[9.107,52.1324],[9.1161,52.1384],[9.1447,52.1349],[9.1568,52.1251],[9.1558,52.1143],[9.1359,52.1058],[9.1556,52.0978],[9.1655,52.1025],[9.1715,52.1162],[9.1847,52.1192],[9.1823,52.1314],[9.1903,52.1414],[9.1701,52.1618],[9.1553,52.1818],[9.1621,52.1893],[9.1826,52.1845],[9.2018,52.1927],[9.235,52.2007],[9.2607,52.2153],[9.281,52.2147],[9.2973,52.2208],[9.3247,52.2123],[9.3403,52.2254],[9.3548,52.2292],[9.3623,52.2193],[9.3795,52.2321],[9.3935,52.2495],[9.4094,52.2487],[9.4408,52.2599],[9.4483,52.2743]]]}},{"type":"Feature","properties":{"code":"DE-03351","name":"Landkreis Celle","country":"DE","region":"Niedersachsen"},"geometry":{"type":"Polygon","coordinates":[[[10.2369,52.9361],[10.2227,52.9279],[10.1909,52.9227],[10.1921,52.9299],[10.163,52.937],[10.1566,52.9166],[10.1172,52.9125],[10.1197,52.9001],[10.1007,52.9052],[10.092,52.9017],[10.0701,52.9061],[10.058,52.8979],[10.0171,52.8856],[9.999,52.8739],[9.9795,52.8701],[9.9572,52.8747],[9.9447,52.8917],[9.917,52.8885],[9.8909,52.8911],[9.8886,52.9004],[9.8678,52.9022],[9.8535,52.8838],[9.8387,52.8725],[9.8526,52.8597],[9.8583,52.841],[9.8323,52.8301],[9.8265,52.8194],[9.8223,52.7928],[9.8289,52.7801],[9.8255,52.7625],[9.8314,52.7461],[9.7928,52.7438],[9.7903,52.739],[9.7517,52.7323],[9.7609,52.7154],[9.7258,52.7065],[9.7332,52.6978],[9.7339,52.6825],[9.7457,52.6514],[9.7346,52.6383],[9.7405,52.6312],[9.7682,52.6295],[9.775,52.6226],[9.8021,52.6146],[9.8042,52.607],[9.8249,52.6043],[9.8381,52.5974],[9.856,52.6034],[9.8781,52.6053],[9.882,52.5906],[9.9074,52.5973],[9.9125,52.5925],[9.9667,52.5903],[9.974,52.5768],[9.9904,52.5785],[9.98,52.5619],[9.9668,52.5502],[9.9949,52.5444],[9.999,52.5366],[10.0768,52.5373],[10.0783,52.5293],[10.0927,52.5222],[10.1035,52.5103],[10.1213,52.5089],[10.1418,52.498],[10.1562,52.5052],[10.1717,52.5041],[10.1778,52.5134],[10.2158,52.5008],[10.2599,52.489],[10.2737,52.5106],[10.2892,52.5275],[10.3062,52.5225],[10.3106,52.5359],[10.3465,52.5457],[10.3555,52.5618],[10.3772,52.5521],[10.4106,52.5641],[10.4109,52.573],[10.3847,52.5685],[10.3811,52.5792],[10.3995,52.5851],[10.402,52.5965],[10.4127,52.6009],[10.4131,52.6101],[10.3796,52.6327],[10.406,52.6575],[10.3905,52.6738],[10.3845,52.6906],[10.3705,52.7024],[10.3731,52.712],[10.3629,52.722],[10.3809,52.7349],[10.4034,52.7588],[10.3958,52.7622],[10.3998,52.7756],[10.4444,52.8158],[10.4135,52.8055],[10.4018,52.814],[10.3793,52.8169],[10.3647,52.8399],[10.3229,52.8463],[10.3084,52.8625],[10.283,52.8775],[10.2712,52.9048],[10.2369,52.9361]]]}},{"type":"Feature","properties":{"code":"DE-03352","name":"Landkreis Cuxhaven","country":"DE","region":"Niedersachsen"},"geometry":{"type":"Polygon","coordinates":[[[9.0185,53.8348],[8.9785,53.84],[8.9062,53.8288],[8.8732,53.8294],[8.8325,53.8332],[8.8233,53.8311],[8.7846,53.8347],[8.7534,53.8461],[8.7311,53.8586],[8.7022,53.8787],[8.6856,53.8816],[8.6788,53.8923],[8.6149,53.8821],[8.5746,53.8434],[8.5661,53.846],[8.542,53.8071],[8.5392,53.7888],[8.499,53.7163],[8.4834,53.6948],[8.484,53.6559],[8.5204,53.6062],[8.5337,53.6076],[8.591,53.5944],[8.6233,53.6053],[8.6506,53.6026],[8.6427,53.5926],[8.618,53.5787],[8.6309,53.5557],[8.6441,53.5492],[8.6398,53.5253],[8.6506,53.5108],[8.6313,53.5016],[8.6195,53.4893],[8.6059,53.4842],[8.5696,53.4875],[8.5314,53.4806],[8.5058,53.4712],[8.4927,53.4724],[8.4926,53.419],[8.5,53.3668],[8.5124,53.3531],[8.5182,53.3233],[8.5034,53.2935],[8.5488,53.2858],[8.5641,53.2978],[8.5962,53.2889],[8.6248,53.2868],[8.6272,53.2812],[8.6545,53.2861],[8.6749,53.2962],[8.7284,53.3012],[8.7217,53.3147],[8.7522,53.3181],[8.7651,53.3396],[8.754,53.3446],[8.7523,53.3558],[8.7362,53.3616],[8.7795,53.3737],[8.7948,53.3897],[8.8119,53.3868],[8.8325,53.3916],[8.8681,53.3957],[8.9107,53.38],[8.9237,53.3925],[8.952,53.4075],[8.9163,53.4445],[8.951,53.457],[8.9663,53.456],[8.9679,53.4725],[8.9565,53.4726],[8.9546,53.492],[8.9638,53.4945],[8.9617,53.5068],[8.9335,53.5087],[8.9048,53.5145],[8.9107,53.5268],[8.9362,53.5328],[8.9636,53.5298],[8.978,53.5382],[8.9729,53.5486],[8.9792,53.5571],[9.0168,53.5549],[9.0379,53.5584],[9.0525,53.5711],[9.0686,53.5721],[9.105,53.5566],[9.1227,53.5602],[9.122,53.5708],[9.1436,53.5931],[9.1486,53.5924],[9.1497,53.5991],[9.2001,53.6235],[9.2098,53.6177],[9.2283,53.6245],[9.2276,53.6304],[9.2582,53.6294],[9.2526,53.64],[9.2781,53.6435],[9.2718,53.6532],[9.276,53.6719],[9.259,53.6769],[9.2491,53.6683],[9.2196,53.6731],[9.2078,53.6819],[9.2207,53.6929],[9.2986,53.7296],[9.2759,53.7426],[9.2617,53.7681],[9.2219,53.7552],[9.2026,53.7689],[9.1885,53.7715],[9.1862,53.7797],[9.1673,53.7859],[9.1437,53.7884],[9.1419,53.8008],[9.124,53.8012],[9.0659,53.8115],[9.0403,53.8129],[9.0299,53.8256],[9.0251,53.8308],[9.0185,53.8348]]]}},{"type":"Feature","properties":{"code":"DE-03353","name":"Landkreis Harburg","country":"DE","region":"Niedersachsen"},"geometry":{"type":"Polygon","coordinates":[[[10.308,53.4332],[10.2624,53.4195],[10.2438,53.3996],[10.2238,53.3953],[10.1958,53.3985],[10.169,53.398],[10.1522,53.4073],[10.1364,53.4222],[10.1165,53.4242],[10.1035,53.4308],[10.0846,53.4504],[10.0518,53.4639],[10.0434,53.4587],[10.0293,53.4352],[9.9964,53.4261],[9.9844,53.4154],[9.9633,53.4273],[9.9492,53.4309],[9.942,53.4211],[9.9246,53.4196],[9.9165,53.4249],[9.9215,53.4366],[9.9085,53.4534],[9.8959,53.4574],[9.8734,53.4424],[9.8565,53.435],[9.8366,53.4509],[9.7998,53.4696],[9.8024,53.4933],[9.7689,53.5053],[9.7653,53.4948],[9.7469,53.4962],[9.7497,53.4849],[9.7701,53.4796],[9.7704,53.4581],[9.7802,53.4563],[9.7834,53.4405],[9.7659,53.436],[9.7407,53.4379],[9.7267,53.4226],[9.6759,53.4091],[9.6518,53.4098],[9.6425,53.3926],[9.6262,53.3914],[9.6165,53.3791],[9.6182,53.3701],[9.6021,53.3689],[9.5837,53.3582],[9.5627,53.3376],[9.5745,53.3304],[9.5865,53.3068],[9.5958,53.3064],[9.6045,53.2885],[9.5896,53.2916],[9.6074,53.2432],[9.6231,53.2275],[9.6826,53.2195],[9.7256,53.2142],[9.7457,53.2016],[9.7653,53.1954],[9.7853,53.1938],[9.7991,53.187],[9.8259,53.197],[9.8321,53.2055],[9.8514,53.2102],[9.8574,53.2022],[9.8877,53.1952],[9.9132,53.1739],[9.9348,53.1739],[9.9563,53.1809],[9.9807,53.1799],[10.0012,53.1736],[9.9969,53.1593],[10.0257,53.1583],[10.0487,53.1507],[10.0754,53.129],[10.0921,53.14],[10.1095,53.1572],[10.1117,53.1704],[10.1638,53.1851],[10.1826,53.1792],[10.2055,53.1812],[10.2322,53.1932],[10.2338,53.2098],[10.2176,53.215],[10.2094,53.227],[10.1984,53.2262],[10.2121,53.2518],[10.2267,53.2475],[10.2578,53.2607],[10.2404,53.2714],[10.25,53.2824],[10.2117,53.2937],[10.2198,53.3085],[10.2356,53.318],[10.2564,53.3148],[10.2711,53.3291],[10.2958,53.3333],[10.3227,53.3337],[10.3234,53.3596],[10.3524,53.3583],[10.3902,53.3682],[10.4048,53.3662],[10.4228,53.3555],[10.4403,53.3551],[10.4437,53.3674],[10.457,53.3685],[10.471,53.3802],[10.4692,53.3858],[10.444,53.3929],[10.3979,53.4115],[10.3754,53.4248],[10.3308,53.425],[10.308,53.4332]]]}},{"type":"Feature","properties":{"code":"DE-03354","name":"Landkreis Lüchow-Dannenberg","country":"DE","region":"Niedersachsen"},"geometry":{"type":"Polygon","coordinates":[[[11.1719,53.1566],[11.1521,53.167],[11.1396,53.1684],[11.1228,53.1603],[11.1069,53.1432],[11.0841,53.1388],[11.0707,53.1442],[11.0286,53.1672],[11.0122,53.1813],[10.9919,53.1884],[10.9426,53.2116],[10.9205,53.2259],[10.8842,53.2389],[10.8697,53.2381],[10.8633,53.2252],[10.8778,53.2068],[10.8675,53.1945],[10.8951,53.194],[10.8856,53.1846],[10.9064,53.1646],[10.9078,53.1492],[10.8843,53.1518],[10.8536,53.1434],[10.8279,53.1421],[10.8014,53.1445],[10.7859,53.138],[10.772,53.1222],[10.7548,53.1233],[10.7551,53.1112],[10.7678,53.0973],[10.8039,53.0915],[10.8333,53.077],[10.8414,53.0571],[10.84,53.0445],[10.871,53.0365],[10.8716,53.0191],[10.8905,53.0177],[10.8927,52.9982],[10.8411,52.9796],[10.8603,52.956],[10.8519,52.94],[10.8565,52.9277],[10.8357,52.9246],[10.8234,52.9171],[10.8046,52.8974],[10.8238,52.885],[10.8181,52.8659],[10.833,52.8609],[10.8416,52.8522],[10.8633,52.8551],[10.8906,52.8459],[10.8952,52.8556],[10.9396,52.8533],[10.9647,52.8729],[10.9795,52.8783],[10.9901,52.8882],[10.9891,52.8991],[10.9981,52.9104],[11.039,52.9134],[11.0671,52.9095],[11.0987,52.9129],[11.0932,52.8995],[11.1131,52.8957],[11.1547,52.9019],[11.179,52.9019],[11.2206,52.8977],[11.2358,52.8886],[11.2394,52.8795],[11.2672,52.8801],[11.2766,52.8875],[11.2942,52.8871],[11.2954,52.8749],[11.3143,52.8782],[11.3545,52.8904],[11.3747,52.9002],[11.4091,52.9051],[11.4237,52.9165],[11.4544,52.9334],[11.4701,52.9389],[11.505,52.941],[11.4923,52.9597],[11.5064,52.9997],[11.5271,53.008],[11.5434,52.9995],[11.5592,53.0131],[11.5964,53.0328],[11.5978,53.0359],[11.5653,53.041],[11.5458,53.0526],[11.5206,53.0469],[11.5021,53.0501],[11.471,53.0701],[11.4521,53.078],[11.4026,53.0724],[11.3531,53.0547],[11.3313,53.0587],[11.3098,53.0779],[11.2877,53.0868],[11.2678,53.1042],[11.2657,53.122],[11.2428,53.1379],[11.2147,53.1444],[11.1972,53.1362],[11.1846,53.1364],[11.1719,53.1566]]]}},{"type":"Feature","properties":{"code":"DE-03355","name":"Landkreis Lüneburg","country":"DE","region":"Niedersachsen"},"geometry":{"type":"Polygon","coordinates":[[[10.595,53.3639],[10.5801,53.3598],[10.553,53.3689],[10.4989,53.3745],[10.4692,53.3858],[10.471,53.3802],[10.457,53.3685],[10.4437,53.3674],[10.4403,53.3551],[10.4228,53.3555],[10.4048,53.3662],[10.3902,53.3682],[10.3524,53.3583],[10.3234,53.3596],[10.3227,53.3337],[10.2958,53.3333],[10.2711,53.3291],[10.2564,53.3148],[10.2356,53.318],[10.2198,53.3085],[10.2117,53.2937],[10.25,53.2824],[10.2404,53.2714],[10.2578,53.2607],[10.2267,53.2475],[10.2121,53.2518],[10.1984,53.2262],[10.2094,53.227],[10.2176,53.215],[10.2338,53.2098],[10.2322,53.1932],[10.2055,53.1812],[10.1826,53.1792],[10.1638,53.1851],[10.1117,53.1704],[10.1095,53.1572],[10.0921,53.14],[10.0754,53.129],[10.1176,53.1056],[10.0945,53.0961],[10.1016,53.0893],[10.0728,53.0737],[10.077,53.0659],[10.0603,53.0619],[10.0456,53.0695],[10.0426,53.0521],[10.0693,53.043],[10.0911,53.0453],[10.1458,53.0471],[10.1536,53.0568],[10.1765,53.0751],[10.1987,53.0788],[10.1992,53.0695],[10.2019,53.0679],[10.2118,53.0677],[10.2119,53.0763],[10.2299,53.0846],[10.2597,53.0876],[10.2761,53.0959],[10.2978,53.0895],[10.3139,53.0887],[10.3292,53.1141],[10.3465,53.1158],[10.3893,53.1136],[10.3887,53.1266],[10.397,53.1314],[10.397,53.1504],[10.4199,53.1515],[10.4436,53.1625],[10.4417,53.1699],[10.4627,53.175],[10.4702,53.1863],[10.4928,53.1895],[10.509,53.2039],[10.5228,53.1973],[10.5387,53.1835],[10.5378,53.1741],[10.5918,53.1742],[10.6068,53.1915],[10.6458,53.1865],[10.6588,53.1762],[10.6292,53.1736],[10.6325,53.1591],[10.7151,53.145],[10.7446,53.123],[10.7548,53.1233],[10.772,53.1222],[10.7859,53.138],[10.8014,53.1445],[10.8279,53.1421],[10.8536,53.1434],[10.8843,53.1518],[10.9078,53.1492],[10.9064,53.1646],[10.8856,53.1846],[10.8951,53.194],[10.8675,53.1945],[10.8778,53.2068],[10.8633,53.2252],[10.8697,53.2381],[10.8842,53.2389],[10.9205,53.2259],[10.9426,53.2116],[10.9919,53.1884],[11.0122,53.1813],[11.0286,53.1672],[11.0707,53.1442],[11.0841,53.1388],[11.1069,53.1432],[11.1228,53.1603],[11.1396,53.1684],[11.1521,53.167],[11.1719,53.1566],[11.1891,53.1656],[11.1953,53.1767],[11.1799,53.1867],[11.1367,53.1918],[11.1337,53.2024],[11.1155,53.2045],[11.0901,53.2143],[11.0623,53.2355],[11.0568,53.246],[11.0395,53.2625],[11.0272,53.2793],[11.009,53.2821],[11.0087,53.2991],[10.988,53.3334],[10.9594,53.3385],[10.9357,53.3386],[10.9194,53.3484],[10.9097,53.3377],[10.889,53.3263],[10.8508,53.31],[10.7979,53.3148],[10.7835,53.3193],[10.7381,53.3423],[10.7269,53.3578],[10.7053,53.3687],[10.6801,53.3675],[10.6307,53.3708],[10.595,53.3639]]]}},{"type":"Feature","properties":{"code":"DE-03356","name":"Landkreis Osterholz","country":"DE","region":"Niedersachsen"},"geometry":{"type":"Polygon","coordinates":[[[8.9107,53.38],[8.8681,53.3957],[8.8325,53.3916],[8.8119,53.3868],[8.7948,53.3897],[8.7795,53.3737],[8.7362,53.3616],[8.7523,53.3558],[8.754,53.3446],[8.7651,53.3396],[8.7522,53.3181],[8.7217,53.3147],[8.7284,53.3012],[8.6749,53.2962],[8.6545,53.2861],[8.6272,53.2812],[8.6248,53.2868],[8.5962,53.2889],[8.5641,53.2978],[8.5488,53.2858],[8.5034,53.2935],[8.5182,53.3233],[8.5124,53.3531],[8.5,53.3668],[8.5001,53.3437],[8.4913,53.3292],[8.4926,53.297],[8.4828,53.2597],[8.4815,53.2349],[8.4853,53.2271],[8.5211,53.2265],[8.5302,53.2161],[8.5537,53.2078],[8.5785,53.2173],[8.599,53.2125],[8.5817,53.2003],[8.5813,53.1899],[8.5924,53.1843],[8.628,53.1984],[8.6638,53.1762],[8.6975,53.1831],[8.7287,53.1802],[8.7411,53.1684],[8.7687,53.1609],[8.8296,53.1633],[8.8419,53.1482],[8.8644,53.1317],[8.8989,53.1344],[8.9121,53.1326],[8.9368,53.1512],[8.9566,53.1472],[8.9842,53.1261],[9.0046,53.13],[9.0368,53.1251],[9.0363,53.1321],[9.0579,53.1338],[9.0715,53.1513],[9.0607,53.1714],[9.0356,53.1843],[9.0294,53.1978],[9.0258,53.2472],[8.9919,53.2699],[8.9924,53.2763],[9.0125,53.3005],[8.9891,53.3077],[8.9975,53.3229],[8.9756,53.3366],[8.9617,53.3331],[8.9406,53.3421],[8.9471,53.3535],[8.94,53.3662],[8.907,53.3742],[8.9107,53.38]]]}},{"type":"Feature","properties":{"code":"DE-03357","name":"Landkreis Rotenburg (Wümme)","country":"DE","region":"Niedersachsen"},"geometry":{"type":"Polygon","coordinates":[[[9.1486,53.5924],[9.1436,53.5931],[9.122,53.5708],[9.1227,53.5602],[9.105,53.5566],[9.0686,53.5721],[9.0525,53.5711],[9.0379,53.5584],[9.0168,53.5549],[8.9792,53.5571],[8.9729,53.5486],[8.978,53.5382],[8.9636,53.5298],[8.9362,53.5328],[8.9107,53.5268],[8.9048,53.5145],[8.9335,53.5087],[8.9617,53.5068],[8.9638,53.4945],[8.9546,53.492],[8.9565,53.4726],[8.9679,53.4725],[8.9663,53.456],[8.951,53.457],[8.9163,53.4445],[8.952,53.4075],[8.9237,53.3925],[8.9107,53.38],[8.907,53.3742],[8.94,53.3662],[8.9471,53.3535],[8.9406,53.3421],[8.9617,53.3331],[8.9756,53.3366],[8.9975,53.3229],[8.9891,53.3077],[9.0125,53.3005],[8.9924,53.2763],[8.9919,53.2699],[9.0258,53.2472],[9.0294,53.1978],[9.0356,53.1843],[9.0607,53.1714],[9.0715,53.1513],[9.1093,53.1441],[9.1392,53.1662],[9.1535,53.1679],[9.1856,53.1784],[9.1957,53.1698],[9.1829,53.1643],[9.1937,53.1475],[9.1783,53.1388],[9.1731,53.1269],[9.1819,53.1162],[9.1529,53.1031],[9.1556,53.0867],[9.1689,53.0722],[9.1859,53.0637],[9.1878,53.0481],[9.2048,53.0389],[9.2221,53.0426],[9.244,53.0356],[9.2921,53.0272],[9.296,53.0198],[9.3125,53.0125],[9.3404,53.0148],[9.3496,53.0033],[9.3389,52.9988],[9.3368,52.9871],[9.3803,52.9841],[9.3928,52.9941],[9.4373,53.0028],[9.4577,52.9891],[9.4546,52.975],[9.4639,52.9693],[9.46,52.9561],[9.4443,52.9488],[9.4568,52.9304],[9.4547,52.9174],[9.4741,52.932],[9.5037,52.9355],[9.5125,52.9488],[9.5357,52.9512],[9.5514,52.9474],[9.5614,52.9373],[9.5611,52.9249],[9.589,52.9266],[9.6038,52.9424],[9.6039,52.9552],[9.6242,52.9537],[9.6695,52.9741],[9.6803,52.9899],[9.6664,52.9897],[9.6542,52.9964],[9.6581,53.0049],[9.6761,53.0115],[9.6744,53.0211],[9.6541,53.0296],[9.621,53.0368],[9.6158,53.0523],[9.6351,53.0694],[9.6431,53.0808],[9.6433,53.0978],[9.6352,53.1002],[9.6253,53.1152],[9.632,53.1286],[9.6426,53.1263],[9.6459,53.1441],[9.6735,53.1367],[9.6692,53.1478],[9.6723,53.1611],[9.6921,53.1564],[9.7292,53.16],[9.7583,53.1658],[9.7177,53.179],[9.7076,53.1877],[9.7121,53.1969],[9.6946,53.1994],[9.6961,53.2082],[9.6826,53.2195],[9.6231,53.2275],[9.6074,53.2432],[9.5896,53.2916],[9.6045,53.2885],[9.5958,53.3064],[9.5865,53.3068],[9.5745,53.3304],[9.5627,53.3376],[9.5552,53.3483],[9.5704,53.355],[9.5733,53.3697],[9.5652,53.3727],[9.5309,53.3732],[9.5062,53.3818],[9.4795,53.3588],[9.4505,53.3454],[9.4209,53.3546],[9.3961,53.3664],[9.3568,53.3897],[9.3747,53.4024],[9.3706,53.4094],[9.3415,53.4106],[9.3381,53.4189],[9.3468,53.4367],[9.3315,53.4584],[9.3077,53.4533],[9.2918,53.4617],[9.2706,53.4599],[9.25,53.4665],[9.2318,53.4784],[9.2335,53.4976],[9.2829,53.5233],[9.2476,53.5397],[9.2128,53.5409],[9.2039,53.5321],[9.1855,53.5315],[9.159,53.5559],[9.1613,53.5752],[9.1486,53.5924]]]}},{"type":"Feature","properties":{"code":"DE-03358","name":"Landkreis Heidekreis","country":"DE","region":"Niedersachsen"},"geometry":{"type":"Polygon","coordinates":[[[10.0754,53.129],[10.0487,53.1507],[10.0257,53.1583],[9.9969,53.1593],[10.0012,53.1736],[9.9807,53.1799],[9.9563,53.1809],[9.9348,53.1739],[9.9132,53.1739],[9.8877,53.1952],[9.8574,53.2022],[9.8514,53.2102],[9.8321,53.2055],[9.8259,53.197],[9.7991,53.187],[9.7853,53.1938],[9.7653,53.1954],[9.7457,53.2016],[9.7256,53.2142],[9.6826,53.2195],[9.6961,53.2082],[9.6946,53.1994],[9.7121,53.1969],[9.7076,53.1877],[9.7177,53.179],[9.7583,53.1658],[9.7292,53.16],[9.6921,53.1564],[9.6723,53.1611],[9.6692,53.1478],[9.6735,53.1367],[9.6459,53.1441],[9.6426,53.1263],[9.632,53.1286],[9.6253,53.1152],[9.6352,53.1002],[9.6433,53.0978],[9.6431,53.0808],[9.6351,53.0694],[9.6158,53.0523],[9.621,53.0368],[9.6541,53.0296],[9.6744,53.0211],[9.6761,53.0115],[9.6581,53.0049],[9.6542,52.9964],[9.6664,52.9897],[9.6803,52.9899],[9.6695,52.9741],[9.6242,52.9537],[9.6039,52.9552],[9.6038,52.9424],[9.589,52.9266],[9.5611,52.9249],[9.5614,52.9373],[9.5514,52.9474],[9.5357,52.9512],[9.5125,52.9488],[9.5037,52.9355],[9.4741,52.932],[9.4547,52.9174],[9.4352,52.9059],[9.4129,52.898],[9.4169,52.8842],[9.3962,52.8718],[9.3752,52.8499],[9.3882,52.8333],[9.3662,52.8206],[9.3516,52.8274],[9.341,52.8206],[9.3439,52.8081],[9.3579,52.805],[9.3483,52.7892],[9.3267,52.7727],[9.3256,52.7677],[9.3231,52.7618],[9.3418,52.7507],[9.3503,52.7258],[9.3221,52.7209],[9.3319,52.715],[9.3481,52.7148],[9.368,52.7307],[9.402,52.7335],[9.4194,52.7246],[9.4698,52.7284],[9.4809,52.7271],[9.4812,52.705],[9.5107,52.7009],[9.5039,52.6791],[9.5178,52.6725],[9.525,52.6603],[9.5347,52.6601],[9.5396,52.6713],[9.5876,52.677],[9.5853,52.6652],[9.6021,52.6554],[9.6001,52.6471],[9.6207,52.6453],[9.6217,52.639],[9.6412,52.6337],[9.6351,52.6258],[9.6462,52.6085],[9.659,52.6019],[9.6766,52.5997],[9.7033,52.602],[9.7155,52.6345],[9.7346,52.6383],[9.7457,52.6514],[9.7339,52.6825],[9.7332,52.6978],[9.7258,52.7065],[9.7609,52.7154],[9.7517,52.7323],[9.7903,52.739],[9.7928,52.7438],[9.8314,52.7461],[9.8255,52.7625],[9.8289,52.7801],[9.8223,52.7928],[9.8265,52.8194],[9.8323,52.8301],[9.8583,52.841],[9.8526,52.8597],[9.8387,52.8725],[9.8535,52.8838],[9.8678,52.9022],[9.8886,52.9004],[9.8909,52.8911],[9.917,52.8885],[9.9447,52.8917],[9.9572,52.8747],[9.9795,52.8701],[9.999,52.8739],[10.0171,52.8856],[10.058,52.8979],[10.0701,52.9061],[10.092,52.9017],[10.1007,52.9052],[10.1197,52.9001],[10.1172,52.9125],[10.1566,52.9166],[10.163,52.937],[10.1921,52.9299],[10.1909,52.9227],[10.2227,52.9279],[10.2369,52.9361],[10.223,52.954],[10.2243,52.9784],[10.2162,52.9877],[10.2161,53.0076],[10.206,53.0143],[10.181,53.0119],[10.1589,53.0138],[10.1567,53.0273],[10.1983,53.0292],[10.2183,53.0242],[10.2143,53.0386],[10.2198,53.0521],[10.2118,53.0677],[10.2019,53.0679],[10.1992,53.0695],[10.1987,53.0788],[10.1765,53.0751],[10.1536,53.0568],[10.1656,53.042],[10.1508,53.0364],[10.1458,53.0471],[10.0911,53.0453],[10.0693,53.043],[10.0426,53.0521],[10.0456,53.0695],[10.0603,53.0619],[10.077,53.0659],[10.0728,53.0737],[10.1016,53.0893],[10.0945,53.0961],[10.1176,53.1056],[10.0754,53.129]]]}},{"type":"Feature","properties":{"code":"DE-03359","name":"Landkreis Stade","country":"DE","region":"Niedersachsen"},"geometry":{"type":"MultiPolygon","coordinates":[[[[9.6916,53.5616],[9.6994,53.5586],[9.7395,53.5554],[9.7599,53.5512],[9.7742,53.5536],[9.7403,53.5569],[9.732,53.5575],[9.7301,53.5576],[9.7163,53.5585],[9.6996,53.56],[9.6916,53.5616]]],[[[9.7721,53.5434],[9.7643,53.5469],[9.7126,53.5511],[9.7106,53.5457],[9.684,53.5483],[9.6493,53.568],[9.6159,53.5808],[9.5966,53.5835],[9.5729,53.5939],[9.5584,53.6069],[9.5403,53.6129],[9.5181,53.6366],[9.4929,53.6781],[9.4567,53.7037],[9.4175,53.7252],[9.3536,53.7909],[9.312,53.8364],[9.2746,53.8576],[9.2004,53.8658],[9.1696,53.8667],[9.1114,53.8643],[9.0816,53.8603],[9.0294,53.8436],[9.0299,53.8256],[9.0403,53.8129],[9.0659,53.8115],[9.124,53.8012],[9.1419,53.8008],[9.1437,53.7884],[9.1673,53.7859],[9.1862,53.7797],[9.1885,53.7715],[9.2026,53.7689],[9.2219,53.7552],[9.2617,53.7681],[9.2759,53.7426],[9.2986,53.7296],[9.2207,53.6929],[9.2078,53.6819],[9.2196,53.6731],[9.2491,53.6683],[9.259,53.6769],[9.276,53.6719],[9.2718,53.6532],[9.2781,53.6435],[9.2526,53.64],[9.2582,53.6294],[9.2276,53.6304],[9.2283,53.6245],[9.2098,53.6177],[9.2001,53.6235],[9.1497,53.5991],[9.1486,53.5924],[9.1613,53.5752],[9.159,53.5559],[9.1855,53.5315],[9.2039,53.5321],[9.2128,53.5409],[9.2476,53.5397],[9.2829,53.5233],[9.2335,53.4976],[9.2318,53.4784],[9.25,53.4665],[9.2706,53.4599],[9.2918,53.4617],[9.3077,53.4533],[9.3315,53.4584],[9.3468,53.4367],[9.3381,53.4189],[9.3415,53.4106],[9.3706,53.4094],[9.3747,53.4024],[9.3568,53.3897],[9.3961,53.3664],[9.4209,53.3546],[9.4505,53.3454],[9.4795,53.3588],[9.5062,53.3818],[9.5309,53.3732],[9.5652,53.3727],[9.5733,53.3697],[9.5704,53.355],[9.5552,53.3483],[9.5627,53.3376],[9.5837,53.3582],[9.6021,53.3689],[9.6182,53.3701],[9.6165,53.3791],[9.6262,53.3914],[9.6425,53.3926],[9.6518,53.4098],[9.6759,53.4091],[9.7267,53.4226],[9.7407,53.4379],[9.7659,53.436],[9.7834,53.4405],[9.7802,53.4563],[9.7704,53.4581],[9.7701,53.4796],[9.7497,53.4849],[9.7469,53.4962],[9.7653,53.4948],[9.7689,53.5053],[9.7638,53.5087],[9.7763,53.5251],[9.7654,53.5411],[9.7721,53.5434]]]]}},{"type":"Feature","properties":{"code":"DE-03360","name":"Landkreis Uelzen","country":"DE","region":"Niedersachsen"},"geometry":{"type":"MultiPolygon","coordinates":[[[[10.1458,53.0471],[10.1508,53.0364],[10.1656,53.042],[10.1536,53.0568],[10.1458,53.0471]]],[[[10.7548,53.1233],[10.7446,53.123],[10.7151,53.145],[10.6325,53.1591],[10.6292,53.1736],[10.6588,53.1762],[10.6458,53.1865],[10.6068,53.1915],[10.5918,53.1742],[10.5378,53.1741],[10.5387,53.1835],[10.5228,53.1973],[10.509,53.2039],[10.4928,53.1895],[10.4702,53.1863],[10.4627,53.175],[10.4417,53.1699],[10.4436,53.1625],[10.4199,53.1515],[10.397,53.1504],[10.397,53.1314],[10.3887,53.1266],[10.3893,53.1136],[10.3465,53.1158],[10.3292,53.1141],[10.3139,53.0887],[10.2978,53.0895],[10.2761,53.0959],[10.2597,53.0876],[10.2299,53.0846],[10.2119,53.0763],[10.2118,53.0677],[10.2198,53.0521],[10.2143,53.0386],[10.2183,53.0242],[10.1983,53.0292],[10.1567,53.0273],[10.1589,53.0138],[10.181,53.0119],[10.206,53.0143],[10.2161,53.0076],[10.2162,52.9877],[10.2243,52.9784],[10.223,52.954],[10.2369,52.9361],[10.2712,52.9048],[10.283,52.8775],[10.3084,52.8625],[10.3229,52.8463],[10.3647,52.8399],[10.3793,52.8169],[10.4018,52.814],[10.4135,52.8055],[10.4444,52.8158],[10.458,52.8104],[10.5239,52.8324],[10.5525,52.8324],[10.5796,52.8152],[10.5937,52.7946],[10.6019,52.7957],[10.6363,52.7722],[10.6696,52.7652],[10.6947,52.7817],[10.7232,52.7833],[10.7593,52.7958],[10.757,52.8181],[10.7717,52.8339],[10.7667,52.8422],[10.7961,52.8436],[10.8006,52.8503],[10.8348,52.8475],[10.8416,52.8522],[10.833,52.8609],[10.8181,52.8659],[10.8238,52.885],[10.8046,52.8974],[10.8234,52.9171],[10.8357,52.9246],[10.8565,52.9277],[10.8519,52.94],[10.8603,52.956],[10.8411,52.9796],[10.8927,52.9982],[10.8905,53.0177],[10.8716,53.0191],[10.871,53.0365],[10.84,53.0445],[10.8414,53.0571],[10.8333,53.077],[10.8039,53.0915],[10.7678,53.0973],[10.7551,53.1112],[10.7548,53.1233]]]]}},{"type":"Feature","properties":{"code":"DE-03361","name":"Landkreis Verden","country":"DE","region":"Niedersachsen"},"geometry":{"type":"Polygon","coordinates":[[[9.4547,52.9174],[9.4568,52.9304],[9.4443,52.9488],[9.46,52.9561],[9.4639,52.9693],[9.4546,52.975],[9.4577,52.9891],[9.4373,53.0028],[9.3928,52.9941],[9.3803,52.9841],[9.3368,52.9871],[9.3389,52.9988],[9.3496,53.0033],[9.3404,53.0148],[9.3125,53.0125],[9.296,53.0198],[9.2921,53.0272],[9.244,53.0356],[9.2221,53.0426],[9.2048,53.0389],[9.1878,53.0481],[9.1859,53.0637],[9.1689,53.0722],[9.1556,53.0867],[9.1529,53.1031],[9.1819,53.1162],[9.1731,53.1269],[9.1783,53.1388],[9.1937,53.1475],[9.1829,53.1643],[9.1957,53.1698],[9.1856,53.1784],[9.1535,53.1679],[9.1392,53.1662],[9.1093,53.1441],[9.0715,53.1513],[9.0579,53.1338],[9.0363,53.1321],[9.0368,53.1251],[9.0046,53.13],[8.9842,53.1261],[8.947,53.1161],[8.9594,53.1102],[8.963,53.1003],[8.9817,53.0929],[8.9614,53.0852],[8.9698,53.0568],[8.9803,53.0467],[8.9656,53.0364],[8.9381,53.025],[8.9359,53.0137],[8.9158,53.011],[8.9313,52.9988],[8.9293,52.9895],[8.9037,52.9677],[8.9121,52.9473],[8.9302,52.9263],[8.9365,52.9089],[8.9521,52.8889],[8.9638,52.8959],[8.9818,52.8885],[8.99,52.8974],[8.9939,52.9124],[9.0042,52.927],[9.062,52.9229],[9.0711,52.9171],[9.0796,52.9021],[9.1095,52.904],[9.116,52.897],[9.1525,52.8934],[9.1702,52.9001],[9.1769,52.8866],[9.2081,52.8766],[9.2112,52.8715],[9.1972,52.8564],[9.2191,52.8495],[9.2041,52.8418],[9.1923,52.8161],[9.221,52.8147],[9.251,52.8031],[9.2711,52.8051],[9.2742,52.8119],[9.307,52.8116],[9.3044,52.7745],[9.3256,52.7677],[9.3267,52.7727],[9.3483,52.7892],[9.3579,52.805],[9.3439,52.8081],[9.341,52.8206],[9.3516,52.8274],[9.3662,52.8206],[9.3882,52.8333],[9.3752,52.8499],[9.3962,52.8718],[9.4169,52.8842],[9.4129,52.898],[9.4352,52.9059],[9.4547,52.9174]]]}},{"type":"Feature","properties":{"code":"DE-03401","name":"Kreisfreie Stadt Delmenhorst","country":"DE","region":"Niedersachsen"},"geometry":{"type":"Polygon","coordinates":[[[8.6549,53.1089],[8.6357,53.0993],[8.6233,53.0864],[8.6319,53.0772],[8.6071,53.0616],[8.5964,53.0616],[8.5809,53.0406],[8.6076,53.0311],[8.5944,53.0117],[8.5793,53.0029],[8.5913,52.9864],[8.6219,53.0001],[8.612,53.0081],[8.6276,53.0189],[8.6433,53.0055],[8.6572,53.009],[8.664,53.0198],[8.6788,53.0183],[8.6842,53.0358],[8.7007,53.0374],[8.7114,53.0446],[8.7069,53.0534],[8.7092,53.0759],[8.7008,53.0823],[8.6741,53.0867],[8.6649,53.0946],[8.6698,53.103],[8.6549,53.1089]]]}},{"type":"Feature","properties":{"code":"DE-03402","name":"Kreisfreie Stadt Emden","country":"DE","region":"Niedersachsen"},"geometry":{"type":"Polygon","coordinates":[[[7.3073,53.3502],[7.31,53.3674],[7.2899,53.3752],[7.2823,53.3967],[7.2676,53.4087],[7.2401,53.3942],[7.2097,53.402],[7.185,53.388],[7.1555,53.3885],[7.141,53.3976],[7.0963,53.3838],[7.0894,53.3697],[7.0577,53.3532],[7.0381,53.3524],[7.0332,53.3612],[7.0129,53.3786],[6.9994,53.3599],[7.02,53.339],[7.0491,53.3385],[7.0596,53.3347],[7.1706,53.3355],[7.2404,53.3317],[7.2727,53.3248],[7.3021,53.3236],[7.3073,53.3502]]]}},{"type":"Feature","properties":{"code":"DE-03403","name":"Kreisfreie Stadt Oldenburg (Oldb)","country":"DE","region":"Niedersachsen"},"geometry":{"type":"Polygon","coordinates":[[[8.3039,53.1891],[8.2968,53.1919],[8.2544,53.1933],[8.2418,53.2005],[8.2005,53.2039],[8.1921,53.1894],[8.1594,53.1742],[8.1538,53.15],[8.138,53.1277],[8.1301,53.128],[8.1281,53.1078],[8.1676,53.109],[8.2016,53.1131],[8.2025,53.1012],[8.1949,53.096],[8.2077,53.0867],[8.223,53.0823],[8.2798,53.0982],[8.2787,53.1071],[8.2883,53.1304],[8.2993,53.1449],[8.3123,53.153],[8.302,53.1608],[8.2924,53.1802],[8.3039,53.1891]]]}},{"type":"Feature","properties":{"code":"DE-03404","name":"Kreisfreie Stadt Osnabrück","country":"DE","region":"Niedersachsen"},"geometry":{"type":"Polygon","coordinates":[[[7.9565,52.2725],[7.9679,52.2621],[7.9577,52.2511],[7.989,52.2371],[8.0063,52.2361],[8.0344,52.2242],[8.0401,52.2327],[8.0816,52.24],[8.1085,52.2205],[8.1135,52.2302],[8.1337,52.2334],[8.1233,52.2459],[8.1347,52.2642],[8.159,52.267],[8.1805,52.2849],[8.1637,52.2952],[8.1304,52.2946],[8.1194,52.2905],[8.0976,52.3072],[8.098,52.3205],[8.074,52.3158],[8.0201,52.3193],[8.0099,52.3388],[7.9646,52.3249],[7.9872,52.3036],[7.9496,52.3059],[7.934,52.3026],[7.9322,52.288],[7.9565,52.2725]]]}},{"type":"Feature","properties":{"code":"DE-03405","name":"Kreisfreie Stadt Wilhelmshaven","country":"DE","region":"Niedersachsen"},"geometry":{"type":"Polygon","coordinates":[[[8.0623,53.5057],[8.0955,53.5022],[8.1547,53.5145],[8.1663,53.5268],[8.1564,53.5317],[8.1687,53.5447],[8.1618,53.5498],[8.1424,53.5797],[8.1556,53.5858],[8.1489,53.6018],[8.1241,53.5984],[8.1143,53.6161],[8.0913,53.6381],[8.0506,53.6251],[8.0421,53.6295],[8.0225,53.6166],[8.0079,53.6122],[7.9942,53.6012],[8.0118,53.5988],[8.0112,53.5878],[8.0278,53.5781],[8.0293,53.5671],[8.0225,53.5566],[8.0416,53.5527],[8.0301,53.5386],[8.0526,53.5098],[8.0623,53.5057]]]}},{"type":"Feature","properties":{"code":"DE-03451","name":"Landkreis Ammerland","country":"DE","region":"Niedersachsen"},"geometry":{"type":"Polygon","coordinates":[[[8.1739,53.354],[8.1579,53.3487],[8.1512,53.338],[8.1259,53.3301],[8.1095,53.3337],[8.0903,53.3321],[8.0784,53.3425],[8.0635,53.342],[8.0323,53.3213],[8.0302,53.3104],[7.9705,53.3047],[7.9599,53.3298],[7.9414,53.3309],[7.8856,53.352],[7.8501,53.294],[7.7606,53.2417],[7.7021,53.2228],[7.6992,53.2084],[7.719,53.1789],[7.7502,53.1729],[7.7746,53.1717],[7.7897,53.1786],[7.8176,53.1746],[7.8341,53.1664],[7.8538,53.1637],[7.8438,53.1543],[7.8395,53.1413],[7.8602,53.1299],[7.8851,53.1097],[7.8978,53.1194],[7.9145,53.1095],[7.949,53.0957],[7.9411,53.0871],[7.9639,53.085],[7.9658,53.0757],[7.9976,53.0714],[8.0154,53.0736],[8.0508,53.0596],[8.07,53.0818],[8.07,53.0899],[8.1022,53.1023],[8.1281,53.1078],[8.1301,53.128],[8.138,53.1277],[8.1538,53.15],[8.1594,53.1742],[8.1921,53.1894],[8.2005,53.2039],[8.2418,53.2005],[8.2544,53.1933],[8.2968,53.1919],[8.3039,53.1891],[8.3146,53.1962],[8.3007,53.2321],[8.2927,53.2437],[8.2751,53.2585],[8.2675,53.2847],[8.2441,53.3083],[8.2159,53.3027],[8.1917,53.3156],[8.1718,53.3226],[8.1751,53.3299],[8.1642,53.3411],[8.1796,53.3473],[8.1739,53.354]]]}},{"type":"Feature","properties":{"code":"DE-03452","name":"Landkreis Aurich","country":"DE","region":"Niedersachsen"},"geometry":{"type":"MultiPolygon","coordinates":[[[[6.9067,53.6495],[6.8662,53.6451],[6.8766,53.6299],[6.8948,53.6315],[6.894,53.6455],[6.9067,53.6495]]],[[[7.4318,53.7271],[7.4304,53.7322],[7.3939,53.7361],[7.3604,53.728],[7.3886,53.7203],[7.4266,53.7203],[7.4318,53.7271]]],[[[7.1025,53.6811],[7.0942,53.688],[7.0593,53.6887],[6.9776,53.6814],[6.8598,53.6682],[6.8704,53.662],[7.0516,53.6791],[7.1025,53.6811]]],[[[7.3439,53.7255],[7.3148,53.7269],[7.2304,53.7224],[7.1863,53.7227],[7.1434,53.7112],[7.1413,53.7012],[7.1528,53.6969],[7.1695,53.7012],[7.1991,53.7003],[7.2155,53.7036],[7.2702,53.7037],[7.3218,53.7121],[7.3408,53.7182],[7.3439,53.7255]]],[[[7.5502,53.675],[7.5163,53.6721],[7.4806,53.6832],[7.4269,53.6841],[7.3778,53.6825],[7.3605,53.6868],[7.311,53.6823],[7.2811,53.6743],[7.2431,53.6685],[7.2219,53.657],[7.1826,53.6409],[7.1702,53.6289],[7.1565,53.6225],[7.1401,53.6072],[7.1124,53.5948],[7.0903,53.5797],[7.0871,53.5715],[7.1049,53.5607],[7.131,53.5329],[7.1072,53.5283],[7.0933,53.5217],[7.0828,53.5295],[7.0704,53.5268],[7.0401,53.5384],[7.0336,53.5338],[7.048,53.5067],[7.0253,53.4844],[7.0256,53.4768],[7.012,53.4341],[7.0127,53.4064],[7.0057,53.3761],[6.9981,53.3717],[6.9994,53.3599],[7.0129,53.3786],[7.0332,53.3612],[7.0381,53.3524],[7.0577,53.3532],[7.0894,53.3697],[7.0963,53.3838],[7.141,53.3976],[7.1555,53.3885],[7.185,53.388],[7.2097,53.402],[7.2401,53.3942],[7.2676,53.4087],[7.2823,53.3967],[7.2899,53.3752],[7.31,53.3674],[7.3073,53.3502],[7.3205,53.3499],[7.3414,53.3631],[7.3502,53.3542],[7.371,53.3577],[7.4104,53.3487],[7.4317,53.3624],[7.4716,53.371],[7.4997,53.3655],[7.5121,53.3545],[7.5473,53.3568],[7.5624,53.3455],[7.5887,53.3417],[7.597,53.3351],[7.6262,53.3345],[7.63,53.3405],[7.6506,53.347],[7.6632,53.34],[7.696,53.3507],[7.7568,53.3646],[7.8155,53.3755],[7.8041,53.4],[7.7838,53.4039],[7.7675,53.4133],[7.7841,53.4204],[7.7849,53.4273],[7.7709,53.4465],[7.7552,53.4357],[7.7395,53.4412],[7.7317,53.4544],[7.7445,53.4563],[7.7366,53.4724],[7.7126,53.4713],[7.694,53.4631],[7.6772,53.4629],[7.6781,53.5025],[7.6498,53.5229],[7.6617,53.5392],[7.6504,53.5607],[7.6227,53.5617],[7.5646,53.5548],[7.4818,53.5472],[7.4486,53.5353],[7.4292,53.5328],[7.4121,53.5421],[7.4208,53.5508],[7.4153,53.5816],[7.4211,53.6176],[7.4326,53.6229],[7.4534,53.6209],[7.4657,53.6266],[7.5063,53.6232],[7.5081,53.6358],[7.4918,53.6475],[7.5098,53.6645],[7.5458,53.6714],[7.5502,53.675]]]]}},{"type":"Feature","properties":{"code":"DE-03453","name":"Landkreis Cloppenburg","country":"DE","region":"Niedersachsen"},"geometry":{"type":"Polygon","coordinates":[[[7.719,53.1789],[7.6812,53.1819],[7.6656,53.1778],[7.6478,53.1827],[7.6443,53.1485],[7.637,53.1141],[7.6271,53.1144],[7.6119,53.0577],[7.7124,53.0156],[7.7232,52.9721],[7.7162,52.9682],[7.7427,52.9469],[7.7868,52.9346],[7.8238,52.9276],[7.832,52.9209],[7.8253,52.9095],[7.7903,52.8773],[7.7765,52.8696],[7.7129,52.8506],[7.7076,52.8322],[7.6964,52.8217],[7.6818,52.7971],[7.7149,52.7668],[7.686,52.7499],[7.653,52.739],[7.6352,52.726],[7.6576,52.7113],[7.6896,52.6789],[7.7637,52.6774],[7.7801,52.6867],[7.795,52.6878],[7.8033,52.7003],[7.8551,52.7093],[7.9062,52.689],[7.918,52.6799],[7.9439,52.689],[7.9768,52.6964],[7.9911,52.6895],[8.0182,52.6839],[8.0266,52.703],[8.0735,52.7042],[8.0747,52.7111],[8.0462,52.7152],[8.0612,52.7563],[8.1012,52.7529],[8.111,52.7716],[8.168,52.767],[8.196,52.7617],[8.1956,52.7722],[8.204,52.7886],[8.2235,52.7886],[8.2396,52.7991],[8.2445,52.8089],[8.2356,52.8316],[8.238,52.8412],[8.2554,52.8565],[8.2588,52.8742],[8.2346,52.8693],[8.2067,52.8785],[8.1903,52.8922],[8.1562,52.9051],[8.1535,52.9257],[8.1216,52.9281],[8.1241,52.9536],[8.1149,52.967],[8.1176,52.986],[8.1235,52.9968],[8.0823,53.0367],[8.0508,53.0596],[8.0154,53.0736],[7.9976,53.0714],[7.9658,53.0757],[7.9639,53.085],[7.9411,53.0871],[7.949,53.0957],[7.9145,53.1095],[7.8978,53.1194],[7.8851,53.1097],[7.8602,53.1299],[7.8395,53.1413],[7.8438,53.1543],[7.8538,53.1637],[7.8341,53.1664],[7.8176,53.1746],[7.7897,53.1786],[7.7746,53.1717],[7.7502,53.1729],[7.719,53.1789]]]}},{"type":"Feature","properties":{"code":"DE-03454","name":"Landkreis Emsland","country":"DE","region":"Niedersachsen"},"geometry":{"type":"Polygon","coordinates":[[[7.6119,53.0577],[7.6081,53.0593],[7.553,53.0346],[7.5451,53.0337],[7.5246,53.0434],[7.5195,53.0564],[7.4832,53.0862],[7.409,53.09],[7.4086,53.0993],[7.3852,53.106],[7.3833,53.0949],[7.3628,53.1058],[7.3373,53.1011],[7.3293,53.106],[7.2937,53.1143],[7.2732,53.1135],[7.2452,53.1175],[7.2028,53.1133],[7.1993,53.081],[7.2128,53.011],[7.2093,53.0002],[7.1816,52.9413],[7.1047,52.8642],[7.0873,52.8499],[7.0927,52.8382],[7.072,52.8109],[7.0628,52.7107],[7.0547,52.6444],[7.0419,52.6327],[7.0062,52.6388],[7.0024,52.6362],[6.9953,52.6063],[7.0333,52.6184],[7.0489,52.6065],[7.0725,52.6043],[7.0828,52.5972],[7.109,52.5893],[7.1212,52.5927],[7.1424,52.5879],[7.1466,52.5726],[7.1594,52.5735],[7.1622,52.557],[7.1956,52.5497],[7.1933,52.5376],[7.2578,52.5423],[7.2789,52.5108],[7.2586,52.5027],[7.2797,52.4955],[7.2642,52.4816],[7.2752,52.4693],[7.2205,52.4472],[7.2127,52.4466],[7.2344,52.4036],[7.251,52.3612],[7.2562,52.3403],[7.2815,52.3211],[7.3175,52.2803],[7.3456,52.2827],[7.3616,52.2883],[7.3708,52.3002],[7.3865,52.3093],[7.4272,52.314],[7.4378,52.3334],[7.4794,52.3476],[7.5053,52.3611],[7.5299,52.3699],[7.5542,52.3688],[7.5704,52.3786],[7.5816,52.3942],[7.5828,52.4037],[7.6012,52.4139],[7.6027,52.421],[7.571,52.4323],[7.5775,52.447],[7.5917,52.4649],[7.609,52.474],[7.6118,52.5051],[7.619,52.5372],[7.6154,52.5448],[7.6152,52.5724],[7.6217,52.5828],[7.6072,52.6093],[7.6116,52.6226],[7.6608,52.6496],[7.6946,52.6631],[7.6896,52.6789],[7.6576,52.7113],[7.6352,52.726],[7.653,52.739],[7.686,52.7499],[7.7149,52.7668],[7.6818,52.7971],[7.6964,52.8217],[7.7076,52.8322],[7.7129,52.8506],[7.7765,52.8696],[7.7903,52.8773],[7.8253,52.9095],[7.832,52.9209],[7.8238,52.9276],[7.7868,52.9346],[7.7427,52.9469],[7.7162,52.9682],[7.7232,52.9721],[7.7124,53.0156],[7.6119,53.0577]]]}},{"type":"Feature","properties":{"code":"DE-03455","name":"Landkreis Friesland","country":"DE","region":"Niedersachsen"},"geometry":{"type":"MultiPolygon","coordinates":[[[[7.8854,53.7946],[7.8646,53.7939],[7.8475,53.7871],[7.8687,53.7768],[7.8747,53.7885],[7.9091,53.7812],[7.9499,53.7817],[7.9566,53.7866],[7.8994,53.7943],[7.8854,53.7946]]],[[[8.0913,53.6381],[8.073,53.647],[8.0447,53.6414],[8.0326,53.6567],[8.0233,53.6908],[8.0321,53.7053],[8.0121,53.7117],[7.9638,53.7161],[7.9133,53.7178],[7.8806,53.716],[7.8099,53.7077],[7.8343,53.6691],[7.8378,53.6381],[7.8203,53.6315],[7.8311,53.6231],[7.8519,53.6222],[7.8604,53.6109],[7.8558,53.5997],[7.8445,53.5921],[7.8582,53.5863],[7.8362,53.5698],[7.8314,53.538],[7.8155,53.5195],[7.8212,53.5008],[7.8569,53.5129],[7.8882,53.5165],[7.939,53.5098],[7.9312,53.5005],[7.9307,53.4797],[7.9426,53.4724],[7.9569,53.4731],[7.9697,53.464],[7.9627,53.4496],[7.9498,53.4386],[7.8587,53.3986],[7.8715,53.3759],[7.8856,53.352],[7.9414,53.3309],[7.9599,53.3298],[7.9705,53.3047],[8.0302,53.3104],[8.0323,53.3213],[8.0635,53.342],[8.0784,53.3425],[8.0903,53.3321],[8.1095,53.3337],[8.1259,53.3301],[8.1512,53.338],[8.1579,53.3487],[8.1739,53.354],[8.1873,53.3552],[8.2022,53.3661],[8.2007,53.388],[8.2072,53.396],[8.1956,53.4092],[8.1939,53.4159],[8.1531,53.447],[8.1369,53.4527],[8.1003,53.4454],[8.0784,53.4598],[8.0623,53.4825],[8.0623,53.5057],[8.0526,53.5098],[8.0301,53.5386],[8.0416,53.5527],[8.0225,53.5566],[8.0293,53.5671],[8.0278,53.5781],[8.0112,53.5878],[8.0118,53.5988],[7.9942,53.6012],[8.0079,53.6122],[8.0225,53.6166],[8.0421,53.6295],[8.0506,53.6251],[8.0913,53.6381]]]]}},{"type":"Feature","properties":{"code":"DE-03456","name":"Landkreis Grafschaft Bentheim","country":"DE","region":"Niedersachsen"},"geometry":{"type":"Polygon","coordinates":[[[7.0062,52.6388],[6.9758,52.6463],[6.9672,52.6417],[6.94,52.638],[6.9197,52.6398],[6.8982,52.6511],[6.85,52.6488],[6.8325,52.6517],[6.8227,52.6478],[6.7835,52.6525],[6.768,52.6469],[6.742,52.6453],[6.7143,52.6268],[6.7271,52.6148],[6.7187,52.5887],[6.7667,52.5635],[6.751,52.5592],[6.7262,52.5632],[6.7161,52.5486],[6.6809,52.5533],[6.7044,52.5221],[6.6977,52.4863],[6.7531,52.4638],[6.7746,52.4596],[6.8543,52.4596],[6.8619,52.4514],[6.9417,52.4355],[6.9622,52.4446],[6.9776,52.4655],[6.994,52.4655],[7.0109,52.4291],[7.0221,52.4227],[7.0358,52.4025],[7.0588,52.3993],[7.0722,52.3734],[7.0722,52.3523],[7.0569,52.3386],[7.0468,52.3162],[7.0267,52.2922],[7.0275,52.2776],[7.0424,52.2561],[7.0659,52.2413],[7.0991,52.2431],[7.1212,52.2611],[7.1532,52.2665],[7.2078,52.2645],[7.2979,52.264],[7.3175,52.2803],[7.2815,52.3211],[7.2562,52.3403],[7.251,52.3612],[7.2344,52.4036],[7.2127,52.4466],[7.2205,52.4472],[7.2752,52.4693],[7.2642,52.4816],[7.2797,52.4955],[7.2586,52.5027],[7.2789,52.5108],[7.2578,52.5423],[7.1933,52.5376],[7.1956,52.5497],[7.1622,52.557],[7.1594,52.5735],[7.1466,52.5726],[7.1424,52.5879],[7.1212,52.5927],[7.109,52.5893],[7.0828,52.5972],[7.0725,52.6043],[7.0489,52.6065],[7.0333,52.6184],[6.9953,52.6063],[7.0024,52.6362],[7.0062,52.6388]]]}},{"type":"Feature","properties":{"code":"DE-03457","name":"Landkreis Leer","country":"DE","region":"Niedersachsen"},"geometry":{"type":"MultiPolygon","coordinates":[[[[6.7847,53.6126],[6.7681,53.617],[6.6565,53.6079],[6.6475,53.6047],[6.6565,53.585],[6.6653,53.5775],[6.6974,53.5654],[6.7169,53.5709],[6.7451,53.5697],[6.7272,53.5813],[6.7546,53.5962],[6.7879,53.5972],[6.8178,53.603],[6.7847,53.6126]]],[[[7.8155,53.3755],[7.7568,53.3646],[7.696,53.3507],[7.6632,53.34],[7.6506,53.347],[7.63,53.3405],[7.6262,53.3345],[7.597,53.3351],[7.5887,53.3417],[7.5624,53.3455],[7.5473,53.3568],[7.5121,53.3545],[7.4997,53.3655],[7.4716,53.371],[7.4317,53.3624],[7.4104,53.3487],[7.371,53.3577],[7.3502,53.3542],[7.3414,53.3631],[7.3205,53.3499],[7.3073,53.3502],[7.3021,53.3236],[7.286,53.3174],[7.2484,53.3204],[7.2425,53.3027],[7.2346,53.2982],[7.2362,53.275],[7.2253,53.2547],[7.2089,53.2431],[7.2169,53.2145],[7.2176,53.199],[7.208,53.1885],[7.227,53.1799],[7.2037,53.1765],[7.1905,53.1618],[7.1896,53.148],[7.1789,53.1381],[7.1829,53.1217],[7.2028,53.1133],[7.2452,53.1175],[7.2732,53.1135],[7.2937,53.1143],[7.3293,53.106],[7.3373,53.1011],[7.3628,53.1058],[7.3833,53.0949],[7.3852,53.106],[7.4086,53.0993],[7.409,53.09],[7.4832,53.0862],[7.5195,53.0564],[7.5246,53.0434],[7.5451,53.0337],[7.553,53.0346],[7.6081,53.0593],[7.6119,53.0577],[7.6271,53.1144],[7.637,53.1141],[7.6443,53.1485],[7.6478,53.1827],[7.6656,53.1778],[7.6812,53.1819],[7.719,53.1789],[7.6992,53.2084],[7.7021,53.2228],[7.7606,53.2417],[7.8501,53.294],[7.8856,53.352],[7.8715,53.3759],[7.8339,53.3629],[7.8288,53.3713],[7.8155,53.3755]]]]}},{"type":"Feature","properties":{"code":"DE-03458","name":"Landkreis Oldenburg","country":"DE","region":"Niedersachsen"},"geometry":{"type":"Polygon","coordinates":[[[8.6357,53.0993],[8.6032,53.1087],[8.5787,53.1229],[8.5635,53.1186],[8.5135,53.1296],[8.4884,53.127],[8.4723,53.1382],[8.4615,53.1404],[8.4483,53.1322],[8.4017,53.1209],[8.3982,53.1412],[8.3816,53.1719],[8.3703,53.165],[8.3512,53.1655],[8.3223,53.1618],[8.3123,53.153],[8.2993,53.1449],[8.2883,53.1304],[8.2787,53.1071],[8.2798,53.0982],[8.223,53.0823],[8.2077,53.0867],[8.1949,53.096],[8.2025,53.1012],[8.2016,53.1131],[8.1676,53.109],[8.1281,53.1078],[8.1022,53.1023],[8.07,53.0899],[8.07,53.0818],[8.0508,53.0596],[8.0823,53.0367],[8.1235,52.9968],[8.1176,52.986],[8.1149,52.967],[8.1241,52.9536],[8.1216,52.9281],[8.1535,52.9257],[8.1562,52.9051],[8.1903,52.8922],[8.2067,52.8785],[8.2346,52.8693],[8.2588,52.8742],[8.2824,52.8784],[8.3189,52.8783],[8.3321,52.8843],[8.3458,52.8618],[8.3561,52.8525],[8.3782,52.8556],[8.3857,52.8505],[8.4064,52.8486],[8.4071,52.8406],[8.3967,52.8254],[8.4356,52.8261],[8.45,52.8201],[8.4712,52.823],[8.4691,52.8036],[8.4593,52.8011],[8.4917,52.7996],[8.531,52.811],[8.5469,52.8193],[8.5431,52.8308],[8.6274,52.8508],[8.6435,52.8616],[8.6374,52.8712],[8.642,52.8979],[8.6533,52.9176],[8.6731,52.9128],[8.694,52.9201],[8.6859,52.9409],[8.6883,52.9668],[8.6575,52.969],[8.6431,52.9772],[8.6422,52.9881],[8.6572,53.009],[8.6433,53.0055],[8.6276,53.0189],[8.612,53.0081],[8.6219,53.0001],[8.5913,52.9864],[8.5793,53.0029],[8.5944,53.0117],[8.6076,53.0311],[8.5809,53.0406],[8.5964,53.0616],[8.6071,53.0616],[8.6319,53.0772],[8.6233,53.0864],[8.6357,53.0993]]]}},{"type":"Feature","properties":{"code":"DE-03459","name":"Landkreis Osnabrück","country":"DE","region":"Niedersachsen"},"geometry":{"type":"Polygon","coordinates":[[[8.0182,52.6839],[7.9911,52.6895],[7.9768,52.6964],[7.9439,52.689],[7.918,52.6799],[7.9062,52.689],[7.8551,52.7093],[7.8033,52.7003],[7.795,52.6878],[7.7801,52.6867],[7.7637,52.6774],[7.6896,52.6789],[7.6946,52.6631],[7.6608,52.6496],[7.6116,52.6226],[7.6072,52.6093],[7.6217,52.5828],[7.6152,52.5724],[7.6154,52.5448],[7.619,52.5372],[7.6118,52.5051],[7.609,52.474],[7.6546,52.4608],[7.6835,52.4566],[7.7023,52.4344],[7.7138,52.401],[7.7255,52.3999],[7.8071,52.3714],[7.843,52.369],[7.8705,52.3775],[7.8918,52.3805],[7.9217,52.3656],[7.9371,52.3621],[7.9478,52.3501],[7.9486,52.3351],[7.9646,52.3249],[8.0099,52.3388],[8.0201,52.3193],[8.074,52.3158],[8.098,52.3205],[8.0976,52.3072],[8.1194,52.2905],[8.1304,52.2946],[8.1637,52.2952],[8.1805,52.2849],[8.159,52.267],[8.1347,52.2642],[8.1233,52.2459],[8.1337,52.2334],[8.1135,52.2302],[8.1085,52.2205],[8.0816,52.24],[8.0401,52.2327],[8.0344,52.2242],[8.0063,52.2361],[7.989,52.2371],[7.9577,52.2511],[7.9679,52.2621],[7.9565,52.2725],[7.9443,52.265],[7.9256,52.2628],[7.9235,52.2479],[7.9286,52.2412],[7.9266,52.2265],[7.9054,52.2127],[7.9081,52.1899],[7.9388,52.1761],[7.9576,52.1769],[7.9743,52.1711],[8.0075,52.176],[8.0252,52.1635],[8.002,52.16],[8.0078,52.1153],[7.9718,52.116],[7.9581,52.1052],[7.9161,52.0961],[7.8852,52.0833],[7.9149,52.0602],[7.9169,52.0516],[7.9798,52.0364],[7.9937,52.0496],[8.0359,52.0639],[8.0667,52.0681],[8.0924,52.0634],[8.0964,52.0571],[8.1367,52.073],[8.1619,52.0754],[8.179,52.0719],[8.1951,52.0741],[8.2089,52.0968],[8.2459,52.1214],[8.2625,52.1204],[8.2672,52.1303],[8.2859,52.1314],[8.3112,52.1183],[8.3239,52.1259],[8.3637,52.1184],[8.3732,52.1098],[8.3951,52.1088],[8.4106,52.1151],[8.4052,52.1311],[8.4152,52.1394],[8.4535,52.1554],[8.4695,52.1558],[8.4931,52.1668],[8.5056,52.1794],[8.5079,52.1884],[8.4783,52.192],[8.4563,52.1981],[8.4487,52.2103],[8.4525,52.2249],[8.4614,52.2298],[8.4598,52.2428],[8.4681,52.2471],[8.4588,52.2582],[8.4662,52.2676],[8.4588,52.2945],[8.4693,52.3134],[8.4535,52.3306],[8.4394,52.3627],[8.401,52.3774],[8.3931,52.3846],[8.3594,52.3909],[8.343,52.3982],[8.3136,52.406],[8.322,52.4262],[8.304,52.4343],[8.3062,52.4432],[8.2972,52.4565],[8.3071,52.482],[8.3083,52.4991],[8.2986,52.4987],[8.2386,52.4786],[8.2149,52.4769],[8.2028,52.4799],[8.1827,52.4554],[8.1592,52.4329],[8.1315,52.4445],[8.1192,52.443],[8.0887,52.4469],[8.061,52.4438],[8.0537,52.4588],[8.0628,52.46],[8.0613,52.488],[8.0522,52.4958],[8.0636,52.503],[8.0225,52.522],[8.014,52.5327],[8.0369,52.5325],[8.0339,52.5453],[8.0438,52.5519],[8.0451,52.5652],[8.0363,52.5776],[8.0414,52.5895],[8.0722,52.5972],[8.0806,52.6169],[8.0726,52.645],[8.0596,52.6463],[8.0476,52.655],[8.0329,52.6756],[8.0182,52.6839]]]}},{"type":"Feature","properties":{"code":"DE-03460","name":"Landkreis Vechta","country":"DE","region":"Niedersachsen"},"geometry":{"type":"Polygon","coordinates":[[[8.4593,52.8011],[8.4691,52.8036],[8.4712,52.823],[8.45,52.8201],[8.4356,52.8261],[8.3967,52.8254],[8.4071,52.8406],[8.4064,52.8486],[8.3857,52.8505],[8.3782,52.8556],[8.3561,52.8525],[8.3458,52.8618],[8.3321,52.8843],[8.3189,52.8783],[8.2824,52.8784],[8.2588,52.8742],[8.2554,52.8565],[8.238,52.8412],[8.2356,52.8316],[8.2445,52.8089],[8.2396,52.7991],[8.2235,52.7886],[8.204,52.7886],[8.1956,52.7722],[8.196,52.7617],[8.168,52.767],[8.111,52.7716],[8.1012,52.7529],[8.0612,52.7563],[8.0462,52.7152],[8.0747,52.7111],[8.0735,52.7042],[8.0266,52.703],[8.0182,52.6839],[8.0329,52.6756],[8.0476,52.655],[8.0596,52.6463],[8.0726,52.645],[8.0806,52.6169],[8.0722,52.5972],[8.0414,52.5895],[8.0363,52.5776],[8.0451,52.5652],[8.0438,52.5519],[8.0339,52.5453],[8.0369,52.5325],[8.014,52.5327],[8.0225,52.522],[8.0636,52.503],[8.0522,52.4958],[8.0613,52.488],[8.0628,52.46],[8.0537,52.4588],[8.061,52.4438],[8.0887,52.4469],[8.1192,52.443],[8.1315,52.4445],[8.1592,52.4329],[8.1827,52.4554],[8.2028,52.4799],[8.2149,52.4769],[8.2386,52.4786],[8.2986,52.4987],[8.3083,52.4991],[8.3118,52.505],[8.3135,52.5353],[8.3434,52.5414],[8.3488,52.5549],[8.3395,52.5638],[8.344,52.5748],[8.3229,52.5739],[8.3121,52.5835],[8.2938,52.6505],[8.3092,52.6679],[8.3104,52.6871],[8.3355,52.6869],[8.3384,52.6923],[8.4102,52.7234],[8.4456,52.7231],[8.4622,52.7334],[8.4693,52.7529],[8.4578,52.7629],[8.4637,52.7717],[8.4505,52.7878],[8.4593,52.8011]]]}},{"type":"Feature","properties":{"code":"DE-03461","name":"Landkreis Wesermarsch","country":"DE","region":"Niedersachsen"},"geometry":{"type":"Polygon","coordinates":[[[8.5527,53.5162],[8.5507,53.5375],[8.5342,53.5411],[8.5131,53.5533],[8.503,53.5506],[8.4605,53.5534],[8.4357,53.5621],[8.3845,53.5739],[8.349,53.6062],[8.338,53.6116],[8.3116,53.6163],[8.2911,53.6129],[8.2639,53.6007],[8.243,53.5824],[8.2372,53.561],[8.2308,53.5208],[8.2648,53.5185],[8.3001,53.5259],[8.3169,53.5146],[8.3148,53.4573],[8.2976,53.4429],[8.2976,53.4306],[8.2675,53.4051],[8.2508,53.3986],[8.2108,53.4015],[8.1956,53.4092],[8.2072,53.396],[8.2007,53.388],[8.2022,53.3661],[8.1873,53.3552],[8.1739,53.354],[8.1796,53.3473],[8.1642,53.3411],[8.1751,53.3299],[8.1718,53.3226],[8.1917,53.3156],[8.2159,53.3027],[8.2441,53.3083],[8.2675,53.2847],[8.2751,53.2585],[8.2927,53.2437],[8.3007,53.2321],[8.3146,53.1962],[8.3039,53.1891],[8.2924,53.1802],[8.302,53.1608],[8.3123,53.153],[8.3223,53.1618],[8.3512,53.1655],[8.3703,53.165],[8.3816,53.1719],[8.3982,53.1412],[8.4017,53.1209],[8.4483,53.1322],[8.4615,53.1404],[8.4723,53.1382],[8.4884,53.127],[8.5135,53.1296],[8.5635,53.1186],[8.5787,53.1229],[8.6032,53.1087],[8.6357,53.0993],[8.6549,53.1089],[8.6577,53.1185],[8.6358,53.133],[8.6279,53.143],[8.6236,53.1632],[8.6166,53.169],[8.5789,53.1743],[8.5333,53.1873],[8.5047,53.2008],[8.4853,53.2271],[8.4815,53.2349],[8.4828,53.2597],[8.4926,53.297],[8.4913,53.3292],[8.5001,53.3437],[8.5,53.3668],[8.4926,53.419],[8.4927,53.4724],[8.5016,53.491],[8.5146,53.5014],[8.5527,53.5162]]]}},{"type":"Feature","properties":{"code":"DE-03462","name":"Landkreis Wittmund","country":"DE","region":"Niedersachsen"},"geometry":{"type":"MultiPolygon","coordinates":[[[[7.7245,53.782],[7.7003,53.781],[7.6834,53.7764],[7.6658,53.7602],[7.675,53.7524],[7.7072,53.7632],[7.7401,53.7607],[7.7952,53.7693],[7.8133,53.781],[7.7245,53.782]]],[[[7.5653,53.7592],[7.4909,53.7566],[7.4693,53.7461],[7.4603,53.7257],[7.476,53.7215],[7.5015,53.7307],[7.5116,53.7433],[7.5389,53.7432],[7.5691,53.7481],[7.611,53.7462],[7.6306,53.7481],[7.639,53.756],[7.5991,53.759],[7.5653,53.7592]]],[[[7.8099,53.7077],[7.7878,53.7094],[7.763,53.7015],[7.7298,53.6993],[7.7078,53.7028],[7.6849,53.7008],[7.6305,53.6888],[7.6042,53.6861],[7.5881,53.6802],[7.5502,53.675],[7.5458,53.6714],[7.5098,53.6645],[7.4918,53.6475],[7.5081,53.6358],[7.5063,53.6232],[7.4657,53.6266],[7.4534,53.6209],[7.4326,53.6229],[7.4211,53.6176],[7.4153,53.5816],[7.4208,53.5508],[7.4121,53.5421],[7.4292,53.5328],[7.4486,53.5353],[7.4818,53.5472],[7.5646,53.5548],[7.6227,53.5617],[7.6504,53.5607],[7.6617,53.5392],[7.6498,53.5229],[7.6781,53.5025],[7.6772,53.4629],[7.694,53.4631],[7.7126,53.4713],[7.7366,53.4724],[7.7445,53.4563],[7.7317,53.4544],[7.7395,53.4412],[7.7552,53.4357],[7.7709,53.4465],[7.7849,53.4273],[7.7841,53.4204],[7.7675,53.4133],[7.7838,53.4039],[7.8041,53.4],[7.8155,53.3755],[7.8288,53.3713],[7.8339,53.3629],[7.8715,53.3759],[7.8587,53.3986],[7.9498,53.4386],[7.9627,53.4496],[7.9697,53.464],[7.9569,53.4731],[7.9426,53.4724],[7.9307,53.4797],[7.9312,53.5005],[7.939,53.5098],[7.8882,53.5165],[7.8569,53.5129],[7.8212,53.5008],[7.8155,53.5195],[7.8314,53.538],[7.8362,53.5698],[7.8582,53.5863],[7.8445,53.5921],[7.8558,53.5997],[7.8604,53.6109],[7.8519,53.6222],[7.8311,53.6231],[7.8203,53.6315],[7.8378,53.6381],[7.8343,53.6691],[7.8099,53.7077]]]]}},{"type":"Feature","properties":{"code":"DE-04011","name":"Kreisfreie Stadt Bremen","country":"DE","region":"Bremen"},"geometry":{"type":"MultiPolygon","coordinates":[[[[8.5644,53.5498],[8.5774,53.5784],[8.5479,53.5837],[8.5374,53.5973],[8.5233,53.5916],[8.5594,53.5524],[8.5644,53.5498]]],[[[8.9842,53.1261],[8.9566,53.1472],[8.9368,53.1512],[8.9121,53.1326],[8.8989,53.1344],[8.8644,53.1317],[8.8419,53.1482],[8.8296,53.1633],[8.7687,53.1609],[8.7411,53.1684],[8.7287,53.1802],[8.6975,53.1831],[8.6638,53.1762],[8.628,53.1984],[8.5924,53.1843],[8.5813,53.1899],[8.5817,53.2003],[8.599,53.2125],[8.5785,53.2173],[8.5537,53.2078],[8.5302,53.2161],[8.5211,53.2265],[8.4853,53.2271],[8.5047,53.2008],[8.5333,53.1873],[8.5789,53.1743],[8.6166,53.169],[8.6236,53.1632],[8.6279,53.143],[8.6358,53.133],[8.6577,53.1185],[8.6549,53.1089],[8.6698,53.103],[8.6649,53.0946],[8.6741,53.0867],[8.7008,53.0823],[8.7092,53.0759],[8.7069,53.0534],[8.7114,53.0446],[8.7301,53.0355],[8.7428,53.0407],[8.7563,53.0388],[8.7727,53.0451],[8.8095,53.0309],[8.8182,53.0228],[8.8381,53.0184],[8.8498,53.0234],[8.8865,53.0217],[8.8975,53.013],[8.9158,53.011],[8.9359,53.0137],[8.9381,53.025],[8.9656,53.0364],[8.9803,53.0467],[8.9698,53.0568],[8.9614,53.0852],[8.9817,53.0929],[8.963,53.1003],[8.9594,53.1102],[8.947,53.1161],[8.9842,53.1261]]]]}},{"type":"Feature","properties":{"code":"DE-04012","name":"Kreisfreie Stadt Bremerhaven","country":"DE","region":"Bremen"},"geometry":{"type":"Polygon","coordinates":[[[8.4927,53.4724],[8.5058,53.4712],[8.5314,53.4806],[8.5696,53.4875],[8.6059,53.4842],[8.6195,53.4893],[8.6313,53.5016],[8.6506,53.5108],[8.6398,53.5253],[8.6441,53.5492],[8.6309,53.5557],[8.618,53.5787],[8.6427,53.5926],[8.6506,53.6026],[8.6233,53.6053],[8.591,53.5944],[8.5337,53.6076],[8.5204,53.6062],[8.5094,53.6031],[8.5233,53.5916],[8.5374,53.5973],[8.5479,53.5837],[8.5774,53.5784],[8.5644,53.5498],[8.5763,53.5389],[8.5675,53.519],[8.5527,53.5162],[8.5146,53.5014],[8.5016,53.491],[8.4927,53.4724]]]}},{"type":"Feature","properties":{"code":"DE-05111","name":"Kreisfreie Stadt Düsseldorf","country":"DE","region":"Nordrhein-Westfalen"},"geometry":{"type":"Polygon","coordinates":[[[6.8052,51.3488],[6.7946,51.3503],[6.7808,51.3426],[6.7528,51.3501],[6.7415,51.35],[6.7149,51.3332],[6.734,51.3175],[6.7257,51.2968],[6.7044,51.2778],[6.7101,51.2628],[6.727,51.2565],[6.7087,51.24],[6.6898,51.2316],[6.6927,51.225],[6.7182,51.2242],[6.7317,51.2058],[6.7298,51.1931],[6.7422,51.1817],[6.7775,51.1854],[6.7941,51.1799],[6.7979,51.172],[6.7929,51.1519],[6.8041,51.1431],[6.8153,51.1442],[6.8363,51.1609],[6.8551,51.16],[6.8491,51.1343],[6.856,51.1262],[6.8619,51.1292],[6.8988,51.1244],[6.9184,51.1302],[6.918,51.1407],[6.9,51.1516],[6.8955,51.1737],[6.9125,51.1781],[6.9222,51.194],[6.9038,51.2031],[6.9106,51.211],[6.8775,51.2154],[6.8736,51.2406],[6.8994,51.2371],[6.919,51.2404],[6.9337,51.2484],[6.9277,51.265],[6.9174,51.2742],[6.9039,51.2651],[6.8776,51.2682],[6.8514,51.276],[6.8248,51.2757],[6.8022,51.2785],[6.8009,51.3005],[6.8175,51.321],[6.8025,51.3284],[6.8052,51.3488]]]}},{"type":"Feature","properties":{"code":"DE-05112","name":"Kreisfreie Stadt Duisburg","country":"DE","region":"Nordrhein-Westfalen"},"geometry":{"type":"Polygon","coordinates":[[[6.784,51.5332],[6.7613,51.5329],[6.7197,51.5513],[6.7073,51.5508],[6.6865,51.5602],[6.6769,51.5374],[6.6997,51.5244],[6.6709,51.5116],[6.6378,51.5094],[6.633,51.5023],[6.6438,51.4815],[6.6644,51.4819],[6.6704,51.4591],[6.6779,51.4521],[6.6672,51.4384],[6.6631,51.4083],[6.6295,51.4194],[6.6256,51.4111],[6.6402,51.3985],[6.6357,51.393],[6.6371,51.3858],[6.6563,51.3811],[6.6749,51.3698],[6.6578,51.3634],[6.6592,51.3494],[6.7062,51.3367],[6.7149,51.3332],[6.7415,51.35],[6.7528,51.3501],[6.7808,51.3426],[6.7946,51.3503],[6.8052,51.3488],[6.8305,51.3523],[6.8229,51.3684],[6.8162,51.3688],[6.8157,51.3931],[6.8189,51.4393],[6.81,51.4553],[6.8183,51.4679],[6.8097,51.4744],[6.8216,51.4859],[6.8197,51.5069],[6.789,51.5168],[6.7797,51.5239],[6.784,51.5332]]]}},{"type":"Feature","properties":{"code":"DE-05113","name":"Kreisfreie Stadt Essen","country":"DE","region":"Nordrhein-Westfalen"},"geometry":{"type":"Polygon","coordinates":[[[7.1042,51.4813],[7.0711,51.485],[7.0738,51.4936],[7.0605,51.4972],[7.0503,51.5113],[7.0207,51.5181],[7.0102,51.5327],[6.9987,51.5337],[6.9942,51.5217],[6.9783,51.505],[6.9439,51.4986],[6.9284,51.498],[6.9124,51.4881],[6.9001,51.4872],[6.8999,51.4713],[6.9172,51.4625],[6.9196,51.4501],[6.9505,51.4487],[6.9587,51.4401],[6.9541,51.4235],[6.944,51.4153],[6.9411,51.3883],[6.9101,51.378],[6.9037,51.3674],[6.9242,51.3569],[6.9272,51.3474],[6.9493,51.351],[6.9642,51.3477],[6.9881,51.3585],[7.0077,51.3577],[7.021,51.3655],[7.0359,51.3619],[7.0548,51.3633],[7.0801,51.3746],[7.0901,51.3689],[7.1177,51.3803],[7.1184,51.3942],[7.112,51.4006],[7.1344,51.4171],[7.136,51.426],[7.1229,51.4345],[7.1333,51.4418],[7.1096,51.4629],[7.1139,51.4717],[7.1042,51.4813]]]}},{"type":"Feature","properties":{"code":"DE-05114","name":"Kreisfreie Stadt Krefeld","country":"DE","region":"Nordrhein-Westfalen"},"geometry":{"type":"Polygon","coordinates":[[[6.6357,51.393],[6.6162,51.3958],[6.559,51.3899],[6.5484,51.3929],[6.537,51.4063],[6.5281,51.3997],[6.5119,51.3981],[6.4919,51.4018],[6.4816,51.3979],[6.4779,51.3865],[6.4867,51.3834],[6.485,51.3722],[6.4921,51.3623],[6.4869,51.347],[6.5091,51.3403],[6.5145,51.3349],[6.5119,51.3102],[6.4887,51.3032],[6.5001,51.2888],[6.5346,51.2903],[6.5855,51.2868],[6.6217,51.2911],[6.6224,51.3086],[6.6529,51.3095],[6.676,51.321],[6.6994,51.327],[6.7062,51.3367],[6.6592,51.3494],[6.6578,51.3634],[6.6749,51.3698],[6.6563,51.3811],[6.6371,51.3858],[6.6357,51.393]]]}},{"type":"Feature","properties":{"code":"DE-05116","name":"Kreisfreie Stadt Mönchengladbach","country":"DE","region":"Nordrhein-Westfalen"},"geometry":{"type":"Polygon","coordinates":[[[6.5221,51.2257],[6.5019,51.235],[6.4781,51.2358],[6.458,51.2478],[6.4433,51.235],[6.4204,51.221],[6.4103,51.2187],[6.3709,51.2175],[6.3597,51.229],[6.3305,51.2245],[6.3304,51.2062],[6.3158,51.198],[6.3148,51.1792],[6.2911,51.1756],[6.3059,51.1652],[6.3019,51.1525],[6.3195,51.1498],[6.3324,51.1356],[6.3544,51.1266],[6.3484,51.1197],[6.3511,51.1049],[6.3604,51.0955],[6.3866,51.0976],[6.4046,51.0881],[6.4318,51.0865],[6.444,51.0898],[6.4373,51.1051],[6.4637,51.1174],[6.4665,51.1303],[6.4789,51.1452],[6.4927,51.1502],[6.527,51.1428],[6.5327,51.1536],[6.5264,51.1714],[6.5162,51.1825],[6.4913,51.1707],[6.4799,51.1763],[6.4936,51.1928],[6.4878,51.2104],[6.4891,51.2276],[6.5221,51.2257]]]}},{"type":"Feature","properties":{"code":"DE-05117","name":"Kreisfreie Stadt Mülheim an der Ruhr","country":"DE","region":"Nordrhein-Westfalen"},"geometry":{"type":"Polygon","coordinates":[[[6.9037,51.3674],[6.9101,51.378],[6.9411,51.3883],[6.944,51.4153],[6.9541,51.4235],[6.9587,51.4401],[6.9505,51.4487],[6.9196,51.4501],[6.9172,51.4625],[6.8999,51.4713],[6.8691,51.4577],[6.846,51.4581],[6.8429,51.4512],[6.8272,51.4489],[6.81,51.4553],[6.8189,51.4393],[6.8157,51.3931],[6.8162,51.3688],[6.8229,51.3684],[6.8305,51.3523],[6.85,51.3605],[6.9037,51.3674]]]}},{"type":"Feature","properties":{"code":"DE-05119","name":"Kreisfreie Stadt Oberhausen","country":"DE","region":"Nordrhein-Westfalen"},"geometry":{"type":"Polygon","coordinates":[[[6.9284,51.498],[6.9096,51.5031],[6.8939,51.5164],[6.8852,51.5362],[6.8686,51.5525],[6.8673,51.5638],[6.8332,51.5796],[6.8166,51.5742],[6.8218,51.5653],[6.805,51.5603],[6.7819,51.5444],[6.784,51.5332],[6.7797,51.5239],[6.789,51.5168],[6.8197,51.5069],[6.8216,51.4859],[6.8097,51.4744],[6.8183,51.4679],[6.81,51.4553],[6.8272,51.4489],[6.8429,51.4512],[6.846,51.4581],[6.8691,51.4577],[6.8999,51.4713],[6.9001,51.4872],[6.9124,51.4881],[6.9284,51.498]]]}},{"type":"Feature","properties":{"code":"DE-05120","name":"Kreisfreie Stadt Remscheid","country":"DE","region":"Nordrhein-Westfalen"},"geometry":{"type":"Polygon","coordinates":[[[7.2958,51.2054],[7.2897,51.2099],[7.2656,51.209],[7.253,51.2222],[7.2336,51.2254],[7.2036,51.2119],[7.1942,51.2162],[7.1632,51.2089],[7.1521,51.1937],[7.1423,51.1891],[7.1523,51.1749],[7.1361,51.1664],[7.1356,51.1505],[7.1449,51.1433],[7.1589,51.1555],[7.1664,51.1539],[7.185,51.1559],[7.1976,51.1516],[7.2179,51.1603],[7.2549,51.1568],[7.2682,51.1457],[7.2875,51.144],[7.2972,51.151],[7.2943,51.1623],[7.3092,51.1838],[7.3002,51.189],[7.2958,51.2054]]]}},{"type":"Feature","properties":{"code":"DE-05122","name":"Kreisfreie Stadt Solingen","country":"DE","region":"Nordrhein-Westfalen"},"geometry":{"type":"Polygon","coordinates":[[[7.1361,51.1664],[7.114,51.1839],[7.106,51.1966],[7.1074,51.2112],[7.0925,51.2203],[7.0668,51.2173],[7.0469,51.2075],[7.036,51.195],[7.0138,51.1818],[6.9849,51.1716],[6.9824,51.1654],[6.9609,51.164],[6.9511,51.147],[6.9712,51.1493],[6.9961,51.1442],[6.9977,51.118],[7.0231,51.1296],[7.0458,51.1312],[7.0593,51.1242],[7.0774,51.1281],[7.0835,51.1381],[7.111,51.1367],[7.1194,51.1227],[7.1462,51.1179],[7.1717,51.1255],[7.1594,51.1335],[7.1698,51.1391],[7.1664,51.1539],[7.1589,51.1555],[7.1449,51.1433],[7.1356,51.1505],[7.1361,51.1664]]]}},{"type":"Feature","properties":{"code":"DE-05124","name":"Kreisfreie Stadt Wuppertal","country":"DE","region":"Nordrhein-Westfalen"},"geometry":{"type":"Polygon","coordinates":[[[7.3067,51.2389],[7.297,51.247],[7.2812,51.2515],[7.2673,51.2614],[7.2752,51.2775],[7.2539,51.2882],[7.2644,51.3084],[7.2563,51.3169],[7.2069,51.3018],[7.1903,51.2951],[7.1805,51.3063],[7.1673,51.3129],[7.1447,51.3066],[7.1161,51.3047],[7.0999,51.2974],[7.0971,51.2836],[7.0822,51.28],[7.0762,51.2701],[7.058,51.256],[7.0424,51.2547],[7.024,51.2435],[7.0449,51.2263],[7.0359,51.2154],[7.0469,51.2075],[7.0668,51.2173],[7.0925,51.2203],[7.1074,51.2112],[7.106,51.1966],[7.114,51.1839],[7.1361,51.1664],[7.1523,51.1749],[7.1423,51.1891],[7.1521,51.1937],[7.1632,51.2089],[7.1942,51.2162],[7.2036,51.2119],[7.2336,51.2254],[7.253,51.2222],[7.2656,51.209],[7.2897,51.2099],[7.2958,51.2054],[7.2955,51.2207],[7.3108,51.2311],[7.3067,51.2389]]]}},{"type":"Feature","properties":{"code":"DE-05154","name":"Kreis Kleve","country":"DE","region":"Nordrhein-Westfalen"},"geometry":{"type":"Polygon","coordinates":[[[6.4078,51.8281],[6.3895,51.8333],[6.3629,51.8362],[6.3578,51.8473],[6.3468,51.8506],[6.3066,51.8492],[6.2957,51.8683],[6.2712,51.8745],[6.2618,51.8681],[6.2341,51.8701],[6.2154,51.8678],[6.1959,51.8746],[6.1819,51.8859],[6.1858,51.8927],[6.1572,51.9052],[6.1085,51.8942],[6.1374,51.8856],[6.1445,51.8699],[6.1665,51.8614],[6.1664,51.8408],[6.1436,51.8461],[6.0934,51.8509],[6.0634,51.8654],[6.0553,51.8526],[6.029,51.8451],[6.0026,51.8326],[5.987,51.8306],[5.9629,51.8368],[5.945,51.8237],[5.9578,51.8172],[5.9558,51.8101],[5.9782,51.7972],[5.9726,51.7895],[5.9877,51.783],[5.9823,51.7737],[5.9905,51.7662],[5.952,51.7491],[5.9591,51.7383],[5.9942,51.7383],[6.0291,51.7257],[6.0354,51.7177],[6.0262,51.7087],[6.0318,51.6923],[6.0298,51.6782],[6.0369,51.6728],[6.088,51.6598],[6.1182,51.6561],[6.1095,51.6468],[6.0912,51.6059],[6.1213,51.5928],[6.1306,51.5811],[6.157,51.5667],[6.177,51.5387],[6.1993,51.528],[6.2121,51.5134],[6.2128,51.4923],[6.2234,51.4749],[6.22,51.4553],[6.2139,51.4463],[6.2149,51.4344],[6.2052,51.3995],[6.2144,51.3896],[6.2244,51.365],[6.2566,51.3622],[6.2649,51.3552],[6.3037,51.3594],[6.3203,51.3641],[6.3329,51.3775],[6.3577,51.3769],[6.3631,51.3868],[6.3876,51.3944],[6.3982,51.4131],[6.4618,51.4057],[6.4702,51.419],[6.4862,51.4161],[6.5088,51.4193],[6.5166,51.425],[6.5214,51.4405],[6.5028,51.4485],[6.5073,51.4681],[6.4993,51.4767],[6.4765,51.4834],[6.4736,51.4953],[6.455,51.508],[6.449,51.5193],[6.4553,51.5296],[6.469,51.5222],[6.4871,51.5384],[6.4643,51.5511],[6.4944,51.5654],[6.4493,51.5683],[6.4218,51.5746],[6.4072,51.5612],[6.3774,51.5661],[6.3741,51.5892],[6.3473,51.6042],[6.3331,51.5978],[6.3217,51.6036],[6.3343,51.6113],[6.3009,51.6215],[6.2995,51.642],[6.3211,51.6385],[6.3542,51.6454],[6.3543,51.6604],[6.3654,51.6607],[6.3795,51.6815],[6.378,51.6889],[6.355,51.6997],[6.3823,51.7131],[6.3959,51.732],[6.4091,51.7248],[6.413,51.7143],[6.4515,51.7062],[6.4606,51.7019],[6.4764,51.7176],[6.4891,51.7204],[6.4843,51.7342],[6.4896,51.7402],[6.4828,51.7527],[6.5306,51.7671],[6.5033,51.7878],[6.4902,51.8114],[6.4655,51.8049],[6.4331,51.8028],[6.423,51.8056],[6.4214,51.816],[6.4078,51.8281]]]}},{"type":"Feature","properties":{"code":"DE-05158","name":"Kreis Mettmann","country":"DE","region":"Nordrhein-Westfalen"},"geometry":{"type":"Polygon","coordinates":[[[7.1673,51.3129],[7.1662,51.3256],[7.1454,51.3398],[7.1473,51.3515],[7.1594,51.3651],[7.1376,51.3793],[7.1177,51.3803],[7.0901,51.3689],[7.0801,51.3746],[7.0548,51.3633],[7.0359,51.3619],[7.021,51.3655],[7.0077,51.3577],[6.9881,51.3585],[6.9642,51.3477],[6.9493,51.351],[6.9272,51.3474],[6.9242,51.3569],[6.9037,51.3674],[6.85,51.3605],[6.8305,51.3523],[6.8052,51.3488],[6.8025,51.3284],[6.8175,51.321],[6.8009,51.3005],[6.8022,51.2785],[6.8248,51.2757],[6.8514,51.276],[6.8776,51.2682],[6.9039,51.2651],[6.9174,51.2742],[6.9277,51.265],[6.9337,51.2484],[6.919,51.2404],[6.8994,51.2371],[6.8736,51.2406],[6.8775,51.2154],[6.9106,51.211],[6.9038,51.2031],[6.9222,51.194],[6.9125,51.1781],[6.8955,51.1737],[6.9,51.1516],[6.918,51.1407],[6.9184,51.1302],[6.8988,51.1244],[6.8619,51.1292],[6.856,51.1262],[6.8776,51.1147],[6.8836,51.1051],[6.8759,51.0961],[6.8535,51.0843],[6.8599,51.0741],[6.898,51.0649],[6.9193,51.0815],[6.9391,51.0723],[6.9606,51.0723],[6.9741,51.0684],[6.9895,51.075],[6.9906,51.0916],[6.9909,51.1058],[6.9977,51.118],[6.9961,51.1442],[6.9712,51.1493],[6.9511,51.147],[6.9609,51.164],[6.9824,51.1654],[6.9849,51.1716],[7.0138,51.1818],[7.036,51.195],[7.0469,51.2075],[7.0359,51.2154],[7.0449,51.2263],[7.024,51.2435],[7.0424,51.2547],[7.058,51.256],[7.0762,51.2701],[7.0822,51.28],[7.0971,51.2836],[7.0999,51.2974],[7.1161,51.3047],[7.1447,51.3066],[7.1673,51.3129]]]}},{"type":"Feature","properties":{"code":"DE-05162","name":"Kreis Rhein-Kreis Neuss","country":"DE","region":"Nordrhein-Westfalen"},"geometry":{"type":"Polygon","coordinates":[[[6.856,51.1262],[6.8491,51.1343],[6.8551,51.16],[6.8363,51.1609],[6.8153,51.1442],[6.8041,51.1431],[6.7929,51.1519],[6.7979,51.172],[6.7941,51.1799],[6.7775,51.1854],[6.7422,51.1817],[6.7298,51.1931],[6.7317,51.2058],[6.7182,51.2242],[6.6927,51.225],[6.6898,51.2316],[6.7087,51.24],[6.727,51.2565],[6.7101,51.2628],[6.7044,51.2778],[6.7257,51.2968],[6.734,51.3175],[6.7149,51.3332],[6.7062,51.3367],[6.6994,51.327],[6.676,51.321],[6.6529,51.3095],[6.6224,51.3086],[6.6217,51.2911],[6.5855,51.2868],[6.5964,51.2617],[6.6106,51.2634],[6.618,51.2476],[6.6015,51.2425],[6.5678,51.2408],[6.5617,51.23],[6.5385,51.2325],[6.5221,51.2257],[6.4891,51.2276],[6.4878,51.2104],[6.4936,51.1928],[6.4799,51.1763],[6.4913,51.1707],[6.5162,51.1825],[6.5264,51.1714],[6.5327,51.1536],[6.527,51.1428],[6.4927,51.1502],[6.4789,51.1452],[6.4665,51.1303],[6.4637,51.1174],[6.4373,51.1051],[6.444,51.0898],[6.4524,51.0744],[6.4473,51.0625],[6.4772,51.0561],[6.4592,51.0431],[6.4805,51.0342],[6.4918,51.0474],[6.5189,51.0584],[6.5533,51.0558],[6.5613,51.0352],[6.5487,51.0263],[6.5824,51.018],[6.6373,51.0268],[6.6734,51.0159],[6.6819,51.0187],[6.7154,51.0151],[6.7434,51.0434],[6.7617,51.0425],[6.7532,51.0661],[6.7736,51.0644],[6.7874,51.0688],[6.8009,51.0595],[6.8048,51.0484],[6.831,51.0585],[6.823,51.0739],[6.8535,51.0843],[6.8759,51.0961],[6.8836,51.1051],[6.8776,51.1147],[6.856,51.1262]]]}},{"type":"Feature","properties":{"code":"DE-05166","name":"Kreis Viersen","country":"DE","region":"Nordrhein-Westfalen"},"geometry":{"type":"Polygon","coordinates":[[[6.537,51.4063],[6.5166,51.425],[6.5088,51.4193],[6.4862,51.4161],[6.4702,51.419],[6.4618,51.4057],[6.3982,51.4131],[6.3876,51.3944],[6.3631,51.3868],[6.3577,51.3769],[6.3329,51.3775],[6.3203,51.3641],[6.3037,51.3594],[6.2649,51.3552],[6.2566,51.3622],[6.2244,51.365],[6.2261,51.3605],[6.1898,51.3393],[6.1686,51.3329],[6.1541,51.3074],[6.1298,51.2866],[6.1245,51.2746],[6.085,51.2474],[6.0727,51.2426],[6.0858,51.2226],[6.068,51.2205],[6.0733,51.183],[6.0823,51.1716],[6.11,51.1734],[6.131,51.1841],[6.165,51.1944],[6.1748,51.1845],[6.2074,51.167],[6.2186,51.1696],[6.2412,51.1876],[6.2507,51.1899],[6.282,51.1754],[6.2911,51.1756],[6.3148,51.1792],[6.3158,51.198],[6.3304,51.2062],[6.3305,51.2245],[6.3597,51.229],[6.3709,51.2175],[6.4103,51.2187],[6.4204,51.221],[6.4433,51.235],[6.458,51.2478],[6.4781,51.2358],[6.5019,51.235],[6.5221,51.2257],[6.5385,51.2325],[6.5617,51.23],[6.5678,51.2408],[6.6015,51.2425],[6.618,51.2476],[6.6106,51.2634],[6.5964,51.2617],[6.5855,51.2868],[6.5346,51.2903],[6.5001,51.2888],[6.4887,51.3032],[6.5119,51.3102],[6.5145,51.3349],[6.5091,51.3403],[6.4869,51.347],[6.4921,51.3623],[6.485,51.3722],[6.4867,51.3834],[6.4779,51.3865],[6.4816,51.3979],[6.4919,51.4018],[6.5119,51.3981],[6.5281,51.3997],[6.537,51.4063]]]}},{"type":"Feature","properties":{"code":"DE-05170","name":"Kreis Wesel","country":"DE","region":"Nordrhein-Westfalen"},"geometry":{"type":"Polygon","coordinates":[[[6.9109,51.7461],[6.858,51.7289],[6.8401,51.7357],[6.8271,51.7298],[6.8187,51.7427],[6.7965,51.7432],[6.7873,51.7489],[6.773,51.7461],[6.7692,51.7661],[6.7576,51.7763],[6.7467,51.7701],[6.7225,51.7684],[6.7,51.7774],[6.6685,51.7771],[6.6581,51.7892],[6.6322,51.7993],[6.6082,51.7944],[6.5867,51.7954],[6.5688,51.7898],[6.5417,51.8012],[6.5165,51.817],[6.4902,51.8114],[6.5033,51.7878],[6.5306,51.7671],[6.4828,51.7527],[6.4896,51.7402],[6.4843,51.7342],[6.4891,51.7204],[6.4764,51.7176],[6.4606,51.7019],[6.4515,51.7062],[6.413,51.7143],[6.4091,51.7248],[6.3959,51.732],[6.3823,51.7131],[6.355,51.6997],[6.378,51.6889],[6.3795,51.6815],[6.3654,51.6607],[6.3543,51.6604],[6.3542,51.6454],[6.3211,51.6385],[6.2995,51.642],[6.3009,51.6215],[6.3343,51.6113],[6.3217,51.6036],[6.3331,51.5978],[6.3473,51.6042],[6.3741,51.5892],[6.3774,51.5661],[6.4072,51.5612],[6.4218,51.5746],[6.4493,51.5683],[6.4944,51.5654],[6.4643,51.5511],[6.4871,51.5384],[6.469,51.5222],[6.4553,51.5296],[6.449,51.5193],[6.455,51.508],[6.4736,51.4953],[6.4765,51.4834],[6.4993,51.4767],[6.5073,51.4681],[6.5028,51.4485],[6.5214,51.4405],[6.5166,51.425],[6.537,51.4063],[6.5484,51.3929],[6.559,51.3899],[6.6162,51.3958],[6.6357,51.393],[6.6402,51.3985],[6.6256,51.4111],[6.6295,51.4194],[6.6631,51.4083],[6.6672,51.4384],[6.6779,51.4521],[6.6704,51.4591],[6.6644,51.4819],[6.6438,51.4815],[6.633,51.5023],[6.6378,51.5094],[6.6709,51.5116],[6.6997,51.5244],[6.6769,51.5374],[6.6865,51.5602],[6.7073,51.5508],[6.7197,51.5513],[6.7613,51.5329],[6.784,51.5332],[6.7819,51.5444],[6.805,51.5603],[6.8218,51.5653],[6.8166,51.5742],[6.8332,51.5796],[6.8586,51.5897],[6.8626,51.6008],[6.8508,51.6092],[6.8715,51.6222],[6.8694,51.6312],[6.9023,51.6357],[6.8943,51.6557],[6.912,51.6781],[6.9153,51.6985],[6.9372,51.7043],[6.9378,51.7188],[6.9285,51.7206],[6.9258,51.7322],[6.9109,51.7461]]]}},{"type":"Feature","properties":{"code":"DE-05314","name":"Kreisfreie Stadt Bonn","country":"DE","region":"Nordrhein-Westfalen"},"geometry":{"type":"Polygon","coordinates":[[[7.2107,50.6498],[7.1754,50.6889],[7.1682,50.7035],[7.1966,50.7131],[7.192,50.7262],[7.2091,50.7369],[7.2036,50.7446],[7.1841,50.7487],[7.1452,50.7624],[7.1253,50.7744],[7.1068,50.7635],[7.0917,50.7632],[7.066,50.7711],[7.0366,50.7576],[7.0357,50.7385],[7.0298,50.7261],[7.0403,50.7192],[7.0289,50.7131],[7.0274,50.7026],[7.0356,50.6866],[7.0313,50.6778],[7.0443,50.6743],[7.0269,50.655],[7.0507,50.6396],[7.0689,50.6331],[7.0767,50.6428],[7.1062,50.659],[7.1206,50.6567],[7.128,50.6473],[7.1564,50.6547],[7.1861,50.6502],[7.1952,50.6427],[7.2107,50.6498]]]}},{"type":"Feature","properties":{"code":"DE-05315","name":"Kreisfreie Stadt Köln","country":"DE","region":"Nordrhein-Westfalen"},"geometry":{"type":"Polygon","coordinates":[[[7.0679,51.0187],[7.0159,51.0174],[7.0139,51.0231],[6.9853,51.0116],[6.9723,51.0142],[6.9722,51.0253],[6.9577,51.0359],[6.898,51.0649],[6.8599,51.0741],[6.8535,51.0843],[6.823,51.0739],[6.831,51.0585],[6.8048,51.0484],[6.8009,51.0595],[6.7874,51.0688],[6.7736,51.0644],[6.7983,51.037],[6.8203,51.038],[6.8398,51.0289],[6.835,51.0188],[6.845,50.9885],[6.8188,50.9649],[6.824,50.9578],[6.812,50.9483],[6.8225,50.9277],[6.8374,50.9259],[6.8443,50.9101],[6.857,50.9043],[6.8794,50.9096],[6.9189,50.8919],[6.913,50.8829],[6.9209,50.8713],[6.9159,50.8611],[6.9312,50.8375],[6.956,50.8352],[6.9739,50.8439],[6.9809,50.8409],[6.9952,50.8363],[7.0233,50.8393],[7.0271,50.847],[7.051,50.8502],[7.0613,50.8442],[7.0624,50.8296],[7.0906,50.8333],[7.1376,50.858],[7.1613,50.8673],[7.1376,50.883],[7.1365,50.901],[7.1399,50.9228],[7.1367,50.9278],[7.1452,50.9448],[7.1113,50.9427],[7.0874,50.9593],[7.1013,50.9679],[7.0956,50.9852],[7.0676,50.99],[7.0765,51.0018],[7.0619,51.0134],[7.0679,51.0187]]]}},{"type":"Feature","properties":{"code":"DE-05316","name":"Kreisfreie Stadt Leverkusen","country":"DE","region":"Nordrhein-Westfalen"},"geometry":{"type":"Polygon","coordinates":[[[7.0679,51.0187],[7.0931,51.0339],[7.1053,51.0544],[7.1055,51.0667],[7.0689,51.0678],[7.0576,51.0775],[7.0743,51.097],[7.0394,51.0963],[7.0132,51.0821],[6.9906,51.0916],[6.9895,51.075],[6.9741,51.0684],[6.9606,51.0723],[6.9391,51.0723],[6.9193,51.0815],[6.898,51.0649],[6.9577,51.0359],[6.9722,51.0253],[6.9723,51.0142],[6.9853,51.0116],[7.0139,51.0231],[7.0159,51.0174],[7.0679,51.0187]]]}},{"type":"Feature","properties":{"code":"DE-05334","name":"Kreis Städteregion Aachen","country":"DE","region":"Nordrhein-Westfalen"},"geometry":{"type":"MultiPolygon","coordinates":[[[[6.1926,50.6626],[6.167,50.661],[6.1834,50.652],[6.1944,50.6575],[6.1926,50.6626]]],[[[6.1823,50.6451],[6.1833,50.6323],[6.2169,50.6322],[6.2355,50.6259],[6.2667,50.6272],[6.264,50.641],[6.243,50.6404],[6.2315,50.648],[6.2226,50.6401],[6.1866,50.6398],[6.1823,50.6451]]],[[[6.2379,50.5779],[6.2395,50.5875],[6.2252,50.5905],[6.2031,50.5693],[6.1744,50.5575],[6.178,50.5416],[6.1967,50.5362],[6.209,50.5546],[6.2233,50.5559],[6.2337,50.5661],[6.2379,50.5779]]],[[[6.4169,50.6093],[6.4142,50.6039],[6.387,50.6098],[6.3918,50.6237],[6.4058,50.6278],[6.4064,50.6413],[6.3781,50.6535],[6.3636,50.6626],[6.3433,50.6553],[6.3246,50.6553],[6.3182,50.6671],[6.2978,50.6692],[6.2845,50.6776],[6.2862,50.6864],[6.3129,50.6905],[6.3083,50.7027],[6.3243,50.7265],[6.3275,50.7374],[6.3555,50.7622],[6.3516,50.7786],[6.3142,50.7719],[6.3058,50.7865],[6.3226,50.7999],[6.3359,50.82],[6.3328,50.8351],[6.3368,50.844],[6.3161,50.8532],[6.3201,50.859],[6.3,50.884],[6.2531,50.8623],[6.2423,50.8728],[6.2324,50.8673],[6.219,50.886],[6.2082,50.8902],[6.2,50.9022],[6.2286,50.9208],[6.2222,50.9299],[6.2234,50.9417],[6.2026,50.9439],[6.1945,50.9501],[6.1767,50.9465],[6.16,50.9366],[6.1527,50.9261],[6.1501,50.9081],[6.1378,50.8982],[6.1182,50.9021],[6.0869,50.9131],[6.0753,50.891],[6.0882,50.8724],[6.0773,50.8607],[6.074,50.8468],[6.0572,50.8556],[6.0189,50.8463],[6.0159,50.8388],[6.0248,50.828],[6.0251,50.8142],[6.0035,50.8013],[5.9855,50.8106],[5.9749,50.798],[5.988,50.7941],[6.0106,50.7801],[6.0278,50.7737],[6.0183,50.7632],[6.0214,50.7531],[6.0405,50.7455],[6.0343,50.7334],[6.0496,50.7261],[6.0732,50.721],[6.1107,50.7229],[6.1192,50.7197],[6.1232,50.7071],[6.1393,50.6936],[6.1454,50.6813],[6.1648,50.6633],[6.188,50.6651],[6.1961,50.6621],[6.1971,50.6567],[6.1863,50.642],[6.2107,50.6406],[6.2243,50.6433],[6.2287,50.6498],[6.2356,50.6488],[6.2484,50.6414],[6.2656,50.6427],[6.274,50.6305],[6.2691,50.6192],[6.2499,50.6054],[6.2412,50.5871],[6.2368,50.5663],[6.2273,50.556],[6.2125,50.5543],[6.197,50.531],[6.2077,50.5234],[6.2102,50.5131],[6.2307,50.4975],[6.2517,50.5035],[6.2699,50.5045],[6.2975,50.4976],[6.3156,50.497],[6.3295,50.5054],[6.3468,50.5066],[6.3697,50.5184],[6.3802,50.5323],[6.3649,50.5423],[6.365,50.5619],[6.3956,50.5843],[6.3909,50.5961],[6.4093,50.5975],[6.4177,50.6019],[6.4169,50.6093]]]]}},{"type":"Feature","properties":{"code":"DE-05358","name":"Kreis Düren","country":"DE","region":"Nordrhein-Westfalen"},"geometry":{"type":"Polygon","coordinates":[[[6.4592,51.0431],[6.4522,51.0454],[6.431,51.0351],[6.399,51.0322],[6.3716,51.034],[6.3726,51.0261],[6.3617,51.0166],[6.3223,51.0128],[6.2999,51.0159],[6.2983,51.0247],[6.2699,51.0042],[6.2717,50.9993],[6.2301,50.9871],[6.2252,50.9815],[6.1961,50.9662],[6.1945,50.9501],[6.2026,50.9439],[6.2234,50.9417],[6.2222,50.9299],[6.2286,50.9208],[6.2,50.9022],[6.2082,50.8902],[6.219,50.886],[6.2324,50.8673],[6.2423,50.8728],[6.2531,50.8623],[6.3,50.884],[6.3201,50.859],[6.3161,50.8532],[6.3368,50.844],[6.3328,50.8351],[6.3359,50.82],[6.3226,50.7999],[6.3058,50.7865],[6.3142,50.7719],[6.3516,50.7786],[6.3555,50.7622],[6.3275,50.7374],[6.3243,50.7265],[6.3083,50.7027],[6.3129,50.6905],[6.2862,50.6864],[6.2845,50.6776],[6.2978,50.6692],[6.3182,50.6671],[6.3246,50.6553],[6.3433,50.6553],[6.3636,50.6626],[6.3781,50.6535],[6.4064,50.6413],[6.4058,50.6278],[6.3918,50.6237],[6.387,50.6098],[6.4142,50.6039],[6.4169,50.6093],[6.421,50.6195],[6.4704,50.6113],[6.491,50.6005],[6.5235,50.5982],[6.5409,50.6064],[6.5499,50.6033],[6.5664,50.6216],[6.5594,50.6262],[6.5769,50.6402],[6.5667,50.6563],[6.5847,50.6694],[6.6011,50.6744],[6.5877,50.7016],[6.6224,50.7224],[6.6298,50.7321],[6.6738,50.7153],[6.7005,50.7314],[6.6938,50.7538],[6.6784,50.7741],[6.7126,50.7878],[6.7069,50.8026],[6.7111,50.8111],[6.7066,50.8353],[6.6768,50.8313],[6.6534,50.8357],[6.6241,50.822],[6.613,50.8283],[6.6116,50.8385],[6.5977,50.848],[6.5718,50.8468],[6.5531,50.8654],[6.5614,50.878],[6.5508,50.8907],[6.524,50.8939],[6.518,50.9043],[6.52,50.9249],[6.5028,50.9309],[6.4833,50.9671],[6.4954,50.976],[6.4925,50.9838],[6.4736,50.9839],[6.4583,51.0081],[6.4665,51.0117],[6.4597,51.0231],[6.4805,51.0342],[6.4592,51.0431]]]}},{"type":"Feature","properties":{"code":"DE-05362","name":"Kreis Rhein-Erft-Kreis","country":"DE","region":"Nordrhein-Westfalen"},"geometry":{"type":"Polygon","coordinates":[[[6.7736,51.0644],[6.7532,51.0661],[6.7617,51.0425],[6.7434,51.0434],[6.7154,51.0151],[6.6819,51.0187],[6.6734,51.0159],[6.6373,51.0268],[6.5824,51.018],[6.5487,51.0263],[6.5613,51.0352],[6.5533,51.0558],[6.5189,51.0584],[6.4918,51.0474],[6.4805,51.0342],[6.4597,51.0231],[6.4665,51.0117],[6.4583,51.0081],[6.4736,50.9839],[6.4925,50.9838],[6.4954,50.976],[6.4833,50.9671],[6.5028,50.9309],[6.52,50.9249],[6.518,50.9043],[6.524,50.8939],[6.5508,50.8907],[6.5614,50.878],[6.5531,50.8654],[6.5718,50.8468],[6.5977,50.848],[6.6116,50.8385],[6.613,50.8283],[6.6241,50.822],[6.6534,50.8357],[6.6768,50.8313],[6.7066,50.8353],[6.7111,50.8111],[6.7069,50.8026],[6.7126,50.7878],[6.6784,50.7741],[6.6938,50.7538],[6.7158,50.7537],[6.7241,50.7459],[6.7096,50.7353],[6.7276,50.73],[6.7552,50.7274],[6.776,50.7178],[6.7871,50.7329],[6.8035,50.7472],[6.8181,50.7656],[6.8382,50.7672],[6.8386,50.7823],[6.8558,50.7897],[6.8639,50.7848],[6.8703,50.7907],[6.9087,50.8015],[6.9338,50.8053],[6.9662,50.7995],[6.9828,50.8008],[6.9898,50.7923],[7.0064,50.7978],[7.0302,50.8007],[7.025,50.8183],[6.9947,50.8252],[6.9802,50.8329],[6.9809,50.8409],[6.9739,50.8439],[6.956,50.8352],[6.9312,50.8375],[6.9159,50.8611],[6.9209,50.8713],[6.913,50.8829],[6.9189,50.8919],[6.8794,50.9096],[6.857,50.9043],[6.8443,50.9101],[6.8374,50.9259],[6.8225,50.9277],[6.812,50.9483],[6.824,50.9578],[6.8188,50.9649],[6.845,50.9885],[6.835,51.0188],[6.8398,51.0289],[6.8203,51.038],[6.7983,51.037],[6.7736,51.0644]]]}},{"type":"Feature","properties":{"code":"DE-05366","name":"Kreis Euskirchen","country":"DE","region":"Nordrhein-Westfalen"},"geometry":{"type":"Polygon","coordinates":[[[6.9279,50.5586],[6.9139,50.5714],[6.8909,50.5745],[6.8913,50.5874],[6.8849,50.6003],[6.9082,50.6126],[6.9154,50.6293],[6.8985,50.6357],[6.8731,50.6386],[6.8633,50.6515],[6.8668,50.6697],[6.8755,50.6746],[6.8709,50.6893],[6.8543,50.6919],[6.8628,50.7074],[6.8826,50.7112],[6.9158,50.7341],[6.9022,50.7503],[6.8821,50.746],[6.8672,50.7615],[6.8639,50.7848],[6.8558,50.7897],[6.8386,50.7823],[6.8382,50.7672],[6.8181,50.7656],[6.8035,50.7472],[6.7871,50.7329],[6.776,50.7178],[6.7552,50.7274],[6.7276,50.73],[6.7096,50.7353],[6.7241,50.7459],[6.7158,50.7537],[6.6938,50.7538],[6.7005,50.7314],[6.6738,50.7153],[6.6298,50.7321],[6.6224,50.7224],[6.5877,50.7016],[6.6011,50.6744],[6.5847,50.6694],[6.5667,50.6563],[6.5769,50.6402],[6.5594,50.6262],[6.5664,50.6216],[6.5499,50.6033],[6.5409,50.6064],[6.5235,50.5982],[6.491,50.6005],[6.4704,50.6113],[6.421,50.6195],[6.4169,50.6093],[6.4177,50.6019],[6.4093,50.5975],[6.3909,50.5961],[6.3956,50.5843],[6.365,50.5619],[6.3649,50.5423],[6.3802,50.5323],[6.3697,50.5184],[6.3468,50.5066],[6.3295,50.5054],[6.3156,50.497],[6.3313,50.4927],[6.3409,50.4825],[6.3405,50.4622],[6.3629,50.4539],[6.3718,50.4556],[6.3776,50.4394],[6.3667,50.4192],[6.37,50.4098],[6.3569,50.3911],[6.3422,50.38],[6.3606,50.3715],[6.3763,50.3552],[6.3975,50.3462],[6.4079,50.3351],[6.405,50.3233],[6.4253,50.323],[6.4033,50.3465],[6.3919,50.3798],[6.413,50.3895],[6.4208,50.3732],[6.4486,50.3713],[6.4612,50.359],[6.4587,50.344],[6.4828,50.3384],[6.5305,50.3693],[6.5432,50.3662],[6.559,50.3694],[6.5692,50.3766],[6.6031,50.3882],[6.6068,50.381],[6.6254,50.3749],[6.6215,50.3561],[6.6362,50.3454],[6.65,50.3482],[6.6575,50.357],[6.656,50.3674],[6.6674,50.372],[6.6868,50.3584],[6.6964,50.3464],[6.706,50.3428],[6.7324,50.3525],[6.7535,50.3541],[6.7709,50.3612],[6.8007,50.3618],[6.8027,50.3693],[6.7854,50.3755],[6.7705,50.3977],[6.7793,50.405],[6.7851,50.4206],[6.772,50.4244],[6.7639,50.4334],[6.75,50.434],[6.7437,50.4409],[6.7646,50.4508],[6.7666,50.4586],[6.7564,50.4649],[6.7676,50.4823],[6.8009,50.4913],[6.8121,50.4722],[6.8365,50.4655],[6.8595,50.4538],[6.8767,50.4648],[6.8944,50.467],[6.9056,50.485],[6.8979,50.4923],[6.9071,50.5026],[6.889,50.5083],[6.8861,50.5293],[6.909,50.5255],[6.9314,50.5356],[6.922,50.5543],[6.9279,50.5586]]]}},{"type":"Feature","properties":{"code":"DE-05370","name":"Kreis Heinsberg","country":"DE","region":"Nordrhein-Westfalen"},"geometry":{"type":"Polygon","coordinates":[[[6.2911,51.1756],[6.282,51.1754],[6.2507,51.1899],[6.2412,51.1876],[6.2186,51.1696],[6.2074,51.167],[6.1748,51.1845],[6.1388,51.1733],[6.1754,51.1585],[6.16,51.1492],[6.126,51.1451],[6.1212,51.1409],[6.0919,51.135],[6.0835,51.1239],[6.0624,51.1168],[6.0359,51.0962],[6.0099,51.091],[5.9978,51.0843],[5.971,51.0578],[5.9672,51.0443],[5.9578,51.0355],[5.9381,51.0351],[5.9132,51.0667],[5.8868,51.0521],[5.8663,51.0512],[5.878,51.0375],[5.8792,51.0176],[5.8958,51.011],[5.9055,51.0022],[5.9038,50.9875],[5.8927,50.9803],[5.9047,50.9745],[5.9336,50.9853],[5.9552,50.9884],[5.9682,50.9795],[6.0174,50.9834],[6.0269,50.9816],[6.0156,50.9627],[6.0182,50.9344],[6.093,50.9185],[6.0869,50.9131],[6.1182,50.9021],[6.1378,50.8982],[6.1501,50.9081],[6.1527,50.9261],[6.16,50.9366],[6.1767,50.9465],[6.1945,50.9501],[6.1961,50.9662],[6.2252,50.9815],[6.2301,50.9871],[6.2717,50.9993],[6.2699,51.0042],[6.2983,51.0247],[6.2999,51.0159],[6.3223,51.0128],[6.3617,51.0166],[6.3726,51.0261],[6.3716,51.034],[6.399,51.0322],[6.431,51.0351],[6.4522,51.0454],[6.4592,51.0431],[6.4772,51.0561],[6.4473,51.0625],[6.4524,51.0744],[6.444,51.0898],[6.4318,51.0865],[6.4046,51.0881],[6.3866,51.0976],[6.3604,51.0955],[6.3511,51.1049],[6.3484,51.1197],[6.3544,51.1266],[6.3324,51.1356],[6.3195,51.1498],[6.3019,51.1525],[6.3059,51.1652],[6.2911,51.1756]]]}},{"type":"Feature","properties":{"code":"DE-05374","name":"Kreis Oberbergischer Kreis","country":"DE","region":"Nordrhein-Westfalen"},"geometry":{"type":"Polygon","coordinates":[[[7.4333,51.2144],[7.4305,51.224],[7.3954,51.2321],[7.4026,51.2378],[7.3705,51.2455],[7.3529,51.2388],[7.339,51.2396],[7.3327,51.2503],[7.3067,51.2389],[7.3108,51.2311],[7.2955,51.2207],[7.2958,51.2054],[7.3002,51.189],[7.3092,51.1838],[7.2943,51.1623],[7.2972,51.151],[7.2875,51.144],[7.2682,51.1457],[7.2799,51.1092],[7.2972,51.106],[7.2926,51.096],[7.2746,51.0827],[7.2938,51.0794],[7.2999,51.0691],[7.3221,51.0744],[7.3347,51.0681],[7.3238,51.0524],[7.3331,51.0511],[7.3097,51.0267],[7.2914,51.0322],[7.2809,51.0269],[7.2827,51.0063],[7.2741,50.9976],[7.2526,50.9866],[7.2841,50.9712],[7.3004,50.9785],[7.3313,50.977],[7.3478,50.9556],[7.3553,50.951],[7.3872,50.9589],[7.3985,50.9498],[7.4308,50.9476],[7.4605,50.9357],[7.479,50.9106],[7.468,50.898],[7.4612,50.8809],[7.4909,50.8742],[7.5292,50.8421],[7.5336,50.8319],[7.5484,50.8307],[7.5735,50.8425],[7.5824,50.8339],[7.5995,50.8277],[7.61,50.8314],[7.6354,50.8273],[7.65,50.8315],[7.661,50.8204],[7.6692,50.8186],[7.6994,50.825],[7.7136,50.8336],[7.7143,50.8404],[7.7293,50.8505],[7.758,50.8435],[7.7602,50.8617],[7.7483,50.8672],[7.7588,50.8798],[7.753,50.8884],[7.7604,50.9004],[7.7506,50.9057],[7.7424,50.9198],[7.7573,50.9202],[7.7762,50.929],[7.7859,50.9399],[7.792,50.9512],[7.7843,50.9615],[7.7803,50.98],[7.7489,50.9778],[7.7383,50.9905],[7.7257,50.9981],[7.7242,51.0074],[7.7321,51.0214],[7.7309,51.0391],[7.7105,51.0534],[7.7059,51.0695],[7.7154,51.0728],[7.6869,51.0832],[7.6264,51.0685],[7.6006,51.0814],[7.6067,51.0968],[7.5825,51.1053],[7.5168,51.1007],[7.4962,51.1061],[7.5045,51.1177],[7.4741,51.1446],[7.4698,51.1551],[7.4381,51.1684],[7.4368,51.1801],[7.4202,51.1886],[7.419,51.2008],[7.4333,51.2144]]]}},{"type":"Feature","properties":{"code":"DE-05378","name":"Kreis Rheinisch-Bergischer Kreis","country":"DE","region":"Nordrhein-Westfalen"},"geometry":{"type":"Polygon","coordinates":[[[7.2682,51.1457],[7.2549,51.1568],[7.2179,51.1603],[7.1976,51.1516],[7.185,51.1559],[7.1664,51.1539],[7.1698,51.1391],[7.1594,51.1335],[7.1717,51.1255],[7.1462,51.1179],[7.1194,51.1227],[7.111,51.1367],[7.0835,51.1381],[7.0774,51.1281],[7.0593,51.1242],[7.0458,51.1312],[7.0231,51.1296],[6.9977,51.118],[6.9909,51.1058],[6.9906,51.0916],[7.0132,51.0821],[7.0394,51.0963],[7.0743,51.097],[7.0576,51.0775],[7.0689,51.0678],[7.1055,51.0667],[7.1053,51.0544],[7.0931,51.0339],[7.0679,51.0187],[7.0619,51.0134],[7.0765,51.0018],[7.0676,50.99],[7.0956,50.9852],[7.1013,50.9679],[7.0874,50.9593],[7.1113,50.9427],[7.1452,50.9448],[7.1367,50.9278],[7.1399,50.9228],[7.1365,50.901],[7.1376,50.883],[7.1613,50.8673],[7.1984,50.8753],[7.2093,50.8922],[7.2283,50.9003],[7.2377,50.9189],[7.249,50.9282],[7.2751,50.911],[7.3017,50.9069],[7.3195,50.9153],[7.3458,50.9122],[7.3682,50.9358],[7.3858,50.9343],[7.3985,50.9498],[7.3872,50.9589],[7.3553,50.951],[7.3478,50.9556],[7.3313,50.977],[7.3004,50.9785],[7.2841,50.9712],[7.2526,50.9866],[7.2741,50.9976],[7.2827,51.0063],[7.2809,51.0269],[7.2914,51.0322],[7.3097,51.0267],[7.3331,51.0511],[7.3238,51.0524],[7.3347,51.0681],[7.3221,51.0744],[7.2999,51.0691],[7.2938,51.0794],[7.2746,51.0827],[7.2926,51.096],[7.2972,51.106],[7.2799,51.1092],[7.2682,51.1457]]]}},{"type":"Feature","properties":{"code":"DE-05382","name":"Kreis Rhein-Sieg-Kreis","country":"DE","region":"Nordrhein-Westfalen"},"geometry":{"type":"Polygon","coordinates":[[[7.661,50.8204],[7.65,50.8315],[7.6354,50.8273],[7.61,50.8314],[7.5995,50.8277],[7.5824,50.8339],[7.5735,50.8425],[7.5484,50.8307],[7.5336,50.8319],[7.5292,50.8421],[7.4909,50.8742],[7.4612,50.8809],[7.468,50.898],[7.479,50.9106],[7.4605,50.9357],[7.4308,50.9476],[7.3985,50.9498],[7.3858,50.9343],[7.3682,50.9358],[7.3458,50.9122],[7.3195,50.9153],[7.3017,50.9069],[7.2751,50.911],[7.249,50.9282],[7.2377,50.9189],[7.2283,50.9003],[7.2093,50.8922],[7.1984,50.8753],[7.1613,50.8673],[7.1376,50.858],[7.0906,50.8333],[7.0624,50.8296],[7.0613,50.8442],[7.051,50.8502],[7.0271,50.847],[7.0233,50.8393],[6.9952,50.8363],[6.9809,50.8409],[6.9802,50.8329],[6.9947,50.8252],[7.025,50.8183],[7.0302,50.8007],[7.0064,50.7978],[6.9898,50.7923],[6.9828,50.8008],[6.9662,50.7995],[6.9338,50.8053],[6.9087,50.8015],[6.8703,50.7907],[6.8639,50.7848],[6.8672,50.7615],[6.8821,50.746],[6.9022,50.7503],[6.9158,50.7341],[6.8826,50.7112],[6.8628,50.7074],[6.8543,50.6919],[6.8709,50.6893],[6.8755,50.6746],[6.8668,50.6697],[6.8633,50.6515],[6.8731,50.6386],[6.8985,50.6357],[6.9154,50.6293],[6.9082,50.6126],[6.8849,50.6003],[6.8913,50.5874],[6.8909,50.5745],[6.9139,50.5714],[6.9279,50.5586],[6.9514,50.5634],[6.9565,50.557],[6.9761,50.5578],[6.9836,50.5657],[6.9981,50.565],[7.049,50.6032],[7.0663,50.6007],[7.069,50.5927],[7.0908,50.5859],[7.1047,50.5924],[7.1194,50.6123],[7.1312,50.6037],[7.1479,50.6003],[7.1547,50.6147],[7.1898,50.6239],[7.1952,50.6427],[7.1861,50.6502],[7.1564,50.6547],[7.128,50.6473],[7.1206,50.6567],[7.1062,50.659],[7.0767,50.6428],[7.0689,50.6331],[7.0507,50.6396],[7.0269,50.655],[7.0443,50.6743],[7.0313,50.6778],[7.0356,50.6866],[7.0274,50.7026],[7.0289,50.7131],[7.0403,50.7192],[7.0298,50.7261],[7.0357,50.7385],[7.0366,50.7576],[7.066,50.7711],[7.0917,50.7632],[7.1068,50.7635],[7.1253,50.7744],[7.1452,50.7624],[7.1841,50.7487],[7.2036,50.7446],[7.2091,50.7369],[7.192,50.7262],[7.1966,50.7131],[7.1682,50.7035],[7.1754,50.6889],[7.2107,50.6498],[7.2129,50.6235],[7.2157,50.6279],[7.2402,50.6282],[7.2609,50.6253],[7.2973,50.6318],[7.3051,50.6376],[7.3306,50.6396],[7.359,50.6495],[7.3558,50.6652],[7.3721,50.6821],[7.3602,50.6971],[7.3709,50.7152],[7.3973,50.7143],[7.4071,50.7182],[7.4234,50.71],[7.4392,50.7111],[7.445,50.7161],[7.4798,50.7183],[7.5019,50.73],[7.5162,50.7291],[7.5519,50.7463],[7.5833,50.7379],[7.5938,50.7418],[7.5915,50.7558],[7.601,50.7663],[7.6182,50.7702],[7.6555,50.7679],[7.6622,50.7732],[7.66,50.7856],[7.6778,50.7817],[7.6818,50.7968],[7.661,50.8204]]]}},{"type":"Feature","properties":{"code":"DE-05512","name":"Kreisfreie Stadt Bottrop","country":"DE","region":"Nordrhein-Westfalen"},"geometry":{"type":"Polygon","coordinates":[[[6.9987,51.5337],[6.9804,51.5458],[6.9595,51.548],[6.9199,51.564],[6.9318,51.5767],[6.9295,51.5846],[6.9492,51.5902],[6.9602,51.5987],[6.9797,51.6058],[6.9796,51.621],[6.9573,51.6368],[6.9478,51.6346],[6.9308,51.6446],[6.9023,51.6357],[6.8694,51.6312],[6.8715,51.6222],[6.8508,51.6092],[6.8626,51.6008],[6.8586,51.5897],[6.8332,51.5796],[6.8673,51.5638],[6.8686,51.5525],[6.8852,51.5362],[6.8939,51.5164],[6.9096,51.5031],[6.9284,51.498],[6.9439,51.4986],[6.9783,51.505],[6.9942,51.5217],[6.9987,51.5337]]]}},{"type":"Feature","properties":{"code":"DE-05513","name":"Kreisfreie Stadt Gelsenkirchen","country":"DE","region":"Nordrhein-Westfalen"},"geometry":{"type":"Polygon","coordinates":[[[7.1451,51.5522],[7.1386,51.5721],[7.1224,51.5855],[7.1058,51.5941],[7.0751,51.5889],[7.0773,51.6053],[7.0673,51.6151],[7.0325,51.625],[7.0078,51.6257],[6.9967,51.6206],[6.993,51.5976],[7.0131,51.5869],[7.0112,51.5752],[7.0199,51.5527],[7.0288,51.5451],[7.0102,51.5327],[7.0207,51.5181],[7.0503,51.5113],[7.0605,51.4972],[7.0738,51.4936],[7.0711,51.485],[7.1042,51.4813],[7.1375,51.4906],[7.1394,51.5055],[7.1445,51.5131],[7.1243,51.5468],[7.1451,51.5522]]]}},{"type":"Feature","properties":{"code":"DE-05515","name":"Kreisfreie Stadt Münster","country":"DE","region":"Nordrhein-Westfalen"},"geometry":{"type":"Polygon","coordinates":[[[7.7041,52.0344],[7.6908,52.0327],[7.6681,52.0477],[7.6533,52.0516],[7.6297,52.0438],[7.6166,52.0545],[7.5988,52.0602],[7.5319,52.0326],[7.5351,52.0205],[7.5133,52.0089],[7.5124,51.9997],[7.5212,51.9781],[7.4976,51.9681],[7.4777,51.955],[7.479,51.9433],[7.5102,51.9359],[7.5057,51.9136],[7.5144,51.8956],[7.5353,51.9011],[7.5351,51.8883],[7.5471,51.8711],[7.5559,51.8682],[7.578,51.8468],[7.6018,51.8473],[7.6132,51.8406],[7.6177,51.8569],[7.6307,51.854],[7.647,51.8608],[7.6373,51.8675],[7.6487,51.8765],[7.6803,51.877],[7.6999,51.8695],[7.7069,51.8812],[7.6909,51.8922],[7.6899,51.9013],[7.7039,51.9063],[7.7425,51.8979],[7.7583,51.8978],[7.7636,51.9108],[7.7739,51.9203],[7.766,51.9361],[7.745,51.9481],[7.7449,51.9654],[7.7344,51.9683],[7.7338,51.98],[7.7486,51.9969],[7.7323,52.0064],[7.7364,52.0122],[7.7127,52.0344],[7.7041,52.0344]]]}},{"type":"Feature","properties":{"code":"DE-05554","name":"Kreis Borken","country":"DE","region":"Nordrhein-Westfalen"},"geometry":{"type":"Polygon","coordinates":[[[7.2677,52.0584],[7.2745,52.0712],[7.2603,52.0821],[7.2698,52.0911],[7.2647,52.1036],[7.2511,52.1196],[7.2162,52.116],[7.1514,52.1365],[7.1353,52.1548],[7.1505,52.1659],[7.1061,52.1907],[7.0945,52.2032],[7.0991,52.2431],[7.0659,52.2413],[7.061,52.2348],[7.039,52.2276],[7.0192,52.225],[7.0035,52.2285],[6.985,52.225],[6.9742,52.2052],[6.9513,52.181],[6.9121,52.1772],[6.9058,52.17],[6.882,52.1559],[6.8728,52.1322],[6.8554,52.1204],[6.8213,52.1182],[6.7606,52.1187],[6.7576,52.0994],[6.7445,52.0931],[6.7512,52.0855],[6.7356,52.0747],[6.7143,52.0729],[6.6968,52.0673],[6.6879,52.0524],[6.6877,52.0399],[6.7147,52.0399],[6.7526,52.0286],[6.8115,51.9981],[6.8266,51.9935],[6.8324,51.9703],[6.8285,51.9641],[6.7986,51.9588],[6.794,51.9351],[6.77,51.9162],[6.7541,51.9126],[6.7217,51.8962],[6.6923,51.9146],[6.6745,51.9159],[6.6376,51.9044],[6.5856,51.8939],[6.5561,51.8818],[6.5524,51.8862],[6.5244,51.8742],[6.501,51.867],[6.5008,51.8625],[6.4726,51.8538],[6.4511,51.8653],[6.4286,51.8651],[6.3921,51.874],[6.3881,51.862],[6.4092,51.8523],[6.4024,51.8433],[6.4078,51.8281],[6.4214,51.816],[6.423,51.8056],[6.4331,51.8028],[6.4655,51.8049],[6.4902,51.8114],[6.5165,51.817],[6.5417,51.8012],[6.5688,51.7898],[6.5867,51.7954],[6.6082,51.7944],[6.6322,51.7993],[6.6581,51.7892],[6.6685,51.7771],[6.7,51.7774],[6.7225,51.7684],[6.7467,51.7701],[6.7576,51.7763],[6.7692,51.7661],[6.773,51.7461],[6.7873,51.7489],[6.7965,51.7432],[6.8187,51.7427],[6.8271,51.7298],[6.8401,51.7357],[6.858,51.7289],[6.9109,51.7461],[6.9097,51.7551],[6.917,51.7776],[6.9557,51.7718],[6.9726,51.7965],[7.0201,51.8],[7.024,51.7896],[7.038,51.7826],[7.0605,51.7769],[7.1129,51.7876],[7.1338,51.8039],[7.1725,51.8215],[7.1251,51.8318],[7.0828,51.8552],[7.0773,51.8708],[7.0594,51.884],[7.0566,51.8947],[7.0682,51.9051],[7.0804,51.9254],[7.0783,51.9467],[7.0863,51.953],[7.0901,51.9742],[7.0765,51.983],[7.0564,51.9891],[7.0533,52.0019],[7.0574,52.0119],[7.0977,52.0063],[7.1231,52.014],[7.1434,52.0347],[7.1518,52.0338],[7.1688,52.0466],[7.1863,52.0482],[7.2144,52.0444],[7.2453,52.0433],[7.2498,52.0513],[7.2677,52.0584]]]}},{"type":"Feature","properties":{"code":"DE-05558","name":"Kreis Coesfeld","country":"DE","region":"Nordrhein-Westfalen"},"geometry":{"type":"Polygon","coordinates":[[[7.5124,51.9997],[7.475,51.9949],[7.4587,52.0048],[7.4336,52.0014],[7.4276,52.0094],[7.4344,52.0204],[7.4221,52.0352],[7.3969,52.0379],[7.3815,52.0271],[7.3699,52.0273],[7.3556,52.0378],[7.3265,52.0383],[7.3005,52.0482],[7.2883,52.0618],[7.2677,52.0584],[7.2498,52.0513],[7.2453,52.0433],[7.2144,52.0444],[7.1863,52.0482],[7.1688,52.0466],[7.1518,52.0338],[7.1434,52.0347],[7.1231,52.014],[7.0977,52.0063],[7.0574,52.0119],[7.0533,52.0019],[7.0564,51.9891],[7.0765,51.983],[7.0901,51.9742],[7.0863,51.953],[7.0783,51.9467],[7.0804,51.9254],[7.0682,51.9051],[7.0566,51.8947],[7.0594,51.884],[7.0773,51.8708],[7.0828,51.8552],[7.1251,51.8318],[7.1725,51.8215],[7.1896,51.8219],[7.2613,51.7988],[7.2589,51.7733],[7.2747,51.7599],[7.2802,51.7492],[7.3102,51.7463],[7.3215,51.736],[7.302,51.7164],[7.2989,51.7068],[7.3265,51.7019],[7.3404,51.6884],[7.3592,51.6805],[7.3801,51.6781],[7.3916,51.6694],[7.4096,51.6646],[7.4113,51.6711],[7.4347,51.6683],[7.4464,51.6746],[7.4517,51.6898],[7.4238,51.7146],[7.4366,51.7231],[7.4728,51.7352],[7.4791,51.72],[7.5174,51.7214],[7.5181,51.7074],[7.5421,51.6847],[7.5678,51.6983],[7.5882,51.7004],[7.6057,51.7066],[7.6129,51.7157],[7.6546,51.7132],[7.6681,51.7229],[7.6872,51.7289],[7.7019,51.7124],[7.7192,51.7186],[7.7358,51.7374],[7.7283,51.7511],[7.7126,51.75],[7.7137,51.7616],[7.6938,51.7863],[7.684,51.7851],[7.6873,51.8042],[7.6798,51.8052],[7.6628,51.8246],[7.6416,51.8246],[7.6132,51.8406],[7.6018,51.8473],[7.578,51.8468],[7.5559,51.8682],[7.5471,51.8711],[7.5351,51.8883],[7.5353,51.9011],[7.5144,51.8956],[7.5057,51.9136],[7.5102,51.9359],[7.479,51.9433],[7.4777,51.955],[7.4976,51.9681],[7.5212,51.9781],[7.5124,51.9997]]]}},{"type":"Feature","properties":{"code":"DE-05562","name":"Kreis Recklinghausen","country":"DE","region":"Nordrhein-Westfalen"},"geometry":{"type":"Polygon","coordinates":[[[7.4096,51.6646],[7.3916,51.6694],[7.3801,51.6781],[7.3592,51.6805],[7.3404,51.6884],[7.3265,51.7019],[7.2989,51.7068],[7.302,51.7164],[7.3215,51.736],[7.3102,51.7463],[7.2802,51.7492],[7.2747,51.7599],[7.2589,51.7733],[7.2613,51.7988],[7.1896,51.8219],[7.1725,51.8215],[7.1338,51.8039],[7.1129,51.7876],[7.0605,51.7769],[7.038,51.7826],[7.024,51.7896],[7.0201,51.8],[6.9726,51.7965],[6.9557,51.7718],[6.917,51.7776],[6.9097,51.7551],[6.9109,51.7461],[6.9258,51.7322],[6.9285,51.7206],[6.9378,51.7188],[6.9372,51.7043],[6.9153,51.6985],[6.912,51.6781],[6.8943,51.6557],[6.9023,51.6357],[6.9308,51.6446],[6.9478,51.6346],[6.9573,51.6368],[6.9796,51.621],[6.9797,51.6058],[6.9602,51.5987],[6.9492,51.5902],[6.9295,51.5846],[6.9318,51.5767],[6.9199,51.564],[6.9595,51.548],[6.9804,51.5458],[6.9987,51.5337],[7.0102,51.5327],[7.0288,51.5451],[7.0199,51.5527],[7.0112,51.5752],[7.0131,51.5869],[6.993,51.5976],[6.9967,51.6206],[7.0078,51.6257],[7.0325,51.625],[7.0673,51.6151],[7.0773,51.6053],[7.0751,51.5889],[7.1058,51.5941],[7.1224,51.5855],[7.1386,51.5721],[7.1451,51.5522],[7.1796,51.5527],[7.2245,51.5638],[7.2417,51.5734],[7.2497,51.5647],[7.2635,51.5626],[7.2963,51.5418],[7.294,51.532],[7.3146,51.5223],[7.3358,51.5207],[7.3638,51.5298],[7.3489,51.5443],[7.3542,51.5516],[7.3519,51.5669],[7.3385,51.5765],[7.3537,51.5834],[7.37,51.5822],[7.3767,51.5893],[7.3963,51.5873],[7.4179,51.5995],[7.4561,51.6119],[7.4652,51.6302],[7.4438,51.6471],[7.4407,51.661],[7.4096,51.6646]]]}},{"type":"Feature","properties":{"code":"DE-05566","name":"Kreis Steinfurt","country":"DE","region":"Nordrhein-Westfalen"},"geometry":{"type":"Polygon","coordinates":[[[7.609,52.474],[7.5917,52.4649],[7.5775,52.447],[7.571,52.4323],[7.6027,52.421],[7.6012,52.4139],[7.5828,52.4037],[7.5816,52.3942],[7.5704,52.3786],[7.5542,52.3688],[7.5299,52.3699],[7.5053,52.3611],[7.4794,52.3476],[7.4378,52.3334],[7.4272,52.314],[7.3865,52.3093],[7.3708,52.3002],[7.3616,52.2883],[7.3456,52.2827],[7.3175,52.2803],[7.2979,52.264],[7.2078,52.2645],[7.1532,52.2665],[7.1212,52.2611],[7.0991,52.2431],[7.0945,52.2032],[7.1061,52.1907],[7.1505,52.1659],[7.1353,52.1548],[7.1514,52.1365],[7.2162,52.116],[7.2511,52.1196],[7.2647,52.1036],[7.2698,52.0911],[7.2603,52.0821],[7.2745,52.0712],[7.2677,52.0584],[7.2883,52.0618],[7.3005,52.0482],[7.3265,52.0383],[7.3556,52.0378],[7.3699,52.0273],[7.3815,52.0271],[7.3969,52.0379],[7.4221,52.0352],[7.4344,52.0204],[7.4276,52.0094],[7.4336,52.0014],[7.4587,52.0048],[7.475,51.9949],[7.5124,51.9997],[7.5133,52.0089],[7.5351,52.0205],[7.5319,52.0326],[7.5988,52.0602],[7.6166,52.0545],[7.6297,52.0438],[7.6533,52.0516],[7.6681,52.0477],[7.6908,52.0327],[7.7041,52.0344],[7.7265,52.0511],[7.7224,52.0595],[7.7608,52.097],[7.7955,52.1041],[7.8165,52.0938],[7.8499,52.0946],[7.865,52.0869],[7.8852,52.0833],[7.9161,52.0961],[7.9581,52.1052],[7.9718,52.116],[8.0078,52.1153],[8.002,52.16],[8.0252,52.1635],[8.0075,52.176],[7.9743,52.1711],[7.9576,52.1769],[7.9388,52.1761],[7.9081,52.1899],[7.9054,52.2127],[7.9266,52.2265],[7.9286,52.2412],[7.9235,52.2479],[7.9256,52.2628],[7.9443,52.265],[7.9565,52.2725],[7.9322,52.288],[7.934,52.3026],[7.9496,52.3059],[7.9872,52.3036],[7.9646,52.3249],[7.9486,52.3351],[7.9478,52.3501],[7.9371,52.3621],[7.9217,52.3656],[7.8918,52.3805],[7.8705,52.3775],[7.843,52.369],[7.8071,52.3714],[7.7255,52.3999],[7.7138,52.401],[7.7023,52.4344],[7.6835,52.4566],[7.6546,52.4608],[7.609,52.474]]]}},{"type":"Feature","properties":{"code":"DE-05570","name":"Kreis Warendorf","country":"DE","region":"Nordrhein-Westfalen"},"geometry":{"type":"Polygon","coordinates":[[[7.8852,52.0833],[7.865,52.0869],[7.8499,52.0946],[7.8165,52.0938],[7.7955,52.1041],[7.7608,52.097],[7.7224,52.0595],[7.7265,52.0511],[7.7041,52.0344],[7.7127,52.0344],[7.7364,52.0122],[7.7323,52.0064],[7.7486,51.9969],[7.7338,51.98],[7.7344,51.9683],[7.7449,51.9654],[7.745,51.9481],[7.766,51.9361],[7.7739,51.9203],[7.7636,51.9108],[7.7583,51.8978],[7.7425,51.8979],[7.7039,51.9063],[7.6899,51.9013],[7.6909,51.8922],[7.7069,51.8812],[7.6999,51.8695],[7.6803,51.877],[7.6487,51.8765],[7.6373,51.8675],[7.647,51.8608],[7.6307,51.854],[7.6177,51.8569],[7.6132,51.8406],[7.6416,51.8246],[7.6628,51.8246],[7.6798,51.8052],[7.6873,51.8042],[7.684,51.7851],[7.6938,51.7863],[7.7137,51.7616],[7.7126,51.75],[7.7283,51.7511],[7.7358,51.7374],[7.7522,51.7385],[7.7664,51.7268],[7.789,51.7332],[7.8336,51.7412],[7.8364,51.73],[7.8883,51.7178],[7.8896,51.7048],[7.9119,51.7061],[7.9445,51.7006],[7.9575,51.7035],[7.9574,51.7133],[7.9675,51.722],[7.998,51.7177],[8.0107,51.7102],[8.0287,51.717],[8.0519,51.7169],[8.0725,51.7081],[8.1005,51.7031],[8.1122,51.717],[8.149,51.7133],[8.1652,51.7075],[8.1841,51.6938],[8.2117,51.6967],[8.1996,51.6833],[8.2047,51.6706],[8.1948,51.6615],[8.2193,51.6581],[8.2258,51.662],[8.2659,51.6636],[8.2954,51.6769],[8.2959,51.695],[8.3115,51.7196],[8.3201,51.7257],[8.3104,51.7342],[8.3017,51.7541],[8.2754,51.7712],[8.254,51.7734],[8.2575,51.8029],[8.2403,51.8094],[8.2346,51.8217],[8.2037,51.825],[8.2155,51.8349],[8.2182,51.8466],[8.1985,51.8626],[8.1812,51.8667],[8.1756,51.8827],[8.1521,51.8999],[8.1672,51.9071],[8.1736,51.9197],[8.1623,51.9328],[8.1301,51.9504],[8.113,51.956],[8.1143,51.9718],[8.1073,51.9928],[8.0912,51.9972],[8.0755,52.0109],[8.0964,52.0571],[8.0924,52.0634],[8.0667,52.0681],[8.0359,52.0639],[7.9937,52.0496],[7.9798,52.0364],[7.9169,52.0516],[7.9149,52.0602],[7.8852,52.0833]]]}},{"type":"Feature","properties":{"code":"DE-05711","name":"Kreisfreie Stadt Bielefeld","country":"DE","region":"Nordrhein-Westfalen"},"geometry":{"type":"Polygon","coordinates":[[[8.6543,52.0601],[8.6309,52.0607],[8.6168,52.0679],[8.62,52.0774],[8.6013,52.0893],[8.5797,52.0756],[8.5705,52.0765],[8.5635,52.0913],[8.5706,52.1037],[8.5178,52.1113],[8.4853,52.1079],[8.4715,52.1007],[8.4724,52.0906],[8.4577,52.0866],[8.4588,52.0773],[8.4461,52.0631],[8.4493,52.0486],[8.4344,52.0492],[8.4203,52.0437],[8.434,52.0287],[8.4572,52.0207],[8.4565,52.0007],[8.4217,51.9737],[8.3997,51.9693],[8.3786,51.9707],[8.397,51.9566],[8.4168,51.959],[8.4279,51.9461],[8.4663,51.9502],[8.4904,51.9425],[8.5047,51.9216],[8.5325,51.926],[8.5479,51.9194],[8.5611,51.924],[8.5799,51.9205],[8.6063,51.9274],[8.6253,51.9362],[8.6296,51.9451],[8.6481,51.9602],[8.6428,51.9705],[8.654,51.978],[8.6486,51.9924],[8.662,52.0134],[8.6415,52.0255],[8.66,52.0392],[8.6635,52.0537],[8.6543,52.0601]]]}},{"type":"Feature","properties":{"code":"DE-05754","name":"Kreis Gütersloh","country":"DE","region":"Nordrhein-Westfalen"},"geometry":{"type":"Polygon","coordinates":[[[8.4106,52.1151],[8.3951,52.1088],[8.3732,52.1098],[8.3637,52.1184],[8.3239,52.1259],[8.3112,52.1183],[8.2859,52.1314],[8.2672,52.1303],[8.2625,52.1204],[8.2459,52.1214],[8.2089,52.0968],[8.1951,52.0741],[8.179,52.0719],[8.1619,52.0754],[8.1367,52.073],[8.0964,52.0571],[8.0755,52.0109],[8.0912,51.9972],[8.1073,51.9928],[8.1143,51.9718],[8.113,51.956],[8.1301,51.9504],[8.1623,51.9328],[8.1736,51.9197],[8.1672,51.9071],[8.1521,51.8999],[8.1756,51.8827],[8.1812,51.8667],[8.1985,51.8626],[8.2182,51.8466],[8.2155,51.8349],[8.2037,51.825],[8.2346,51.8217],[8.2403,51.8094],[8.2575,51.8029],[8.254,51.7734],[8.2754,51.7712],[8.3017,51.7541],[8.3104,51.7342],[8.3201,51.7257],[8.3503,51.7234],[8.3666,51.7184],[8.4031,51.7194],[8.4095,51.7481],[8.4169,51.7588],[8.4683,51.7918],[8.4977,51.7982],[8.5214,51.8096],[8.5338,51.8314],[8.5531,51.8395],[8.5793,51.8451],[8.6278,51.8624],[8.6373,51.8771],[8.6529,51.8661],[8.6623,51.8522],[8.6908,51.856],[8.718,51.8546],[8.7484,51.8587],[8.7335,51.8725],[8.7205,51.8909],[8.6838,51.9158],[8.6434,51.9212],[8.6253,51.9296],[8.6063,51.9274],[8.5799,51.9205],[8.5611,51.924],[8.5479,51.9194],[8.5325,51.926],[8.5047,51.9216],[8.4904,51.9425],[8.4663,51.9502],[8.4279,51.9461],[8.4168,51.959],[8.397,51.9566],[8.3786,51.9707],[8.3997,51.9693],[8.4217,51.9737],[8.4565,52.0007],[8.4572,52.0207],[8.434,52.0287],[8.4203,52.0437],[8.4344,52.0492],[8.4493,52.0486],[8.4461,52.0631],[8.4588,52.0773],[8.4577,52.0866],[8.4724,52.0906],[8.4715,52.1007],[8.4546,52.1089],[8.4271,52.1045],[8.4106,52.1151]]]}},{"type":"Feature","properties":{"code":"DE-05758","name":"Kreis Herford","country":"DE","region":"Nordrhein-Westfalen"},"geometry":{"type":"Polygon","coordinates":[[[8.9271,52.1844],[8.9008,52.1962],[8.8741,52.1962],[8.8443,52.1863],[8.8399,52.1743],[8.782,52.1625],[8.7691,52.1694],[8.789,52.197],[8.7576,52.215],[8.7519,52.2328],[8.7391,52.2405],[8.7115,52.2498],[8.698,52.2488],[8.679,52.2397],[8.6383,52.2594],[8.5781,52.2553],[8.5225,52.2643],[8.4857,52.2645],[8.4662,52.2676],[8.4588,52.2582],[8.4681,52.2471],[8.4598,52.2428],[8.4614,52.2298],[8.4525,52.2249],[8.4487,52.2103],[8.4563,52.1981],[8.4783,52.192],[8.5079,52.1884],[8.5056,52.1794],[8.4931,52.1668],[8.4695,52.1558],[8.4535,52.1554],[8.4152,52.1394],[8.4052,52.1311],[8.4106,52.1151],[8.4271,52.1045],[8.4546,52.1089],[8.4715,52.1007],[8.4853,52.1079],[8.5178,52.1113],[8.5706,52.1037],[8.5635,52.0913],[8.5705,52.0765],[8.5797,52.0756],[8.6013,52.0893],[8.62,52.0774],[8.6168,52.0679],[8.6309,52.0607],[8.6543,52.0601],[8.6592,52.073],[8.6759,52.0877],[8.7003,52.0947],[8.7161,52.0903],[8.7285,52.1019],[8.7235,52.1073],[8.7468,52.1208],[8.7619,52.1151],[8.7878,52.1173],[8.8085,52.1267],[8.8102,52.1174],[8.8414,52.1033],[8.8734,52.1049],[8.8916,52.1119],[8.901,52.128],[8.8925,52.1333],[8.9031,52.1447],[8.895,52.1521],[8.9088,52.1705],[8.9271,52.1844]]]}},{"type":"Feature","properties":{"code":"DE-05762","name":"Kreis Höxter","country":"DE","region":"Nordrhein-Westfalen"},"geometry":{"type":"Polygon","coordinates":[[[9.3233,51.8551],[9.2984,51.8501],[9.2735,51.8649],[9.2429,51.8668],[9.2031,51.8573],[9.1797,51.8582],[9.1607,51.8633],[9.1546,51.8746],[9.1314,51.8737],[9.1351,51.9082],[9.1239,51.9104],[9.1011,51.8929],[9.0583,51.8743],[9.042,51.8724],[9.0253,51.88],[9.0114,51.8771],[9.0175,51.8639],[8.9964,51.8443],[8.9734,51.8366],[8.953,51.8366],[8.9499,51.8188],[8.9593,51.7897],[8.9846,51.7623],[8.9998,51.7586],[8.9877,51.7489],[8.9838,51.7363],[8.9986,51.7046],[8.9753,51.6975],[8.9833,51.6919],[8.9729,51.6765],[8.9884,51.6481],[8.978,51.6203],[8.9895,51.6021],[9.0133,51.5965],[9.0172,51.5751],[8.9667,51.5643],[8.9588,51.5525],[8.9429,51.5499],[8.9358,51.5404],[8.9054,51.5315],[8.9109,51.5228],[8.9387,51.5137],[8.9465,51.5076],[8.9708,51.5067],[9.0016,51.5126],[9.0176,51.5182],[9.0341,51.504],[9.0765,51.5035],[9.0923,51.4944],[9.0921,51.4873],[9.0772,51.4649],[9.0869,51.4612],[9.0864,51.4491],[9.1026,51.4432],[9.1357,51.4502],[9.1554,51.4427],[9.1744,51.4629],[9.1851,51.4663],[9.2165,51.4596],[9.2166,51.4812],[9.2421,51.4977],[9.2621,51.4987],[9.2823,51.5144],[9.3015,51.5145],[9.3159,51.523],[9.3111,51.5373],[9.3356,51.56],[9.3543,51.5817],[9.3706,51.5941],[9.3563,51.5977],[9.3371,51.6147],[9.3719,51.6256],[9.3989,51.6263],[9.4267,51.6308],[9.4449,51.6442],[9.4405,51.6504],[9.4173,51.6473],[9.3863,51.646],[9.3747,51.6498],[9.379,51.6654],[9.3951,51.6729],[9.3879,51.6907],[9.4012,51.7042],[9.3891,51.7159],[9.3948,51.73],[9.3754,51.7436],[9.4073,51.7636],[9.4096,51.771],[9.4366,51.7893],[9.4408,51.8035],[9.4281,51.8143],[9.4405,51.8249],[9.4331,51.8399],[9.4614,51.8565],[9.4066,51.8556],[9.3929,51.8604],[9.3629,51.8649],[9.3347,51.8536],[9.3233,51.8551]]]}},{"type":"Feature","properties":{"code":"DE-05766","name":"Kreis Lippe","country":"DE","region":"Nordrhein-Westfalen"},"geometry":{"type":"Polygon","coordinates":[[[9.1556,52.0978],[9.1359,52.1058],[9.1558,52.1143],[9.1568,52.1251],[9.1447,52.1349],[9.1161,52.1384],[9.107,52.1324],[9.0534,52.1482],[9.0178,52.1324],[9.0124,52.1779],[8.9858,52.1946],[8.9909,52.1853],[8.9592,52.1813],[8.9271,52.1844],[8.9088,52.1705],[8.895,52.1521],[8.9031,52.1447],[8.8925,52.1333],[8.901,52.128],[8.8916,52.1119],[8.8734,52.1049],[8.8414,52.1033],[8.8102,52.1174],[8.8085,52.1267],[8.7878,52.1173],[8.7619,52.1151],[8.7468,52.1208],[8.7235,52.1073],[8.7285,52.1019],[8.7161,52.0903],[8.7003,52.0947],[8.6759,52.0877],[8.6592,52.073],[8.6543,52.0601],[8.6635,52.0537],[8.66,52.0392],[8.6415,52.0255],[8.662,52.0134],[8.6486,51.9924],[8.654,51.978],[8.6428,51.9705],[8.6481,51.9602],[8.6296,51.9451],[8.6253,51.9362],[8.6063,51.9274],[8.6253,51.9296],[8.6434,51.9212],[8.6838,51.9158],[8.7205,51.8909],[8.7335,51.8725],[8.7484,51.8587],[8.7625,51.8463],[8.7684,51.8165],[8.7903,51.798],[8.8613,51.7992],[8.8913,51.8037],[8.9093,51.8119],[8.919,51.8006],[8.9593,51.7897],[8.9499,51.8188],[8.953,51.8366],[8.9734,51.8366],[8.9964,51.8443],[9.0175,51.8639],[9.0114,51.8771],[9.0253,51.88],[9.042,51.8724],[9.0583,51.8743],[9.1011,51.8929],[9.1239,51.9104],[9.1351,51.9082],[9.1314,51.8737],[9.1546,51.8746],[9.1607,51.8633],[9.1797,51.8582],[9.2031,51.8573],[9.2429,51.8668],[9.2735,51.8649],[9.2984,51.8501],[9.3233,51.8551],[9.3358,51.8561],[9.3443,51.8802],[9.3408,51.908],[9.3322,51.917],[9.3089,51.923],[9.2956,51.92],[9.2721,51.9323],[9.2786,51.9401],[9.2684,51.9468],[9.2776,51.9619],[9.2744,51.9736],[9.2617,51.9768],[9.2169,51.9736],[9.2066,51.9626],[9.1882,51.9647],[9.1878,51.9728],[9.1747,51.9833],[9.1968,51.9969],[9.1793,52.0027],[9.1974,52.0117],[9.189,52.0263],[9.1769,52.0337],[9.1722,52.0474],[9.1744,52.0604],[9.1904,52.0696],[9.1761,52.0861],[9.1547,52.0918],[9.1556,52.0978]]]}},{"type":"Feature","properties":{"code":"DE-05770","name":"Kreis Minden-Lübbecke","country":"DE","region":"Nordrhein-Westfalen"},"geometry":{"type":"Polygon","coordinates":[[[8.703,52.5004],[8.6987,52.5088],[8.6715,52.5174],[8.6526,52.5314],[8.5569,52.4991],[8.5166,52.5093],[8.5088,52.5147],[8.4603,52.4903],[8.4543,52.461],[8.4288,52.448],[8.4148,52.446],[8.4001,52.4509],[8.3859,52.445],[8.3597,52.444],[8.3479,52.4523],[8.3261,52.4517],[8.3114,52.459],[8.2972,52.4565],[8.3062,52.4432],[8.304,52.4343],[8.322,52.4262],[8.3136,52.406],[8.343,52.3982],[8.3594,52.3909],[8.3931,52.3846],[8.401,52.3774],[8.4394,52.3627],[8.4535,52.3306],[8.4693,52.3134],[8.4588,52.2945],[8.4662,52.2676],[8.4857,52.2645],[8.5225,52.2643],[8.5781,52.2553],[8.6383,52.2594],[8.679,52.2397],[8.698,52.2488],[8.7115,52.2498],[8.7391,52.2405],[8.7519,52.2328],[8.7576,52.215],[8.789,52.197],[8.7691,52.1694],[8.782,52.1625],[8.8399,52.1743],[8.8443,52.1863],[8.8741,52.1962],[8.9008,52.1962],[8.9271,52.1844],[8.9592,52.1813],[8.9909,52.1853],[8.9858,52.1946],[8.9917,52.1963],[9.0211,52.1838],[9.0403,52.1847],[9.0485,52.1957],[9.0459,52.2108],[9.0341,52.2176],[9.0583,52.2221],[9.0765,52.2338],[9.058,52.2375],[9.033,52.2495],[9.0065,52.2528],[9.0042,52.2575],[8.9727,52.2637],[8.9779,52.2709],[8.9635,52.279],[8.9881,52.2876],[8.991,52.3148],[8.9983,52.3262],[9.0189,52.331],[9.0274,52.3456],[9.0579,52.3396],[9.0592,52.3469],[9.0837,52.3548],[9.1007,52.3806],[9.0952,52.385],[9.1174,52.3971],[9.1253,52.412],[9.112,52.4208],[9.1105,52.4354],[9.0945,52.4428],[9.1029,52.4569],[9.1367,52.4755],[9.132,52.484],[9.1124,52.4858],[9.0952,52.4981],[9.0658,52.4962],[9.0523,52.5001],[9.0383,52.4799],[9.0265,52.48],[9.0121,52.4573],[8.9895,52.4518],[8.9807,52.4284],[8.9622,52.425],[8.958,52.4162],[8.9325,52.4012],[8.9031,52.4046],[8.8892,52.396],[8.8584,52.3937],[8.8551,52.3892],[8.7868,52.3987],[8.7461,52.3879],[8.7109,52.4082],[8.7048,52.4173],[8.7166,52.4321],[8.7053,52.4393],[8.7047,52.4554],[8.7103,52.4603],[8.7089,52.4775],[8.6985,52.4867],[8.703,52.5004]]]}},{"type":"Feature","properties":{"code":"DE-05774","name":"Kreis Paderborn","country":"DE","region":"Nordrhein-Westfalen"},"geometry":{"type":"Polygon","coordinates":[[[8.7484,51.8587],[8.718,51.8546],[8.6908,51.856],[8.6623,51.8522],[8.6529,51.8661],[8.6373,51.8771],[8.6278,51.8624],[8.5793,51.8451],[8.5531,51.8395],[8.5338,51.8314],[8.5214,51.8096],[8.4977,51.7982],[8.4683,51.7918],[8.4169,51.7588],[8.4095,51.7481],[8.4031,51.7194],[8.4415,51.7172],[8.4626,51.723],[8.476,51.7145],[8.4744,51.6987],[8.4832,51.6949],[8.4792,51.6836],[8.5116,51.6794],[8.53,51.6694],[8.5489,51.6699],[8.5683,51.6584],[8.5768,51.6422],[8.5778,51.6187],[8.5376,51.6006],[8.511,51.5941],[8.5075,51.5867],[8.4744,51.5735],[8.4776,51.5479],[8.4923,51.5301],[8.5098,51.5246],[8.5203,51.4903],[8.5479,51.4678],[8.5739,51.4684],[8.5881,51.4804],[8.6276,51.4783],[8.6521,51.4812],[8.664,51.4736],[8.6803,51.4719],[8.7209,51.4591],[8.7416,51.4652],[8.7677,51.4474],[8.7887,51.4566],[8.8077,51.4791],[8.8368,51.5006],[8.8212,51.5177],[8.8072,51.5267],[8.8146,51.5395],[8.8452,51.5369],[8.8442,51.5465],[8.886,51.5483],[8.8972,51.5305],[8.9054,51.5315],[8.9358,51.5404],[8.9429,51.5499],[8.9588,51.5525],[8.9667,51.5643],[9.0172,51.5751],[9.0133,51.5965],[8.9895,51.6021],[8.978,51.6203],[8.9884,51.6481],[8.9729,51.6765],[8.9833,51.6919],[8.9753,51.6975],[8.9986,51.7046],[8.9838,51.7363],[8.9877,51.7489],[8.9998,51.7586],[8.9846,51.7623],[8.9593,51.7897],[8.919,51.8006],[8.9093,51.8119],[8.8913,51.8037],[8.8613,51.7992],[8.7903,51.798],[8.7684,51.8165],[8.7625,51.8463],[8.7484,51.8587]]]}},{"type":"Feature","properties":{"code":"DE-05911","name":"Kreisfreie Stadt Bochum","country":"DE","region":"Nordrhein-Westfalen"},"geometry":{"type":"Polygon","coordinates":[[[7.3146,51.5223],[7.294,51.532],[7.2738,51.524],[7.256,51.5273],[7.2277,51.5174],[7.1973,51.5206],[7.1925,51.5093],[7.1693,51.5043],[7.1394,51.5055],[7.1375,51.4906],[7.1042,51.4813],[7.1139,51.4717],[7.1096,51.4629],[7.1333,51.4418],[7.1229,51.4345],[7.136,51.426],[7.1547,51.4143],[7.1736,51.415],[7.1808,51.42],[7.2059,51.4183],[7.2218,51.4121],[7.2526,51.4133],[7.2898,51.4439],[7.2967,51.4569],[7.342,51.4558],[7.349,51.466],[7.3482,51.4827],[7.3371,51.4972],[7.3219,51.4896],[7.3173,51.5058],[7.3033,51.5144],[7.3146,51.5223]]]}},{"type":"Feature","properties":{"code":"DE-05913","name":"Kreisfreie Stadt Dortmund","country":"DE","region":"Nordrhein-Westfalen"},"geometry":{"type":"Polygon","coordinates":[[[7.5085,51.4179],[7.5117,51.4323],[7.5325,51.4383],[7.5361,51.4483],[7.5507,51.4558],[7.5426,51.4627],[7.5712,51.475],[7.5945,51.4692],[7.6085,51.4792],[7.5979,51.4972],[7.5966,51.5092],[7.6371,51.5231],[7.6251,51.5519],[7.604,51.5536],[7.6065,51.5678],[7.5974,51.5764],[7.5717,51.5855],[7.5285,51.5767],[7.5025,51.5813],[7.4899,51.5927],[7.4465,51.5812],[7.4205,51.5867],[7.4179,51.5995],[7.3963,51.5873],[7.3767,51.5893],[7.37,51.5822],[7.3537,51.5834],[7.3385,51.5765],[7.3519,51.5669],[7.3542,51.5516],[7.3489,51.5443],[7.3638,51.5298],[7.3358,51.5207],[7.3146,51.5223],[7.3033,51.5144],[7.3173,51.5058],[7.3219,51.4896],[7.3371,51.4972],[7.3482,51.4827],[7.3713,51.4826],[7.389,51.4739],[7.3886,51.4634],[7.4149,51.4504],[7.4224,51.438],[7.442,51.4347],[7.4594,51.4373],[7.4653,51.4161],[7.5085,51.4179]]]}},{"type":"Feature","properties":{"code":"DE-05914","name":"Kreisfreie Stadt Hagen","country":"DE","region":"Nordrhein-Westfalen"},"geometry":{"type":"Polygon","coordinates":[[[7.5085,51.4179],[7.4653,51.4161],[7.4511,51.3994],[7.4353,51.3904],[7.4146,51.4013],[7.4029,51.3941],[7.4078,51.3823],[7.3916,51.3657],[7.3954,51.3604],[7.3787,51.35],[7.3986,51.3317],[7.4235,51.3286],[7.424,51.3198],[7.4055,51.3081],[7.4186,51.2943],[7.4392,51.315],[7.4623,51.3186],[7.4889,51.3132],[7.5039,51.3159],[7.5073,51.3058],[7.4956,51.293],[7.4852,51.2907],[7.4814,51.2803],[7.5086,51.2721],[7.5173,51.2649],[7.5489,51.2696],[7.5656,51.2813],[7.5689,51.2908],[7.5832,51.2959],[7.5767,51.3301],[7.5929,51.339],[7.5938,51.3512],[7.5848,51.3778],[7.5878,51.3904],[7.5758,51.3967],[7.549,51.3987],[7.5336,51.3953],[7.5325,51.4069],[7.5085,51.4179]]]}},{"type":"Feature","properties":{"code":"DE-05915","name":"Kreisfreie Stadt Hamm","country":"DE","region":"Nordrhein-Westfalen"},"geometry":{"type":"Polygon","coordinates":[[[7.9445,51.7006],[7.9119,51.7061],[7.8896,51.7048],[7.8883,51.7178],[7.8364,51.73],[7.8336,51.7412],[7.789,51.7332],[7.7664,51.7268],[7.7522,51.7385],[7.7358,51.7374],[7.7192,51.7186],[7.7019,51.7124],[7.701,51.6951],[7.7273,51.6777],[7.6923,51.6631],[7.6776,51.6619],[7.688,51.6137],[7.7069,51.6119],[7.7216,51.6225],[7.7426,51.6255],[7.7873,51.6165],[7.8111,51.621],[7.8166,51.6083],[7.8109,51.6028],[7.8146,51.5893],[7.8272,51.5786],[7.8598,51.5915],[7.9057,51.5959],[7.9158,51.602],[7.9113,51.6137],[7.9444,51.6382],[7.9543,51.6609],[7.9535,51.6724],[7.9884,51.6787],[7.9761,51.6899],[7.9445,51.7006]]]}},{"type":"Feature","properties":{"code":"DE-05916","name":"Kreisfreie Stadt Herne","country":"DE","region":"Nordrhein-Westfalen"},"geometry":{"type":"Polygon","coordinates":[[[7.294,51.532],[7.2963,51.5418],[7.2635,51.5626],[7.2497,51.5647],[7.2417,51.5734],[7.2245,51.5638],[7.1796,51.5527],[7.1451,51.5522],[7.1243,51.5468],[7.1445,51.5131],[7.1394,51.5055],[7.1693,51.5043],[7.1925,51.5093],[7.1973,51.5206],[7.2277,51.5174],[7.256,51.5273],[7.2738,51.524],[7.294,51.532]]]}},{"type":"Feature","properties":{"code":"DE-05954","name":"Kreis Ennepe-Ruhr-Kreis","country":"DE","region":"Nordrhein-Westfalen"},"geometry":{"type":"Polygon","coordinates":[[[7.4653,51.4161],[7.4594,51.4373],[7.442,51.4347],[7.4224,51.438],[7.4149,51.4504],[7.3886,51.4634],[7.389,51.4739],[7.3713,51.4826],[7.3482,51.4827],[7.349,51.466],[7.342,51.4558],[7.2967,51.4569],[7.2898,51.4439],[7.2526,51.4133],[7.2218,51.4121],[7.2059,51.4183],[7.1808,51.42],[7.1736,51.415],[7.1547,51.4143],[7.136,51.426],[7.1344,51.4171],[7.112,51.4006],[7.1184,51.3942],[7.1177,51.3803],[7.1376,51.3793],[7.1594,51.3651],[7.1473,51.3515],[7.1454,51.3398],[7.1662,51.3256],[7.1673,51.3129],[7.1805,51.3063],[7.1903,51.2951],[7.2069,51.3018],[7.2563,51.3169],[7.2644,51.3084],[7.2539,51.2882],[7.2752,51.2775],[7.2673,51.2614],[7.2812,51.2515],[7.297,51.247],[7.3067,51.2389],[7.3327,51.2503],[7.339,51.2396],[7.3529,51.2388],[7.3705,51.2455],[7.4026,51.2378],[7.3954,51.2321],[7.4305,51.224],[7.4333,51.2144],[7.4511,51.23],[7.4879,51.2361],[7.5017,51.2451],[7.5029,51.2527],[7.5173,51.2649],[7.5086,51.2721],[7.4814,51.2803],[7.4852,51.2907],[7.4956,51.293],[7.5073,51.3058],[7.5039,51.3159],[7.4889,51.3132],[7.4623,51.3186],[7.4392,51.315],[7.4186,51.2943],[7.4055,51.3081],[7.424,51.3198],[7.4235,51.3286],[7.3986,51.3317],[7.3787,51.35],[7.3954,51.3604],[7.3916,51.3657],[7.4078,51.3823],[7.4029,51.3941],[7.4146,51.4013],[7.4353,51.3904],[7.4511,51.3994],[7.4653,51.4161]]]}},{"type":"Feature","properties":{"code":"DE-05958","name":"Kreis Hochsauerlandkreis","country":"DE","region":"Nordrhein-Westfalen"},"geometry":{"type":"Polygon","coordinates":[[[8.9054,51.5315],[8.8972,51.5305],[8.886,51.5483],[8.8442,51.5465],[8.8452,51.5369],[8.8146,51.5395],[8.8072,51.5267],[8.8212,51.5177],[8.8368,51.5006],[8.8077,51.4791],[8.7887,51.4566],[8.7677,51.4474],[8.7416,51.4652],[8.7209,51.4591],[8.6803,51.4719],[8.664,51.4736],[8.6521,51.4812],[8.6276,51.4783],[8.5881,51.4804],[8.5739,51.4684],[8.5479,51.4678],[8.536,51.4617],[8.4912,51.4451],[8.4677,51.4393],[8.4611,51.4272],[8.4211,51.4103],[8.4184,51.4061],[8.3921,51.4082],[8.37,51.3979],[8.341,51.3954],[8.2985,51.3885],[8.2761,51.4068],[8.2606,51.403],[8.2361,51.4029],[8.2139,51.4082],[8.204,51.4209],[8.1772,51.4276],[8.1576,51.442],[8.1487,51.4389],[8.1264,51.4407],[8.1195,51.4491],[8.0786,51.4468],[8.0507,51.4476],[8.0457,51.4523],[8.0191,51.46],[8.0031,51.4747],[7.9917,51.4692],[7.9622,51.4717],[7.9524,51.466],[7.9188,51.4769],[7.9082,51.4902],[7.8774,51.4743],[7.8638,51.4588],[7.8758,51.4508],[7.8902,51.4292],[7.8956,51.4139],[7.8891,51.4033],[7.8969,51.3864],[7.9077,51.373],[7.9066,51.3496],[7.9315,51.334],[7.9304,51.325],[7.9155,51.3035],[7.9155,51.2821],[7.9059,51.2735],[7.9223,51.2598],[7.9182,51.2452],[7.9398,51.234],[7.9405,51.2397],[7.9693,51.2413],[7.9957,51.2347],[8.0071,51.2422],[8.0266,51.2451],[8.04,51.2375],[8.0623,51.2482],[8.0797,51.2403],[8.1142,51.2409],[8.1208,51.2292],[8.0999,51.2142],[8.1132,51.194],[8.126,51.1909],[8.1514,51.1733],[8.1476,51.1589],[8.1363,51.1534],[8.131,51.1429],[8.1518,51.1421],[8.1676,51.1473],[8.1884,51.1443],[8.1991,51.1254],[8.2203,51.1229],[8.225,51.1152],[8.2416,51.1121],[8.2388,51.1043],[8.2519,51.0996],[8.2809,51.1029],[8.3051,51.1008],[8.3403,51.0925],[8.3801,51.1113],[8.3959,51.1278],[8.4377,51.1425],[8.4447,51.1362],[8.4859,51.1495],[8.5048,51.1286],[8.5284,51.1155],[8.5456,51.1138],[8.5491,51.1019],[8.6015,51.102],[8.6485,51.095],[8.6593,51.0954],[8.7077,51.1163],[8.6919,51.1291],[8.6943,51.1364],[8.7484,51.1686],[8.7505,51.1992],[8.7682,51.2089],[8.7417,51.2184],[8.7382,51.2322],[8.7276,51.2501],[8.7361,51.2604],[8.722,51.2737],[8.6855,51.2738],[8.6775,51.2677],[8.6283,51.2605],[8.6115,51.2471],[8.5936,51.2475],[8.5782,51.2675],[8.5563,51.2775],[8.5664,51.2878],[8.5926,51.3039],[8.605,51.3237],[8.6211,51.3365],[8.6544,51.347],[8.6835,51.3622],[8.6767,51.3705],[8.6938,51.3768],[8.7277,51.3722],[8.7603,51.3783],[8.7705,51.3848],[8.804,51.3908],[8.8185,51.3887],[8.854,51.3771],[8.8896,51.3927],[8.9159,51.3928],[8.9395,51.3895],[8.9403,51.403],[8.9481,51.4282],[8.9188,51.4303],[8.9218,51.4461],[8.9066,51.4654],[8.8941,51.4712],[8.8904,51.4819],[8.9133,51.4916],[8.9708,51.5067],[8.9465,51.5076],[8.9387,51.5137],[8.9109,51.5228],[8.9054,51.5315]]]}},{"type":"Feature","properties":{"code":"DE-05962","name":"Kreis Märkischer Kreis","country":"DE","region":"Nordrhein-Westfalen"},"geometry":{"type":"Polygon","coordinates":[[[7.8376,51.4785],[7.7645,51.4681],[7.7473,51.4716],[7.6975,51.4739],[7.6568,51.466],[7.6346,51.4523],[7.6187,51.4501],[7.6291,51.4229],[7.6173,51.4199],[7.6319,51.4066],[7.6211,51.3925],[7.5972,51.3961],[7.5878,51.3904],[7.5848,51.3778],[7.5938,51.3512],[7.5929,51.339],[7.5767,51.3301],[7.5832,51.2959],[7.5689,51.2908],[7.5656,51.2813],[7.5489,51.2696],[7.5173,51.2649],[7.5029,51.2527],[7.5017,51.2451],[7.4879,51.2361],[7.4511,51.23],[7.4333,51.2144],[7.419,51.2008],[7.4202,51.1886],[7.4368,51.1801],[7.4381,51.1684],[7.4698,51.1551],[7.4741,51.1446],[7.5045,51.1177],[7.4962,51.1061],[7.5168,51.1007],[7.5825,51.1053],[7.6067,51.0968],[7.6006,51.0814],[7.6264,51.0685],[7.6869,51.0832],[7.7154,51.0728],[7.7493,51.0721],[7.7877,51.0795],[7.8106,51.0718],[7.8266,51.1068],[7.8189,51.109],[7.8366,51.1287],[7.8248,51.1304],[7.8049,51.1517],[7.8306,51.1632],[7.8595,51.1602],[7.8653,51.1665],[7.8955,51.1656],[7.9062,51.1811],[7.9141,51.1826],[7.936,51.174],[7.9413,51.1879],[7.928,51.2097],[7.9468,51.2196],[7.9498,51.2292],[7.9398,51.234],[7.9182,51.2452],[7.9223,51.2598],[7.9059,51.2735],[7.9155,51.2821],[7.9155,51.3035],[7.9304,51.325],[7.9315,51.334],[7.9066,51.3496],[7.9077,51.373],[7.8969,51.3864],[7.8891,51.4033],[7.8956,51.4139],[7.8902,51.4292],[7.8758,51.4508],[7.8638,51.4588],[7.853,51.4626],[7.8376,51.4785]]]}},{"type":"Feature","properties":{"code":"DE-05966","name":"Kreis Olpe","country":"DE","region":"Nordrhein-Westfalen"},"geometry":{"type":"Polygon","coordinates":[[[8.2388,51.1043],[8.2416,51.1121],[8.225,51.1152],[8.2203,51.1229],[8.1991,51.1254],[8.1884,51.1443],[8.1676,51.1473],[8.1518,51.1421],[8.131,51.1429],[8.1363,51.1534],[8.1476,51.1589],[8.1514,51.1733],[8.126,51.1909],[8.1132,51.194],[8.0999,51.2142],[8.1208,51.2292],[8.1142,51.2409],[8.0797,51.2403],[8.0623,51.2482],[8.04,51.2375],[8.0266,51.2451],[8.0071,51.2422],[7.9957,51.2347],[7.9693,51.2413],[7.9405,51.2397],[7.9398,51.234],[7.9498,51.2292],[7.9468,51.2196],[7.928,51.2097],[7.9413,51.1879],[7.936,51.174],[7.9141,51.1826],[7.9062,51.1811],[7.8955,51.1656],[7.8653,51.1665],[7.8595,51.1602],[7.8306,51.1632],[7.8049,51.1517],[7.8248,51.1304],[7.8366,51.1287],[7.8189,51.109],[7.8266,51.1068],[7.8106,51.0718],[7.7877,51.0795],[7.7493,51.0721],[7.7154,51.0728],[7.7059,51.0695],[7.7105,51.0534],[7.7309,51.0391],[7.7321,51.0214],[7.7242,51.0074],[7.7257,50.9981],[7.7383,50.9905],[7.7489,50.9778],[7.7803,50.98],[7.7843,50.9615],[7.792,50.9512],[7.7859,50.9399],[7.8088,50.9388],[7.8282,50.929],[7.8515,50.9258],[7.9123,50.9257],[7.9253,50.9338],[7.9203,50.9402],[7.9277,50.9493],[7.9226,50.9585],[7.9385,50.967],[7.9421,50.9857],[7.9331,50.9911],[7.9342,51.0035],[7.9569,51.0299],[7.9797,51.0338],[8.0023,51.0325],[8.0225,51.0425],[8.0212,51.0238],[8.0373,51.0159],[8.0382,51.0073],[8.0644,51.0067],[8.0809,51.0232],[8.1299,51.0233],[8.1331,51.0172],[8.1595,51.0125],[8.1937,51.0222],[8.2136,51.0214],[8.2209,51.0376],[8.2308,51.0483],[8.245,51.0556],[8.2459,51.0664],[8.232,51.0693],[8.2256,51.089],[8.2278,51.0998],[8.2388,51.1043]]]}},{"type":"Feature","properties":{"code":"DE-05970","name":"Kreis Siegen-Wittgenstein","country":"DE","region":"Nordrhein-Westfalen"},"geometry":{"type":"Polygon","coordinates":[[[8.5491,51.1019],[8.5456,51.1138],[8.5284,51.1155],[8.5048,51.1286],[8.4859,51.1495],[8.4447,51.1362],[8.4377,51.1425],[8.3959,51.1278],[8.3801,51.1113],[8.3403,51.0925],[8.3051,51.1008],[8.2809,51.1029],[8.2519,51.0996],[8.2388,51.1043],[8.2278,51.0998],[8.2256,51.089],[8.232,51.0693],[8.2459,51.0664],[8.245,51.0556],[8.2308,51.0483],[8.2209,51.0376],[8.2136,51.0214],[8.1937,51.0222],[8.1595,51.0125],[8.1331,51.0172],[8.1299,51.0233],[8.0809,51.0232],[8.0644,51.0067],[8.0382,51.0073],[8.0373,51.0159],[8.0212,51.0238],[8.0225,51.0425],[8.0023,51.0325],[7.9797,51.0338],[7.9569,51.0299],[7.9342,51.0035],[7.9331,50.9911],[7.9421,50.9857],[7.9385,50.967],[7.9226,50.9585],[7.9277,50.9493],[7.9203,50.9402],[7.9253,50.9338],[7.9123,50.9257],[7.8515,50.9258],[7.8332,50.9073],[7.8267,50.8908],[7.8293,50.8824],[7.8453,50.8784],[7.8825,50.8749],[7.9059,50.8481],[7.9186,50.8446],[7.9383,50.8484],[7.967,50.844],[7.9766,50.8249],[7.9673,50.7982],[7.9689,50.7739],[7.9873,50.7595],[8.0002,50.7551],[8.0246,50.7346],[8.0403,50.7257],[8.043,50.7117],[8.0397,50.6974],[8.0597,50.695],[8.0825,50.7029],[8.0992,50.7036],[8.1258,50.6858],[8.1313,50.6969],[8.1426,50.6954],[8.1509,50.7133],[8.1668,50.7357],[8.1518,50.7599],[8.1356,50.7672],[8.1255,50.7884],[8.1658,50.8035],[8.1889,50.8292],[8.2313,50.8506],[8.2331,50.8553],[8.2697,50.8819],[8.292,50.8821],[8.3055,50.8611],[8.3367,50.8657],[8.3555,50.862],[8.3692,50.8646],[8.3719,50.8743],[8.3856,50.8758],[8.388,50.8919],[8.4267,50.9125],[8.4564,50.9165],[8.4587,50.9211],[8.4493,50.9411],[8.4623,50.9497],[8.4597,50.9667],[8.4779,50.969],[8.4734,50.975],[8.4958,50.9881],[8.5014,50.9985],[8.5388,51.0194],[8.5166,51.0432],[8.5276,51.0629],[8.5062,51.0725],[8.5017,51.0795],[8.5491,51.1019]]]}},{"type":"Feature","properties":{"code":"DE-05974","name":"Kreis Soest","country":"DE","region":"Nordrhein-Westfalen"},"geometry":{"type":"Polygon","coordinates":[[[8.3201,51.7257],[8.3115,51.7196],[8.2959,51.695],[8.2954,51.6769],[8.2659,51.6636],[8.2258,51.662],[8.2193,51.6581],[8.1948,51.6615],[8.2047,51.6706],[8.1996,51.6833],[8.2117,51.6967],[8.1841,51.6938],[8.1652,51.7075],[8.149,51.7133],[8.1122,51.717],[8.1005,51.7031],[8.0725,51.7081],[8.0519,51.7169],[8.0287,51.717],[8.0107,51.7102],[7.998,51.7177],[7.9675,51.722],[7.9574,51.7133],[7.9575,51.7035],[7.9445,51.7006],[7.9761,51.6899],[7.9884,51.6787],[7.9535,51.6724],[7.9543,51.6609],[7.9444,51.6382],[7.9113,51.6137],[7.9158,51.602],[7.9057,51.5959],[7.8598,51.5915],[7.8272,51.5786],[7.8428,51.5527],[7.8325,51.5341],[7.8404,51.5287],[7.8303,51.5054],[7.8431,51.4936],[7.8496,51.481],[7.8376,51.4785],[7.853,51.4626],[7.8638,51.4588],[7.8774,51.4743],[7.9082,51.4902],[7.9188,51.4769],[7.9524,51.466],[7.9622,51.4717],[7.9917,51.4692],[8.0031,51.4747],[8.0191,51.46],[8.0457,51.4523],[8.0507,51.4476],[8.0786,51.4468],[8.1195,51.4491],[8.1264,51.4407],[8.1487,51.4389],[8.1576,51.442],[8.1772,51.4276],[8.204,51.4209],[8.2139,51.4082],[8.2361,51.4029],[8.2606,51.403],[8.2761,51.4068],[8.2985,51.3885],[8.341,51.3954],[8.37,51.3979],[8.3921,51.4082],[8.4184,51.4061],[8.4211,51.4103],[8.4611,51.4272],[8.4677,51.4393],[8.4912,51.4451],[8.536,51.4617],[8.5479,51.4678],[8.5203,51.4903],[8.5098,51.5246],[8.4923,51.5301],[8.4776,51.5479],[8.4744,51.5735],[8.5075,51.5867],[8.511,51.5941],[8.5376,51.6006],[8.5778,51.6187],[8.5768,51.6422],[8.5683,51.6584],[8.5489,51.6699],[8.53,51.6694],[8.5116,51.6794],[8.4792,51.6836],[8.4832,51.6949],[8.4744,51.6987],[8.476,51.7145],[8.4626,51.723],[8.4415,51.7172],[8.4031,51.7194],[8.3666,51.7184],[8.3503,51.7234],[8.3201,51.7257]]]}},{"type":"Feature","properties":{"code":"DE-05978","name":"Kreis Unna","country":"DE","region":"Nordrhein-Westfalen"},"geometry":{"type":"Polygon","coordinates":[[[7.7019,51.7124],[7.6872,51.7289],[7.6681,51.7229],[7.6546,51.7132],[7.6129,51.7157],[7.6057,51.7066],[7.5882,51.7004],[7.5678,51.6983],[7.5421,51.6847],[7.5181,51.7074],[7.5174,51.7214],[7.4791,51.72],[7.4728,51.7352],[7.4366,51.7231],[7.4238,51.7146],[7.4517,51.6898],[7.4464,51.6746],[7.4347,51.6683],[7.4113,51.6711],[7.4096,51.6646],[7.4407,51.661],[7.4438,51.6471],[7.4652,51.6302],[7.4561,51.6119],[7.4179,51.5995],[7.4205,51.5867],[7.4465,51.5812],[7.4899,51.5927],[7.5025,51.5813],[7.5285,51.5767],[7.5717,51.5855],[7.5974,51.5764],[7.6065,51.5678],[7.604,51.5536],[7.6251,51.5519],[7.6371,51.5231],[7.5966,51.5092],[7.5979,51.4972],[7.6085,51.4792],[7.5945,51.4692],[7.5712,51.475],[7.5426,51.4627],[7.5507,51.4558],[7.5361,51.4483],[7.5325,51.4383],[7.5117,51.4323],[7.5085,51.4179],[7.5325,51.4069],[7.5336,51.3953],[7.549,51.3987],[7.5758,51.3967],[7.5878,51.3904],[7.5972,51.3961],[7.6211,51.3925],[7.6319,51.4066],[7.6173,51.4199],[7.6291,51.4229],[7.6187,51.4501],[7.6346,51.4523],[7.6568,51.466],[7.6975,51.4739],[7.7473,51.4716],[7.7645,51.4681],[7.8376,51.4785],[7.8496,51.481],[7.8431,51.4936],[7.8303,51.5054],[7.8404,51.5287],[7.8325,51.5341],[7.8428,51.5527],[7.8272,51.5786],[7.8146,51.5893],[7.8109,51.6028],[7.8166,51.6083],[7.8111,51.621],[7.7873,51.6165],[7.7426,51.6255],[7.7216,51.6225],[7.7069,51.6119],[7.688,51.6137],[7.6776,51.6619],[7.6923,51.6631],[7.7273,51.6777],[7.701,51.6951],[7.7019,51.7124]]]}},{"type":"Feature","properties":{"code":"DE-06411","name":"Kreisfreie Stadt Darmstadt","country":"DE","region":"Hessen"},"geometry":{"type":"Polygon","coordinates":[[[8.6745,49.9515],[8.666,49.946],[8.6358,49.9444],[8.624,49.9325],[8.631,49.9103],[8.6296,49.896],[8.5993,49.8821],[8.5958,49.8635],[8.5899,49.8563],[8.56,49.8481],[8.5661,49.8313],[8.5956,49.838],[8.6115,49.8346],[8.6224,49.8107],[8.6298,49.8047],[8.6546,49.7965],[8.6778,49.8086],[8.6722,49.8224],[8.6741,49.8362],[8.7055,49.8515],[8.7169,49.8613],[8.7309,49.8654],[8.7271,49.8839],[8.7489,49.9006],[8.7405,49.9275],[8.7298,49.933],[8.7357,49.9443],[8.7257,49.9542],[8.6869,49.9484],[8.6745,49.9515]]]}},{"type":"Feature","properties":{"code":"DE-06412","name":"Kreisfreie Stadt Frankfurt am Main","country":"DE","region":"Hessen"},"geometry":{"type":"Polygon","coordinates":[[[8.7114,50.2263],[8.7015,50.2171],[8.6818,50.2126],[8.6689,50.217],[8.62,50.1883],[8.6087,50.1759],[8.592,50.1673],[8.5902,50.1595],[8.6008,50.1573],[8.5912,50.1406],[8.5305,50.1159],[8.5137,50.1219],[8.4961,50.1059],[8.481,50.1052],[8.4735,50.0985],[8.5017,50.0814],[8.5013,50.0757],[8.5207,50.0617],[8.5227,50.0763],[8.5389,50.0796],[8.553,50.0666],[8.5593,50.0489],[8.5411,50.0441],[8.5159,50.0327],[8.5188,50.0206],[8.5411,50.0243],[8.5696,50.0255],[8.5762,50.0156],[8.5913,50.0177],[8.5972,50.0424],[8.6081,50.0435],[8.6239,50.0545],[8.6421,50.0534],[8.7178,50.0624],[8.7346,50.0862],[8.7489,50.0943],[8.7419,50.104],[8.7448,50.1151],[8.775,50.1088],[8.7812,50.113],[8.7707,50.1261],[8.7806,50.1367],[8.7836,50.1584],[8.8001,50.1695],[8.7899,50.176],[8.7787,50.1802],[8.7387,50.1626],[8.7226,50.1635],[8.7092,50.176],[8.7056,50.1919],[8.7318,50.2065],[8.7311,50.2177],[8.7114,50.2263]]]}},{"type":"Feature","properties":{"code":"DE-06413","name":"Kreisfreie Stadt Offenbach am Main","country":"DE","region":"Hessen"},"geometry":{"type":"Polygon","coordinates":[[[8.7178,50.0624],[8.7493,50.0631],[8.7514,50.0537],[8.7636,50.047],[8.7794,50.0528],[8.7902,50.0695],[8.836,50.0708],[8.8433,50.0869],[8.8233,50.0916],[8.8139,50.1065],[8.818,50.1335],[8.7806,50.1367],[8.7707,50.1261],[8.7812,50.113],[8.775,50.1088],[8.7448,50.1151],[8.7419,50.104],[8.7489,50.0943],[8.7346,50.0862],[8.7178,50.0624]]]}},{"type":"Feature","properties":{"code":"DE-06414","name":"Kreisfreie Stadt Wiesbaden","country":"DE","region":"Hessen"},"geometry":{"type":"Polygon","coordinates":[[[8.3273,50.1457],[8.3218,50.1511],[8.304,50.1515],[8.2833,50.1473],[8.2758,50.1516],[8.2421,50.1482],[8.2386,50.1411],[8.2096,50.132],[8.1853,50.1211],[8.1817,50.1258],[8.16,50.1244],[8.132,50.1034],[8.1323,50.0814],[8.1227,50.0747],[8.1597,50.0531],[8.1751,50.0343],[8.19,50.0353],[8.2295,50.0314],[8.2446,50.0276],[8.2724,50.0103],[8.2882,49.9951],[8.3154,50.0017],[8.3306,50.0005],[8.3323,50.0264],[8.3802,50.0464],[8.3661,50.05],[8.355,50.062],[8.3651,50.0714],[8.3749,50.0675],[8.3859,50.0822],[8.3755,50.1026],[8.3627,50.0982],[8.3369,50.1282],[8.3169,50.1396],[8.3273,50.1457]]]}},{"type":"Feature","properties":{"code":"DE-06431","name":"Landkreis Bergstraße","country":"DE","region":"Hessen"},"geometry":{"type":"MultiPolygon","coordinates":[[[[8.8994,49.4845],[8.8765,49.4667],[8.8519,49.4836],[8.8263,49.4695],[8.8346,49.4504],[8.8305,49.4232],[8.8066,49.4192],[8.804,49.4039],[8.8224,49.3956],[8.8319,49.4082],[8.8473,49.3959],[8.8546,49.3966],[8.872,49.4118],[8.8885,49.4183],[8.9092,49.4379],[8.9247,49.4413],[8.9283,49.4495],[8.9503,49.455],[8.9319,49.4706],[8.9113,49.4851],[8.8994,49.4845]]],[[[8.7973,49.7383],[8.776,49.7253],[8.771,49.7289],[8.749,49.7225],[8.7341,49.7255],[8.7234,49.7403],[8.6911,49.7506],[8.6798,49.744],[8.6862,49.7305],[8.6736,49.7252],[8.6618,49.7288],[8.6365,49.7249],[8.6081,49.7338],[8.5894,49.728],[8.5593,49.7288],[8.5402,49.7175],[8.5255,49.7249],[8.4948,49.7229],[8.4714,49.7292],[8.458,49.7262],[8.4484,49.7337],[8.4464,49.7308],[8.4382,49.7223],[8.4193,49.7152],[8.375,49.7045],[8.3573,49.6921],[8.3565,49.678],[8.3696,49.6592],[8.3808,49.6293],[8.3929,49.6153],[8.4105,49.6034],[8.4148,49.5951],[8.4224,49.5834],[8.4405,49.5894],[8.4643,49.5895],[8.4799,49.5786],[8.495,49.573],[8.5263,49.548],[8.5416,49.5286],[8.5669,49.5191],[8.5814,49.5198],[8.6069,49.5335],[8.6213,49.545],[8.6112,49.5634],[8.6032,49.5933],[8.5893,49.6045],[8.5939,49.6109],[8.6794,49.6257],[8.6923,49.6205],[8.6821,49.6035],[8.698,49.5998],[8.6835,49.5898],[8.6843,49.5702],[8.6911,49.5561],[8.7101,49.5322],[8.7246,49.5259],[8.7918,49.5143],[8.8114,49.5268],[8.8187,49.5212],[8.8182,49.5044],[8.8339,49.4907],[8.8485,49.5022],[8.886,49.5058],[8.8996,49.5037],[8.9109,49.5231],[8.8917,49.532],[8.8888,49.5525],[8.8809,49.5697],[8.8874,49.5772],[8.8762,49.6143],[8.8847,49.622],[8.8779,49.6355],[8.8642,49.6421],[8.8845,49.6594],[8.8621,49.6555],[8.8534,49.661],[8.835,49.6634],[8.8315,49.6732],[8.7946,49.6848],[8.8007,49.709],[8.7863,49.7251],[8.7973,49.7383]]]]}},{"type":"Feature","properties":{"code":"DE-06432","name":"Landkreis Darmstadt-Dieburg","country":"DE","region":"Hessen"},"geometry":{"type":"Polygon","coordinates":[[[9.0161,49.9913],[9.0002,49.9958],[8.9825,49.9948],[8.9444,49.9978],[8.8997,49.9662],[8.877,49.9659],[8.8543,49.9606],[8.8313,49.9502],[8.8171,49.95],[8.7809,49.9592],[8.7707,49.9519],[8.7553,49.9492],[8.7417,49.9579],[8.7257,49.9542],[8.7357,49.9443],[8.7298,49.933],[8.7405,49.9275],[8.7489,49.9006],[8.7271,49.8839],[8.7309,49.8654],[8.7169,49.8613],[8.7055,49.8515],[8.6741,49.8362],[8.6722,49.8224],[8.6778,49.8086],[8.6546,49.7965],[8.6298,49.8047],[8.6224,49.8107],[8.6115,49.8346],[8.5956,49.838],[8.5661,49.8313],[8.56,49.8481],[8.5899,49.8563],[8.5958,49.8635],[8.5993,49.8821],[8.6296,49.896],[8.631,49.9103],[8.624,49.9325],[8.6358,49.9444],[8.666,49.946],[8.6745,49.9515],[8.6587,49.9521],[8.6201,49.9655],[8.6026,49.965],[8.5973,49.9569],[8.5827,49.9557],[8.5843,49.9447],[8.5661,49.9429],[8.5709,49.9225],[8.5503,49.9207],[8.5509,49.9058],[8.5598,49.8997],[8.5647,49.8825],[8.5212,49.8717],[8.536,49.8384],[8.5495,49.8222],[8.5481,49.8009],[8.5366,49.7957],[8.5364,49.7787],[8.549,49.7772],[8.547,49.7669],[8.5547,49.7604],[8.5593,49.7288],[8.5894,49.728],[8.6081,49.7338],[8.6365,49.7249],[8.6618,49.7288],[8.6736,49.7252],[8.6862,49.7305],[8.6798,49.744],[8.6911,49.7506],[8.7234,49.7403],[8.7341,49.7255],[8.749,49.7225],[8.771,49.7289],[8.776,49.7253],[8.7973,49.7383],[8.8136,49.7408],[8.8416,49.7692],[8.8546,49.79],[8.8745,49.7884],[8.8945,49.7917],[8.9175,49.7872],[8.9264,49.7993],[8.9697,49.798],[8.9655,49.8061],[8.9739,49.8196],[8.9908,49.8202],[9.0126,49.835],[9.005,49.8557],[9.0362,49.851],[9.0361,49.8465],[9.0501,49.8663],[9.0372,49.8793],[9.0319,49.9094],[9.0323,49.9247],[9.0259,49.9387],[9.0264,49.9551],[9.0161,49.9913]]]}},{"type":"Feature","properties":{"code":"DE-06433","name":"Landkreis Groß-Gerau","country":"DE","region":"Hessen"},"geometry":{"type":"Polygon","coordinates":[[[8.5913,50.0177],[8.5762,50.0156],[8.5696,50.0255],[8.5411,50.0243],[8.5188,50.0206],[8.5159,50.0327],[8.5411,50.0441],[8.5593,50.0489],[8.553,50.0666],[8.5389,50.0796],[8.5227,50.0763],[8.5207,50.0617],[8.5061,50.0517],[8.4812,50.0431],[8.4654,50.0252],[8.4289,50.0096],[8.4122,49.9981],[8.4022,49.9965],[8.3646,50.0023],[8.3306,50.0005],[8.3154,50.0017],[8.2882,49.9951],[8.3223,49.9736],[8.3422,49.949],[8.343,49.9405],[8.3534,49.92],[8.3524,49.9059],[8.3426,49.8886],[8.3465,49.8748],[8.3575,49.8649],[8.38,49.859],[8.3854,49.8509],[8.3784,49.8333],[8.3826,49.819],[8.4001,49.8037],[8.4121,49.7867],[8.4149,49.7758],[8.4241,49.7679],[8.4431,49.7657],[8.4666,49.7692],[8.4786,49.7652],[8.4774,49.7572],[8.4542,49.741],[8.4484,49.7337],[8.458,49.7262],[8.4714,49.7292],[8.4948,49.7229],[8.5255,49.7249],[8.5402,49.7175],[8.5593,49.7288],[8.5547,49.7604],[8.547,49.7669],[8.549,49.7772],[8.5364,49.7787],[8.5366,49.7957],[8.5481,49.8009],[8.5495,49.8222],[8.536,49.8384],[8.5212,49.8717],[8.5647,49.8825],[8.5598,49.8997],[8.5509,49.9058],[8.5503,49.9207],[8.5709,49.9225],[8.5661,49.9429],[8.5843,49.9447],[8.5827,49.9557],[8.5973,49.9569],[8.6026,49.965],[8.6201,49.9655],[8.6284,49.9759],[8.6078,49.9963],[8.6035,50.0132],[8.5913,50.0177]]]}},{"type":"Feature","properties":{"code":"DE-06434","name":"Landkreis Hochtaunuskreis","country":"DE","region":"Hessen"},"geometry":{"type":"Polygon","coordinates":[[[8.5141,50.3994],[8.4959,50.3958],[8.4879,50.4039],[8.4742,50.407],[8.4672,50.415],[8.4582,50.415],[8.4089,50.4006],[8.392,50.4046],[8.3883,50.3857],[8.3615,50.3798],[8.3462,50.3658],[8.3444,50.3563],[8.3314,50.3452],[8.3152,50.3404],[8.3263,50.3292],[8.3416,50.3286],[8.362,50.3086],[8.3424,50.3065],[8.3412,50.299],[8.3546,50.2942],[8.3715,50.2958],[8.3937,50.2731],[8.4085,50.2685],[8.4065,50.251],[8.3907,50.2396],[8.4073,50.2229],[8.3603,50.2149],[8.354,50.2015],[8.3667,50.2023],[8.3677,50.1905],[8.4046,50.1812],[8.4227,50.188],[8.4414,50.1758],[8.4523,50.1637],[8.4756,50.1728],[8.4868,50.1657],[8.5101,50.1599],[8.5448,50.1747],[8.5606,50.1666],[8.5714,50.1555],[8.5902,50.1595],[8.592,50.1673],[8.6087,50.1759],[8.62,50.1883],[8.6689,50.217],[8.6818,50.2126],[8.7015,50.2171],[8.7114,50.2263],[8.6842,50.2382],[8.6902,50.2532],[8.6607,50.2677],[8.6577,50.281],[8.5923,50.2904],[8.6161,50.2966],[8.6332,50.3106],[8.6392,50.3236],[8.6198,50.3508],[8.6073,50.3529],[8.5998,50.369],[8.5615,50.3758],[8.5451,50.3695],[8.5361,50.3916],[8.5141,50.3994]]]}},{"type":"Feature","properties":{"code":"DE-06435","name":"Landkreis Main-Kinzig-Kreis","country":"DE","region":"Hessen"},"geometry":{"type":"Polygon","coordinates":[[[9.4791,50.4407],[9.4446,50.4284],[9.4343,50.4071],[9.4121,50.4044],[9.3973,50.3899],[9.3649,50.3941],[9.34,50.4008],[9.3485,50.4069],[9.357,50.427],[9.3538,50.4361],[9.336,50.4519],[9.3167,50.4542],[9.2975,50.4634],[9.2867,50.4373],[9.2904,50.4218],[9.2663,50.4108],[9.2517,50.3749],[9.2728,50.3717],[9.2588,50.3561],[9.254,50.343],[9.258,50.3332],[9.2406,50.3299],[9.2255,50.3324],[9.2053,50.3168],[9.2164,50.3086],[9.2061,50.2914],[9.2084,50.2857],[9.1831,50.2826],[9.1598,50.2645],[9.1638,50.2551],[9.15,50.2477],[9.1211,50.251],[9.0925,50.2447],[9.0664,50.2431],[9.0397,50.2481],[9.0349,50.2388],[9.0155,50.2342],[8.9954,50.2536],[8.9875,50.246],[8.974,50.2437],[8.9433,50.266],[8.9267,50.2634],[8.9212,50.2716],[8.9046,50.277],[8.8825,50.2734],[8.8677,50.2811],[8.8465,50.2747],[8.8556,50.2509],[8.8287,50.235],[8.8102,50.2373],[8.8221,50.2055],[8.8138,50.1963],[8.7908,50.1968],[8.7899,50.176],[8.8001,50.1695],[8.7836,50.1584],[8.7806,50.1367],[8.818,50.1335],[8.8596,50.1262],[8.8866,50.1249],[8.8742,50.0952],[8.8849,50.08],[8.9089,50.0753],[8.9135,50.0855],[8.9348,50.0861],[8.9547,50.0791],[8.9854,50.0763],[8.9906,50.0671],[8.9993,50.0694],[8.9974,50.0916],[9.0183,50.1116],[9.0467,50.1159],[9.0893,50.1168],[9.0982,50.1264],[9.1215,50.1261],[9.145,50.1141],[9.1564,50.112],[9.1434,50.097],[9.153,50.0927],[9.1723,50.1131],[9.1746,50.1195],[9.1917,50.1283],[9.1833,50.1379],[9.236,50.1463],[9.2604,50.1385],[9.2859,50.1417],[9.3076,50.1334],[9.3274,50.1411],[9.3416,50.1313],[9.3736,50.131],[9.3945,50.0975],[9.405,50.0877],[9.4131,50.0841],[9.4359,50.085],[9.5127,50.0994],[9.5193,50.114],[9.51,50.1316],[9.5076,50.1456],[9.5218,50.15],[9.5312,50.1608],[9.5282,50.1681],[9.5051,50.1693],[9.4981,50.1755],[9.5015,50.193],[9.5156,50.1953],[9.4948,50.2267],[9.5027,50.2432],[9.5183,50.2335],[9.5335,50.2345],[9.542,50.2243],[9.5763,50.2324],[9.5804,50.2236],[9.6044,50.2219],[9.6232,50.229],[9.6358,50.2352],[9.6537,50.2323],[9.6682,50.2394],[9.639,50.2484],[9.6484,50.2655],[9.6831,50.2786],[9.7034,50.2808],[9.7132,50.2917],[9.73,50.2962],[9.7475,50.3135],[9.7444,50.3284],[9.7474,50.3412],[9.7329,50.3561],[9.7225,50.3601],[9.6907,50.3608],[9.6834,50.3689],[9.6636,50.3756],[9.632,50.3825],[9.6129,50.3937],[9.5557,50.3816],[9.5331,50.3944],[9.5204,50.3977],[9.4873,50.414],[9.4849,50.4356],[9.4791,50.4407]]]}},{"type":"Feature","properties":{"code":"DE-06436","name":"Landkreis Main-Taunus-Kreis","country":"DE","region":"Hessen"},"geometry":{"type":"Polygon","coordinates":[[[8.5902,50.1595],[8.5714,50.1555],[8.5606,50.1666],[8.5448,50.1747],[8.5101,50.1599],[8.4868,50.1657],[8.4756,50.1728],[8.4523,50.1637],[8.4414,50.1758],[8.4227,50.188],[8.4046,50.1812],[8.3677,50.1905],[8.3667,50.2023],[8.354,50.2015],[8.3522,50.1822],[8.3446,50.1763],[8.3609,50.1694],[8.3645,50.1576],[8.347,50.1607],[8.3273,50.1457],[8.3169,50.1396],[8.3369,50.1282],[8.3627,50.0982],[8.3755,50.1026],[8.3859,50.0822],[8.3749,50.0675],[8.3651,50.0714],[8.355,50.062],[8.3661,50.05],[8.3802,50.0464],[8.3323,50.0264],[8.3306,50.0005],[8.3646,50.0023],[8.4022,49.9965],[8.4122,49.9981],[8.4289,50.0096],[8.4654,50.0252],[8.4812,50.0431],[8.5061,50.0517],[8.5207,50.0617],[8.5013,50.0757],[8.5017,50.0814],[8.4735,50.0985],[8.481,50.1052],[8.4961,50.1059],[8.5137,50.1219],[8.5305,50.1159],[8.5912,50.1406],[8.6008,50.1573],[8.5902,50.1595]]]}},{"type":"Feature","properties":{"code":"DE-06437","name":"Landkreis Odenwaldkreis","country":"DE","region":"Hessen"},"geometry":{"type":"Polygon","coordinates":[[[9.0361,49.8465],[9.0362,49.851],[9.005,49.8557],[9.0126,49.835],[8.9908,49.8202],[8.9739,49.8196],[8.9655,49.8061],[8.9697,49.798],[8.9264,49.7993],[8.9175,49.7872],[8.8945,49.7917],[8.8745,49.7884],[8.8546,49.79],[8.8416,49.7692],[8.8136,49.7408],[8.7973,49.7383],[8.7863,49.7251],[8.8007,49.709],[8.7946,49.6848],[8.8315,49.6732],[8.835,49.6634],[8.8534,49.661],[8.8621,49.6555],[8.8845,49.6594],[8.8642,49.6421],[8.8779,49.6355],[8.8847,49.622],[8.8762,49.6143],[8.8874,49.5772],[8.8809,49.5697],[8.8888,49.5525],[8.8917,49.532],[8.9109,49.5231],[8.8996,49.5037],[8.8994,49.4845],[8.9113,49.4851],[8.9319,49.4706],[8.9435,49.4858],[8.9635,49.5015],[8.9876,49.5057],[9.0122,49.5027],[9.016,49.4978],[9.0408,49.4991],[9.0494,49.5183],[9.065,49.5296],[9.0839,49.5263],[9.0996,49.5262],[9.1076,49.5099],[9.1265,49.5216],[9.115,49.5339],[9.0932,49.5419],[9.0882,49.5487],[9.0826,49.5618],[9.0989,49.5606],[9.103,49.5775],[9.083,49.602],[9.0661,49.604],[9.0659,49.6197],[9.102,49.6422],[9.1034,49.6604],[9.0889,49.669],[9.0881,49.6896],[9.0942,49.6959],[9.1191,49.698],[9.1281,49.703],[9.1225,49.712],[9.1352,49.7177],[9.1483,49.7433],[9.1243,49.756],[9.1069,49.7587],[9.1134,49.7737],[9.1345,49.7833],[9.1289,49.7958],[9.1081,49.798],[9.0909,49.7907],[9.0868,49.8054],[9.077,49.8182],[9.0867,49.8264],[9.081,49.8383],[9.064,49.8318],[9.0414,49.8401],[9.0361,49.8465]]]}},{"type":"Feature","properties":{"code":"DE-06438","name":"Landkreis Offenbach","country":"DE","region":"Hessen"},"geometry":{"type":"Polygon","coordinates":[[[8.9906,50.0671],[8.9854,50.0763],[8.9547,50.0791],[8.9348,50.0861],[8.9135,50.0855],[8.9089,50.0753],[8.8849,50.08],[8.8742,50.0952],[8.8866,50.1249],[8.8596,50.1262],[8.818,50.1335],[8.8139,50.1065],[8.8233,50.0916],[8.8433,50.0869],[8.836,50.0708],[8.7902,50.0695],[8.7794,50.0528],[8.7636,50.047],[8.7514,50.0537],[8.7493,50.0631],[8.7178,50.0624],[8.6421,50.0534],[8.6239,50.0545],[8.6081,50.0435],[8.5972,50.0424],[8.5913,50.0177],[8.6035,50.0132],[8.6078,49.9963],[8.6284,49.9759],[8.6201,49.9655],[8.6587,49.9521],[8.6745,49.9515],[8.6869,49.9484],[8.7257,49.9542],[8.7417,49.9579],[8.7553,49.9492],[8.7707,49.9519],[8.7809,49.9592],[8.8171,49.95],[8.8313,49.9502],[8.8543,49.9606],[8.877,49.9659],[8.8997,49.9662],[8.9444,49.9978],[8.9825,49.9948],[9.0002,49.9958],[9.0161,49.9913],[9.0461,49.99],[9.0355,50.0018],[9.0398,50.0104],[9.031,50.0201],[9.0313,50.0396],[9.0134,50.0456],[8.9888,50.0416],[8.9759,50.0488],[8.9906,50.0671]]]}},{"type":"Feature","properties":{"code":"DE-06439","name":"Landkreis Rheingau-Taunus-Kreis","country":"DE","region":"Hessen"},"geometry":{"type":"Polygon","coordinates":[[[8.354,50.2015],[8.3603,50.2149],[8.4073,50.2229],[8.3907,50.2396],[8.4065,50.251],[8.4085,50.2685],[8.3937,50.2731],[8.3715,50.2958],[8.3546,50.2942],[8.3454,50.284],[8.3284,50.2839],[8.3157,50.272],[8.3016,50.271],[8.2899,50.2785],[8.2774,50.276],[8.2559,50.2641],[8.2315,50.275],[8.2213,50.2916],[8.1986,50.2886],[8.1656,50.2777],[8.1303,50.2808],[8.1219,50.2772],[8.1068,50.2609],[8.0747,50.2672],[8.0721,50.2732],[8.0359,50.2712],[8.0256,50.2617],[8.0385,50.2462],[8.0561,50.2338],[8.0329,50.2208],[8.0161,50.2172],[8.0056,50.2273],[7.9925,50.2323],[7.9713,50.2225],[7.9531,50.2204],[7.9516,50.2143],[7.9208,50.208],[7.9125,50.1955],[7.8828,50.1813],[7.884,50.1696],[7.9082,50.1563],[7.928,50.1414],[7.9229,50.135],[7.9246,50.1127],[7.9007,50.1223],[7.8847,50.1144],[7.8654,50.1209],[7.86,50.1276],[7.8449,50.1235],[7.8431,50.1117],[7.8313,50.0995],[7.8392,50.0875],[7.8168,50.0807],[7.8035,50.0846],[7.7822,50.0666],[7.774,50.0665],[7.7734,50.0569],[7.7922,50.0442],[7.8059,50.0393],[7.8279,50.0228],[7.8572,50.0082],[7.8644,49.9827],[7.8873,49.9718],[7.9366,49.9738],[7.9713,49.9787],[8.0364,50.0023],[8.0725,50.0059],[8.0932,50.0107],[8.1114,50.0189],[8.1751,50.0343],[8.1597,50.0531],[8.1227,50.0747],[8.1323,50.0814],[8.132,50.1034],[8.16,50.1244],[8.1817,50.1258],[8.1853,50.1211],[8.2096,50.132],[8.2386,50.1411],[8.2421,50.1482],[8.2758,50.1516],[8.2833,50.1473],[8.304,50.1515],[8.3218,50.1511],[8.3273,50.1457],[8.347,50.1607],[8.3645,50.1576],[8.3609,50.1694],[8.3446,50.1763],[8.3522,50.1822],[8.354,50.2015]]]}},{"type":"Feature","properties":{"code":"DE-06440","name":"Landkreis Wetteraukreis","country":"DE","region":"Hessen"},"geometry":{"type":"Polygon","coordinates":[[[9.2867,50.4373],[9.2655,50.4448],[9.2595,50.4634],[9.2277,50.4592],[9.1903,50.4438],[9.1725,50.445],[9.1314,50.4354],[9.1077,50.4347],[9.0874,50.4383],[9.0959,50.4458],[9.0944,50.4574],[9.0703,50.4563],[9.0587,50.4712],[9.0614,50.485],[9.0772,50.4954],[9.0577,50.5],[9.0424,50.498],[8.9917,50.4941],[8.9832,50.4889],[8.9875,50.4795],[8.9802,50.4708],[8.9889,50.4641],[8.9878,50.4539],[8.9638,50.4498],[8.9635,50.4404],[8.947,50.4328],[8.9071,50.4381],[8.9004,50.4271],[8.8872,50.4277],[8.8623,50.4466],[8.8528,50.4321],[8.8114,50.436],[8.7992,50.4424],[8.7952,50.4524],[8.8058,50.4582],[8.7824,50.4786],[8.7682,50.4706],[8.7556,50.4708],[8.7396,50.4785],[8.7121,50.4747],[8.6854,50.4831],[8.649,50.4833],[8.6323,50.4767],[8.6267,50.4647],[8.6126,50.4658],[8.6023,50.4577],[8.5745,50.4454],[8.6022,50.4315],[8.5972,50.4179],[8.5775,50.415],[8.539,50.4167],[8.5141,50.3994],[8.5361,50.3916],[8.5451,50.3695],[8.5615,50.3758],[8.5998,50.369],[8.6073,50.3529],[8.6198,50.3508],[8.6392,50.3236],[8.6332,50.3106],[8.6161,50.2966],[8.5923,50.2904],[8.6577,50.281],[8.6607,50.2677],[8.6902,50.2532],[8.6842,50.2382],[8.7114,50.2263],[8.7311,50.2177],[8.7318,50.2065],[8.7056,50.1919],[8.7092,50.176],[8.7226,50.1635],[8.7387,50.1626],[8.7787,50.1802],[8.7899,50.176],[8.7908,50.1968],[8.8138,50.1963],[8.8221,50.2055],[8.8102,50.2373],[8.8287,50.235],[8.8556,50.2509],[8.8465,50.2747],[8.8677,50.2811],[8.8825,50.2734],[8.9046,50.277],[8.9212,50.2716],[8.9267,50.2634],[8.9433,50.266],[8.974,50.2437],[8.9875,50.246],[8.9954,50.2536],[9.0155,50.2342],[9.0349,50.2388],[9.0397,50.2481],[9.0664,50.2431],[9.0925,50.2447],[9.1211,50.251],[9.15,50.2477],[9.1638,50.2551],[9.1598,50.2645],[9.1831,50.2826],[9.2084,50.2857],[9.2061,50.2914],[9.2164,50.3086],[9.2053,50.3168],[9.2255,50.3324],[9.2406,50.3299],[9.258,50.3332],[9.254,50.343],[9.2588,50.3561],[9.2728,50.3717],[9.2517,50.3749],[9.2663,50.4108],[9.2904,50.4218],[9.2867,50.4373]]]}},{"type":"Feature","properties":{"code":"DE-06531","name":"Landkreis Gießen","country":"DE","region":"Hessen"},"geometry":{"type":"Polygon","coordinates":[[[9.0424,50.498],[9.0748,50.5172],[9.0937,50.517],[9.1139,50.5397],[9.1277,50.5409],[9.1302,50.5574],[9.119,50.5648],[9.0926,50.5683],[9.0774,50.5663],[9.0624,50.5823],[9.0592,50.5944],[9.0401,50.6016],[9.0025,50.602],[9.0098,50.6115],[9.0059,50.6242],[8.9881,50.6256],[8.962,50.6322],[8.9582,50.6413],[8.9438,50.6485],[8.9716,50.6609],[8.9712,50.6777],[8.9609,50.6829],[8.9489,50.6992],[8.9392,50.7058],[8.9184,50.7056],[8.9152,50.6961],[8.8969,50.6886],[8.8708,50.6959],[8.8405,50.7078],[8.8042,50.7008],[8.8043,50.6917],[8.788,50.6928],[8.7776,50.6876],[8.7661,50.6965],[8.742,50.6818],[8.7051,50.6835],[8.6741,50.6922],[8.6702,50.6993],[8.6503,50.7034],[8.6401,50.6964],[8.6356,50.6853],[8.6233,50.6753],[8.5914,50.6762],[8.5931,50.6823],[8.5732,50.6993],[8.5525,50.684],[8.5481,50.6642],[8.5273,50.6506],[8.5218,50.6268],[8.565,50.6163],[8.5968,50.5964],[8.6078,50.5813],[8.6057,50.5714],[8.6157,50.5618],[8.6007,50.5499],[8.5767,50.5399],[8.5736,50.5338],[8.5899,50.5271],[8.6193,50.5251],[8.6475,50.5204],[8.6503,50.5129],[8.6333,50.5104],[8.6319,50.4998],[8.5955,50.5023],[8.5735,50.4926],[8.553,50.4729],[8.5295,50.4667],[8.5449,50.434],[8.5458,50.4188],[8.5579,50.4223],[8.5775,50.415],[8.5972,50.4179],[8.6022,50.4315],[8.5745,50.4454],[8.6023,50.4577],[8.6126,50.4658],[8.6267,50.4647],[8.6323,50.4767],[8.649,50.4833],[8.6854,50.4831],[8.7121,50.4747],[8.7396,50.4785],[8.7556,50.4708],[8.7682,50.4706],[8.7824,50.4786],[8.8058,50.4582],[8.7952,50.4524],[8.7992,50.4424],[8.8114,50.436],[8.8528,50.4321],[8.8623,50.4466],[8.8872,50.4277],[8.9004,50.4271],[8.9071,50.4381],[8.947,50.4328],[8.9635,50.4404],[8.9638,50.4498],[8.9878,50.4539],[8.9889,50.4641],[8.9802,50.4708],[8.9875,50.4795],[8.9832,50.4889],[8.9917,50.4941],[9.0424,50.498]]]}},{"type":"Feature","properties":{"code":"DE-06532","name":"Landkreis Lahn-Dill-Kreis","country":"DE","region":"Hessen"},"geometry":{"type":"Polygon","coordinates":[[[8.3555,50.862],[8.3367,50.8657],[8.3055,50.8611],[8.292,50.8821],[8.2697,50.8819],[8.2331,50.8553],[8.2313,50.8506],[8.1889,50.8292],[8.1658,50.8035],[8.1255,50.7884],[8.1356,50.7672],[8.1518,50.7599],[8.1668,50.7357],[8.1509,50.7133],[8.1426,50.6954],[8.1313,50.6969],[8.1258,50.6858],[8.1102,50.6709],[8.1101,50.6573],[8.1403,50.6317],[8.1377,50.6182],[8.128,50.6077],[8.1516,50.5994],[8.1643,50.5769],[8.1866,50.5734],[8.2064,50.5637],[8.2136,50.5762],[8.2275,50.5857],[8.2383,50.5783],[8.258,50.5742],[8.262,50.5605],[8.2823,50.5352],[8.3085,50.5263],[8.314,50.5167],[8.3342,50.5104],[8.3572,50.5093],[8.3619,50.485],[8.3823,50.4696],[8.393,50.4569],[8.4146,50.4564],[8.4256,50.4717],[8.4398,50.4697],[8.4233,50.4522],[8.4327,50.4345],[8.4433,50.4276],[8.4661,50.4202],[8.4672,50.415],[8.4742,50.407],[8.4879,50.4039],[8.4959,50.3958],[8.5141,50.3994],[8.539,50.4167],[8.5775,50.415],[8.5579,50.4223],[8.5458,50.4188],[8.5449,50.434],[8.5295,50.4667],[8.553,50.4729],[8.5735,50.4926],[8.5955,50.5023],[8.6319,50.4998],[8.6333,50.5104],[8.6503,50.5129],[8.6475,50.5204],[8.6193,50.5251],[8.5899,50.5271],[8.5736,50.5338],[8.5767,50.5399],[8.6007,50.5499],[8.6157,50.5618],[8.6057,50.5714],[8.6078,50.5813],[8.5968,50.5964],[8.565,50.6163],[8.5218,50.6268],[8.5273,50.6506],[8.5481,50.6642],[8.5525,50.684],[8.5732,50.6993],[8.5516,50.7076],[8.5404,50.7242],[8.5207,50.7348],[8.4984,50.738],[8.4721,50.7249],[8.455,50.722],[8.4438,50.7317],[8.4396,50.7575],[8.4339,50.7615],[8.4593,50.7852],[8.452,50.7946],[8.4317,50.7916],[8.4003,50.7933],[8.3938,50.8091],[8.3954,50.8317],[8.4028,50.8373],[8.3991,50.8476],[8.3555,50.862]]]}},{"type":"Feature","properties":{"code":"DE-06533","name":"Landkreis Limburg-Weilburg","country":"DE","region":"Hessen"},"geometry":{"type":"Polygon","coordinates":[[[8.4672,50.415],[8.4661,50.4202],[8.4433,50.4276],[8.4327,50.4345],[8.4233,50.4522],[8.4398,50.4697],[8.4256,50.4717],[8.4146,50.4564],[8.393,50.4569],[8.3823,50.4696],[8.3619,50.485],[8.3572,50.5093],[8.3342,50.5104],[8.314,50.5167],[8.3085,50.5263],[8.2823,50.5352],[8.262,50.5605],[8.258,50.5742],[8.2383,50.5783],[8.2275,50.5857],[8.2136,50.5762],[8.2064,50.5637],[8.1866,50.5734],[8.1643,50.5769],[8.1516,50.5994],[8.1471,50.5821],[8.1319,50.557],[8.1112,50.5437],[8.115,50.5358],[8.0705,50.538],[8.0664,50.5489],[8.0429,50.5538],[8.0091,50.5295],[7.9929,50.5221],[7.9847,50.5096],[7.99,50.4986],[7.9812,50.4937],[7.9877,50.4727],[8.0108,50.4527],[7.9906,50.4439],[7.9828,50.436],[7.9878,50.4279],[7.9716,50.4062],[7.9824,50.4081],[7.9907,50.3995],[8.021,50.3987],[8.0224,50.3822],[8.0379,50.3825],[8.0659,50.3672],[8.0772,50.3404],[8.0727,50.3343],[8.1072,50.3216],[8.1024,50.3098],[8.1206,50.2959],[8.1219,50.2772],[8.1303,50.2808],[8.1656,50.2777],[8.1986,50.2886],[8.2213,50.2916],[8.2315,50.275],[8.2559,50.2641],[8.2774,50.276],[8.2899,50.2785],[8.3016,50.271],[8.3157,50.272],[8.3284,50.2839],[8.3454,50.284],[8.3546,50.2942],[8.3412,50.299],[8.3424,50.3065],[8.362,50.3086],[8.3416,50.3286],[8.3263,50.3292],[8.3152,50.3404],[8.3314,50.3452],[8.3444,50.3563],[8.3462,50.3658],[8.3615,50.3798],[8.3883,50.3857],[8.392,50.4046],[8.4089,50.4006],[8.4582,50.415],[8.4672,50.415]]]}},{"type":"Feature","properties":{"code":"DE-06534","name":"Landkreis Marburg-Biedenkopf","country":"DE","region":"Hessen"},"geometry":{"type":"Polygon","coordinates":[[[8.9746,50.9383],[8.9674,50.9456],[8.9482,50.9517],[8.9396,50.9654],[8.909,50.9692],[8.9172,50.9602],[8.9019,50.9534],[8.8582,50.9581],[8.8496,50.9643],[8.8304,50.9581],[8.7833,50.9569],[8.766,50.9786],[8.7352,50.9654],[8.7068,50.9832],[8.6731,50.9967],[8.6604,50.9836],[8.6563,50.9716],[8.6363,50.9614],[8.6065,50.9545],[8.5973,50.9493],[8.5688,50.9503],[8.562,50.9562],[8.5353,50.9539],[8.5119,50.9564],[8.4779,50.969],[8.4597,50.9667],[8.4623,50.9497],[8.4493,50.9411],[8.4587,50.9211],[8.4564,50.9165],[8.4267,50.9125],[8.388,50.8919],[8.3856,50.8758],[8.3719,50.8743],[8.3692,50.8646],[8.3555,50.862],[8.3991,50.8476],[8.4028,50.8373],[8.3954,50.8317],[8.3938,50.8091],[8.4003,50.7933],[8.4317,50.7916],[8.452,50.7946],[8.4593,50.7852],[8.4339,50.7615],[8.4396,50.7575],[8.4438,50.7317],[8.455,50.722],[8.4721,50.7249],[8.4984,50.738],[8.5207,50.7348],[8.5404,50.7242],[8.5516,50.7076],[8.5732,50.6993],[8.5931,50.6823],[8.5914,50.6762],[8.6233,50.6753],[8.6356,50.6853],[8.6401,50.6964],[8.6503,50.7034],[8.6702,50.6993],[8.6741,50.6922],[8.7051,50.6835],[8.742,50.6818],[8.7661,50.6965],[8.7776,50.6876],[8.788,50.6928],[8.8043,50.6917],[8.8042,50.7008],[8.8405,50.7078],[8.8708,50.6959],[8.8969,50.6886],[8.9152,50.6961],[8.9184,50.7056],[8.9045,50.7196],[8.923,50.7258],[8.946,50.7399],[8.955,50.7514],[8.9764,50.7624],[8.9948,50.7626],[9.0153,50.7711],[9.0156,50.786],[9.0236,50.7944],[9.0573,50.798],[9.0699,50.8067],[9.0928,50.8074],[9.1035,50.828],[9.1214,50.8318],[9.14,50.8302],[9.1489,50.8366],[9.1516,50.8473],[9.1416,50.8522],[9.1418,50.8619],[9.1303,50.8682],[9.1225,50.8804],[9.1093,50.8866],[9.1304,50.8995],[9.11,50.919],[9.0904,50.9131],[9.0459,50.9206],[9.0399,50.9088],[9.0271,50.9028],[9.0119,50.9105],[9.0103,50.926],[8.9847,50.9285],[8.9746,50.9383]]]}},{"type":"Feature","properties":{"code":"DE-06535","name":"Landkreis Vogelsbergkreis","country":"DE","region":"Hessen"},"geometry":{"type":"Polygon","coordinates":[[[9.4411,50.7956],[9.4225,50.7886],[9.4111,50.7907],[9.4012,50.778],[9.391,50.7728],[9.3782,50.7769],[9.3741,50.7889],[9.3637,50.7999],[9.3368,50.7965],[9.2986,50.8063],[9.2687,50.8005],[9.2637,50.8156],[9.2367,50.8198],[9.2322,50.8265],[9.2096,50.8223],[9.1838,50.8315],[9.1489,50.8366],[9.14,50.8302],[9.1214,50.8318],[9.1035,50.828],[9.0928,50.8074],[9.0699,50.8067],[9.0573,50.798],[9.0236,50.7944],[9.0156,50.786],[9.0153,50.7711],[8.9948,50.7626],[8.9764,50.7624],[8.955,50.7514],[8.946,50.7399],[8.923,50.7258],[8.9045,50.7196],[8.9184,50.7056],[8.9392,50.7058],[8.9489,50.6992],[8.9609,50.6829],[8.9712,50.6777],[8.9716,50.6609],[8.9438,50.6485],[8.9582,50.6413],[8.962,50.6322],[8.9881,50.6256],[9.0059,50.6242],[9.0098,50.6115],[9.0025,50.602],[9.0401,50.6016],[9.0592,50.5944],[9.0624,50.5823],[9.0774,50.5663],[9.0926,50.5683],[9.119,50.5648],[9.1302,50.5574],[9.1277,50.5409],[9.1139,50.5397],[9.0937,50.517],[9.0748,50.5172],[9.0424,50.498],[9.0577,50.5],[9.0772,50.4954],[9.0614,50.485],[9.0587,50.4712],[9.0703,50.4563],[9.0944,50.4574],[9.0959,50.4458],[9.0874,50.4383],[9.1077,50.4347],[9.1314,50.4354],[9.1725,50.445],[9.1903,50.4438],[9.2277,50.4592],[9.2595,50.4634],[9.2655,50.4448],[9.2867,50.4373],[9.2975,50.4634],[9.3167,50.4542],[9.336,50.4519],[9.3538,50.4361],[9.357,50.427],[9.3485,50.4069],[9.34,50.4008],[9.3649,50.3941],[9.3973,50.3899],[9.4121,50.4044],[9.4343,50.4071],[9.4446,50.4284],[9.4791,50.4407],[9.4696,50.4528],[9.4544,50.4628],[9.4599,50.477],[9.4382,50.4745],[9.4287,50.4837],[9.4366,50.4984],[9.4487,50.5052],[9.4472,50.5215],[9.4624,50.5417],[9.4635,50.5498],[9.4944,50.5598],[9.4979,50.5682],[9.4787,50.574],[9.4816,50.591],[9.4956,50.6055],[9.4973,50.6158],[9.4731,50.6285],[9.481,50.6447],[9.506,50.6364],[9.5396,50.6406],[9.5511,50.624],[9.5794,50.6104],[9.608,50.6072],[9.6122,50.6147],[9.6417,50.6278],[9.6231,50.6411],[9.6201,50.6506],[9.6386,50.6713],[9.648,50.6761],[9.6265,50.6847],[9.607,50.7207],[9.6115,50.7355],[9.6046,50.7574],[9.5718,50.7661],[9.5444,50.7568],[9.5219,50.7392],[9.5063,50.7346],[9.4954,50.741],[9.4943,50.7539],[9.472,50.7657],[9.4555,50.7622],[9.4501,50.7695],[9.4344,50.7732],[9.4428,50.7853],[9.4411,50.7956]]]}},{"type":"Feature","properties":{"code":"DE-06611","name":"Kreisfreie Stadt Kassel","country":"DE","region":"Hessen"},"geometry":{"type":"Polygon","coordinates":[[[9.5573,51.3514],[9.5308,51.3405],[9.4859,51.3465],[9.4593,51.3438],[9.4225,51.3542],[9.37,51.3487],[9.3807,51.3284],[9.3775,51.3175],[9.3558,51.3127],[9.3626,51.2928],[9.378,51.2825],[9.4039,51.281],[9.4255,51.2705],[9.4828,51.2619],[9.4984,51.276],[9.5202,51.2725],[9.5603,51.2981],[9.556,51.3109],[9.5307,51.3182],[9.5478,51.3283],[9.5658,51.3281],[9.568,51.34],[9.5573,51.3514]]]}},{"type":"Feature","properties":{"code":"DE-06631","name":"Landkreis Fulda","country":"DE","region":"Hessen"},"geometry":{"type":"Polygon","coordinates":[[[9.9262,50.7674],[9.9079,50.7755],[9.8868,50.7782],[9.888,50.7908],[9.8809,50.796],[9.8588,50.7949],[9.8425,50.7904],[9.8061,50.7967],[9.7897,50.8036],[9.7307,50.7898],[9.7088,50.7682],[9.7278,50.753],[9.7094,50.7389],[9.6794,50.7284],[9.6692,50.7189],[9.6535,50.7207],[9.6485,50.7299],[9.6359,50.7284],[9.6197,50.7406],[9.6115,50.7355],[9.607,50.7207],[9.6265,50.6847],[9.648,50.6761],[9.6386,50.6713],[9.6201,50.6506],[9.6231,50.6411],[9.6417,50.6278],[9.6122,50.6147],[9.608,50.6072],[9.5794,50.6104],[9.5511,50.624],[9.5396,50.6406],[9.506,50.6364],[9.481,50.6447],[9.4731,50.6285],[9.4973,50.6158],[9.4956,50.6055],[9.4816,50.591],[9.4787,50.574],[9.4979,50.5682],[9.4944,50.5598],[9.4635,50.5498],[9.4624,50.5417],[9.4472,50.5215],[9.4487,50.5052],[9.4366,50.4984],[9.4287,50.4837],[9.4382,50.4745],[9.4599,50.477],[9.4544,50.4628],[9.4696,50.4528],[9.4791,50.4407],[9.4849,50.4356],[9.4873,50.414],[9.5204,50.3977],[9.5331,50.3944],[9.5557,50.3816],[9.6129,50.3937],[9.632,50.3825],[9.6636,50.3756],[9.6834,50.3689],[9.6907,50.3608],[9.7225,50.3601],[9.7329,50.3561],[9.7433,50.3622],[9.7444,50.3717],[9.7545,50.3869],[9.7593,50.4024],[9.7513,50.4115],[9.7621,50.4259],[9.7778,50.4193],[9.7894,50.4251],[9.8026,50.424],[9.808,50.4124],[9.8384,50.4055],[9.86,50.3975],[9.8733,50.409],[9.8831,50.3989],[9.901,50.4038],[9.9357,50.4196],[9.9578,50.4232],[9.9668,50.4345],[9.9855,50.4434],[9.9975,50.461],[10.0183,50.4665],[10.022,50.4755],[10.0412,50.4952],[10.0413,50.5165],[10.0397,50.5326],[10.0472,50.5455],[10.0618,50.5567],[10.0505,50.5632],[10.0451,50.5752],[10.0498,50.5847],[10.0474,50.6008],[10.0372,50.6129],[10.0575,50.6261],[10.081,50.62],[10.083,50.6337],[10.0674,50.6572],[10.0572,50.6662],[10.0563,50.6681],[10.0489,50.6739],[10.0199,50.6731],[10.002,50.6766],[9.9736,50.6659],[9.9515,50.6659],[9.9497,50.6559],[9.9689,50.6413],[9.9607,50.6295],[9.9459,50.6268],[9.9269,50.6298],[9.9061,50.6404],[9.8861,50.6339],[9.877,50.6417],[9.8846,50.6551],[9.8796,50.6665],[9.8947,50.6837],[9.9062,50.6842],[9.9203,50.6978],[9.9118,50.7087],[9.9352,50.7241],[9.9415,50.7391],[9.9396,50.7559],[9.9201,50.7596],[9.9262,50.7674]]]}},{"type":"Feature","properties":{"code":"DE-06632","name":"Landkreis Hersfeld-Rotenburg","country":"DE","region":"Hessen"},"geometry":{"type":"Polygon","coordinates":[[[10.0216,50.9929],[10.0016,50.9923],[9.99,50.9973],[9.9872,51.011],[9.9981,51.0296],[9.9666,51.0385],[9.954,51.0473],[9.9346,51.0523],[9.9108,51.0464],[9.8869,51.0462],[9.8715,51.0497],[9.8479,51.0686],[9.8268,51.0723],[9.8218,51.0823],[9.798,51.0808],[9.7775,51.0832],[9.7612,51.0724],[9.7439,51.0695],[9.7162,51.0797],[9.696,51.0783],[9.6698,51.0601],[9.6584,51.0617],[9.641,51.0566],[9.64,51.0409],[9.6256,51.0321],[9.6001,51.0237],[9.5836,51.0241],[9.5731,51.0138],[9.5784,51.0031],[9.546,50.9708],[9.5662,50.954],[9.5639,50.9452],[9.533,50.9445],[9.5052,50.9323],[9.5101,50.9202],[9.4856,50.906],[9.4821,50.8966],[9.5015,50.8806],[9.4966,50.8776],[9.5108,50.8471],[9.519,50.8398],[9.5086,50.833],[9.5082,50.8187],[9.4914,50.8151],[9.4558,50.7981],[9.4411,50.7956],[9.4428,50.7853],[9.4344,50.7732],[9.4501,50.7695],[9.4555,50.7622],[9.472,50.7657],[9.4943,50.7539],[9.4954,50.741],[9.5063,50.7346],[9.5219,50.7392],[9.5444,50.7568],[9.5718,50.7661],[9.6046,50.7574],[9.6115,50.7355],[9.6197,50.7406],[9.6359,50.7284],[9.6485,50.7299],[9.6535,50.7207],[9.6692,50.7189],[9.6794,50.7284],[9.7094,50.7389],[9.7278,50.753],[9.7088,50.7682],[9.7307,50.7898],[9.7897,50.8036],[9.8061,50.7967],[9.8425,50.7904],[9.8588,50.7949],[9.8809,50.796],[9.888,50.7908],[9.8868,50.7782],[9.9079,50.7755],[9.9262,50.7674],[9.9284,50.7766],[9.9523,50.7736],[9.9551,50.7856],[9.9441,50.7942],[9.9567,50.8096],[9.9523,50.8214],[9.9768,50.8333],[9.9976,50.8277],[10.0068,50.8377],[10.0231,50.8316],[10.0345,50.8427],[10.0187,50.8586],[10.0243,50.8672],[10.056,50.8798],[10.0584,50.8902],[10.0342,50.9103],[10.0037,50.9216],[9.9782,50.9053],[9.9683,50.9115],[9.9858,50.9246],[9.9828,50.9327],[9.9566,50.9337],[9.9501,50.9423],[9.991,50.9436],[10.0294,50.9381],[10.0536,50.9398],[10.042,50.9572],[10.0409,50.9675],[10.0243,50.9762],[10.0216,50.9929]]]}},{"type":"Feature","properties":{"code":"DE-06633","name":"Landkreis Kassel","country":"DE","region":"Hessen"},"geometry":{"type":"Polygon","coordinates":[[[9.6853,51.582],[9.6611,51.593],[9.6495,51.6063],[9.6378,51.6088],[9.6366,51.6234],[9.6271,51.629],[9.6096,51.6296],[9.5652,51.6254],[9.5455,51.64],[9.5229,51.6262],[9.4965,51.631],[9.492,51.6396],[9.4986,51.6523],[9.4921,51.6574],[9.4688,51.6542],[9.4533,51.6457],[9.4405,51.6504],[9.4449,51.6442],[9.4267,51.6308],[9.3989,51.6263],[9.3719,51.6256],[9.3371,51.6147],[9.3563,51.5977],[9.3706,51.5941],[9.3543,51.5817],[9.3356,51.56],[9.3111,51.5373],[9.3159,51.523],[9.3015,51.5145],[9.2823,51.5144],[9.2621,51.4987],[9.2421,51.4977],[9.2166,51.4812],[9.2165,51.4596],[9.1851,51.4663],[9.1744,51.4629],[9.1554,51.4427],[9.1616,51.42],[9.1405,51.4127],[9.1693,51.3938],[9.1657,51.3828],[9.1744,51.3714],[9.1437,51.3645],[9.1431,51.3722],[9.1157,51.3641],[9.1017,51.3644],[9.1252,51.3381],[9.102,51.3322],[9.1124,51.3198],[9.105,51.3036],[9.1158,51.2812],[9.1267,51.2768],[9.0943,51.2682],[9.0995,51.2507],[9.1118,51.2442],[9.1293,51.2441],[9.1271,51.2222],[9.1525,51.2075],[9.1742,51.1899],[9.1768,51.1745],[9.1895,51.1704],[9.2288,51.1787],[9.2215,51.1959],[9.2352,51.2006],[9.2454,51.1963],[9.2655,51.1978],[9.2736,51.2229],[9.273,51.2397],[9.2846,51.2541],[9.3072,51.2474],[9.3291,51.2529],[9.3538,51.2515],[9.3641,51.2339],[9.3992,51.2324],[9.4183,51.2275],[9.4649,51.2269],[9.4827,51.2126],[9.5087,51.2156],[9.5183,51.2228],[9.531,51.2118],[9.5446,51.2156],[9.5632,51.2085],[9.5575,51.1977],[9.5769,51.1863],[9.5774,51.1806],[9.604,51.1709],[9.6114,51.1777],[9.636,51.1831],[9.625,51.1928],[9.6288,51.2028],[9.6681,51.217],[9.6873,51.2445],[9.7368,51.2423],[9.754,51.2503],[9.755,51.2626],[9.6947,51.2613],[9.6656,51.2744],[9.6452,51.2789],[9.6453,51.2906],[9.6575,51.3052],[9.6744,51.3092],[9.6918,51.3063],[9.7323,51.2952],[9.7087,51.3038],[9.6457,51.3166],[9.6334,51.3259],[9.6068,51.3258],[9.5817,51.3422],[9.568,51.34],[9.5658,51.3281],[9.5478,51.3283],[9.5307,51.3182],[9.556,51.3109],[9.5603,51.2981],[9.5202,51.2725],[9.4984,51.276],[9.4828,51.2619],[9.4255,51.2705],[9.4039,51.281],[9.378,51.2825],[9.3626,51.2928],[9.3558,51.3127],[9.3775,51.3175],[9.3807,51.3284],[9.37,51.3487],[9.4225,51.3542],[9.4593,51.3438],[9.4859,51.3465],[9.5308,51.3405],[9.5573,51.3514],[9.5484,51.359],[9.5501,51.3619],[9.5698,51.3626],[9.5771,51.37],[9.5593,51.3788],[9.5781,51.4009],[9.5981,51.3991],[9.61,51.4078],[9.6227,51.4062],[9.6436,51.4183],[9.6343,51.4261],[9.6276,51.4442],[9.6301,51.4582],[9.643,51.466],[9.6097,51.4911],[9.5961,51.5094],[9.5863,51.5163],[9.6147,51.5257],[9.6221,51.5414],[9.6152,51.5468],[9.6478,51.5525],[9.6364,51.5589],[9.6252,51.5737],[9.634,51.5845],[9.6724,51.5684],[9.684,51.5665],[9.6909,51.5763],[9.6853,51.582]]]}},{"type":"Feature","properties":{"code":"DE-06634","name":"Landkreis Schwalm-Eder-Kreis","country":"DE","region":"Hessen"},"geometry":{"type":"Polygon","coordinates":[[[9.636,51.1831],[9.6114,51.1777],[9.604,51.1709],[9.5774,51.1806],[9.5769,51.1863],[9.5575,51.1977],[9.5632,51.2085],[9.5446,51.2156],[9.531,51.2118],[9.5183,51.2228],[9.5087,51.2156],[9.4827,51.2126],[9.4649,51.2269],[9.4183,51.2275],[9.3992,51.2324],[9.3641,51.2339],[9.3538,51.2515],[9.3291,51.2529],[9.3072,51.2474],[9.2846,51.2541],[9.273,51.2397],[9.2736,51.2229],[9.2655,51.1978],[9.2454,51.1963],[9.2352,51.2006],[9.2215,51.1959],[9.2288,51.1787],[9.1895,51.1704],[9.1949,51.1561],[9.1906,51.1492],[9.2044,51.1346],[9.2214,51.1282],[9.1949,51.099],[9.1702,51.0915],[9.1675,51.0776],[9.1408,51.0547],[9.0968,51.0458],[9.1031,51.0311],[9.0878,51.0212],[9.0729,51.005],[9.0611,51.0029],[9.0351,50.9882],[9.0222,50.985],[9.0093,50.9721],[9.0338,50.9545],[9.0258,50.9372],[9.0077,50.94],[8.9746,50.9383],[8.9847,50.9285],[9.0103,50.926],[9.0119,50.9105],[9.0271,50.9028],[9.0399,50.9088],[9.0459,50.9206],[9.0904,50.9131],[9.11,50.919],[9.1304,50.8995],[9.1093,50.8866],[9.1225,50.8804],[9.1303,50.8682],[9.1418,50.8619],[9.1416,50.8522],[9.1516,50.8473],[9.1489,50.8366],[9.1838,50.8315],[9.2096,50.8223],[9.2322,50.8265],[9.2367,50.8198],[9.2637,50.8156],[9.2687,50.8005],[9.2986,50.8063],[9.3368,50.7965],[9.3637,50.7999],[9.3741,50.7889],[9.3782,50.7769],[9.391,50.7728],[9.4012,50.778],[9.4111,50.7907],[9.4225,50.7886],[9.4411,50.7956],[9.4558,50.7981],[9.4914,50.8151],[9.5082,50.8187],[9.5086,50.833],[9.519,50.8398],[9.5108,50.8471],[9.4966,50.8776],[9.5015,50.8806],[9.4821,50.8966],[9.4856,50.906],[9.5101,50.9202],[9.5052,50.9323],[9.533,50.9445],[9.5639,50.9452],[9.5662,50.954],[9.546,50.9708],[9.5784,51.0031],[9.5731,51.0138],[9.5836,51.0241],[9.6001,51.0237],[9.6256,51.0321],[9.64,51.0409],[9.641,51.0566],[9.6584,51.0617],[9.6698,51.0601],[9.696,51.0783],[9.7162,51.0797],[9.7439,51.0695],[9.7612,51.0724],[9.7775,51.0832],[9.7749,51.1044],[9.7799,51.1231],[9.7733,51.1463],[9.7592,51.1502],[9.7512,51.1447],[9.7294,51.1471],[9.6931,51.1669],[9.6947,51.1765],[9.6853,51.1851],[9.636,51.1831]]]}},{"type":"Feature","properties":{"code":"DE-06635","name":"Landkreis Waldeck-Frankenberg","country":"DE","region":"Hessen"},"geometry":{"type":"Polygon","coordinates":[[[9.1554,51.4427],[9.1357,51.4502],[9.1026,51.4432],[9.0864,51.4491],[9.0869,51.4612],[9.0772,51.4649],[9.0921,51.4873],[9.0923,51.4944],[9.0765,51.5035],[9.0341,51.504],[9.0176,51.5182],[9.0016,51.5126],[8.9708,51.5067],[8.9133,51.4916],[8.8904,51.4819],[8.8941,51.4712],[8.9066,51.4654],[8.9218,51.4461],[8.9188,51.4303],[8.9481,51.4282],[8.9403,51.403],[8.9395,51.3895],[8.9159,51.3928],[8.8896,51.3927],[8.854,51.3771],[8.8185,51.3887],[8.804,51.3908],[8.7705,51.3848],[8.7603,51.3783],[8.7277,51.3722],[8.6938,51.3768],[8.6767,51.3705],[8.6835,51.3622],[8.6544,51.347],[8.6211,51.3365],[8.605,51.3237],[8.5926,51.3039],[8.5664,51.2878],[8.5563,51.2775],[8.5782,51.2675],[8.5936,51.2475],[8.6115,51.2471],[8.6283,51.2605],[8.6775,51.2677],[8.6855,51.2738],[8.722,51.2737],[8.7361,51.2604],[8.7276,51.2501],[8.7382,51.2322],[8.7417,51.2184],[8.7682,51.2089],[8.7505,51.1992],[8.7484,51.1686],[8.6943,51.1364],[8.6919,51.1291],[8.7077,51.1163],[8.6593,51.0954],[8.6485,51.095],[8.6015,51.102],[8.5491,51.1019],[8.5017,51.0795],[8.5062,51.0725],[8.5276,51.0629],[8.5166,51.0432],[8.5388,51.0194],[8.5014,50.9985],[8.4958,50.9881],[8.4734,50.975],[8.4779,50.969],[8.5119,50.9564],[8.5353,50.9539],[8.562,50.9562],[8.5688,50.9503],[8.5973,50.9493],[8.6065,50.9545],[8.6363,50.9614],[8.6563,50.9716],[8.6604,50.9836],[8.6731,50.9967],[8.7068,50.9832],[8.7352,50.9654],[8.766,50.9786],[8.7833,50.9569],[8.8304,50.9581],[8.8496,50.9643],[8.8582,50.9581],[8.9019,50.9534],[8.9172,50.9602],[8.909,50.9692],[8.9396,50.9654],[8.9482,50.9517],[8.9674,50.9456],[8.9746,50.9383],[9.0077,50.94],[9.0258,50.9372],[9.0338,50.9545],[9.0093,50.9721],[9.0222,50.985],[9.0351,50.9882],[9.0611,51.0029],[9.0729,51.005],[9.0878,51.0212],[9.1031,51.0311],[9.0968,51.0458],[9.1408,51.0547],[9.1675,51.0776],[9.1702,51.0915],[9.1949,51.099],[9.2214,51.1282],[9.2044,51.1346],[9.1906,51.1492],[9.1949,51.1561],[9.1895,51.1704],[9.1768,51.1745],[9.1742,51.1899],[9.1525,51.2075],[9.1271,51.2222],[9.1293,51.2441],[9.1118,51.2442],[9.0995,51.2507],[9.0943,51.2682],[9.1267,51.2768],[9.1158,51.2812],[9.105,51.3036],[9.1124,51.3198],[9.102,51.3322],[9.1252,51.3381],[9.1017,51.3644],[9.1157,51.3641],[9.1431,51.3722],[9.1437,51.3645],[9.1744,51.3714],[9.1657,51.3828],[9.1693,51.3938],[9.1405,51.4127],[9.1616,51.42],[9.1554,51.4427]]]}},{"type":"Feature","properties":{"code":"DE-06636","name":"Landkreis Werra-Meißner-Kreis","country":"DE","region":"Hessen"},"geometry":{"type":"Polygon","coordinates":[[[9.9283,51.3753],[9.9311,51.3927],[9.9098,51.4054],[9.906,51.4211],[9.8732,51.4109],[9.8533,51.4148],[9.8505,51.4014],[9.8601,51.3937],[9.8532,51.3722],[9.8401,51.3836],[9.8406,51.4026],[9.8215,51.41],[9.8035,51.4104],[9.7928,51.4014],[9.7914,51.3891],[9.7659,51.386],[9.7523,51.3747],[9.7385,51.3692],[9.726,51.3708],[9.702,51.3611],[9.7206,51.3485],[9.7263,51.3377],[9.7454,51.319],[9.7683,51.3325],[9.7752,51.3252],[9.7682,51.3067],[9.7323,51.2952],[9.6918,51.3063],[9.6744,51.3092],[9.6575,51.3052],[9.6453,51.2906],[9.6452,51.2789],[9.6656,51.2744],[9.6947,51.2613],[9.755,51.2626],[9.754,51.2503],[9.7368,51.2423],[9.6873,51.2445],[9.6681,51.217],[9.6288,51.2028],[9.625,51.1928],[9.636,51.1831],[9.6853,51.1851],[9.6947,51.1765],[9.6931,51.1669],[9.7294,51.1471],[9.7512,51.1447],[9.7592,51.1502],[9.7733,51.1463],[9.7799,51.1231],[9.7749,51.1044],[9.7775,51.0832],[9.798,51.0808],[9.8218,51.0823],[9.8268,51.0723],[9.8479,51.0686],[9.8715,51.0497],[9.8869,51.0462],[9.9108,51.0464],[9.9346,51.0523],[9.954,51.0473],[9.9666,51.0385],[9.9981,51.0296],[9.9872,51.011],[9.99,50.9973],[10.0016,50.9923],[10.0216,50.9929],[10.0324,51.011],[10.0571,51.0128],[10.0844,51.0097],[10.1035,51.0045],[10.1208,51.0117],[10.1331,51.0048],[10.132,50.9968],[10.1497,50.994],[10.1908,50.9991],[10.2152,51.0264],[10.1988,51.0401],[10.1816,51.048],[10.1465,51.0551],[10.1515,51.0694],[10.1481,51.0837],[10.1755,51.1069],[10.1746,51.1169],[10.1538,51.1185],[10.134,51.133],[10.1183,51.1396],[10.1279,51.1459],[10.1466,51.1446],[10.1687,51.1533],[10.1852,51.1325],[10.1792,51.1276],[10.2,51.113],[10.2062,51.1221],[10.2044,51.1367],[10.21,51.1441],[10.2073,51.1649],[10.227,51.1734],[10.236,51.1848],[10.2069,51.1906],[10.1775,51.2096],[10.1641,51.212],[10.1498,51.2062],[10.1419,51.2187],[10.1132,51.2152],[10.0913,51.2262],[10.0671,51.2278],[10.0728,51.2404],[10.0633,51.2521],[10.0495,51.2554],[10.0466,51.2645],[10.0599,51.2759],[10.0043,51.287],[9.9853,51.2835],[9.9699,51.3003],[9.9393,51.308],[9.9488,51.317],[9.9418,51.3356],[9.9299,51.34],[9.9233,51.368],[9.9283,51.3753]]]}},{"type":"Feature","properties":{"code":"DE-07111","name":"Kreisfreie Stadt Koblenz","country":"DE","region":"Rheinland-Pfalz"},"geometry":{"type":"Polygon","coordinates":[[[7.6641,50.3815],[7.6314,50.3747],[7.6146,50.3807],[7.603,50.3918],[7.5716,50.4106],[7.5425,50.395],[7.5361,50.3847],[7.5121,50.3817],[7.4864,50.3633],[7.4936,50.3405],[7.532,50.3329],[7.5346,50.3227],[7.5157,50.3091],[7.5216,50.2939],[7.5396,50.2858],[7.5559,50.283],[7.5866,50.2975],[7.6055,50.2938],[7.5913,50.3108],[7.5906,50.3257],[7.6302,50.3233],[7.6522,50.3247],[7.6671,50.3454],[7.6889,50.3601],[7.6865,50.3735],[7.6641,50.3815]]]}},{"type":"Feature","properties":{"code":"DE-07131","name":"Landkreis Ahrweiler","country":"DE","region":"Rheinland-Pfalz"},"geometry":{"type":"Polygon","coordinates":[[[7.2107,50.6498],[7.1952,50.6427],[7.1898,50.6239],[7.1547,50.6147],[7.1479,50.6003],[7.1312,50.6037],[7.1194,50.6123],[7.1047,50.5924],[7.0908,50.5859],[7.069,50.5927],[7.0663,50.6007],[7.049,50.6032],[6.9981,50.565],[6.9836,50.5657],[6.9761,50.5578],[6.9565,50.557],[6.9514,50.5634],[6.9279,50.5586],[6.922,50.5543],[6.9314,50.5356],[6.909,50.5255],[6.8861,50.5293],[6.889,50.5083],[6.9071,50.5026],[6.8979,50.4923],[6.9056,50.485],[6.8944,50.467],[6.8767,50.4648],[6.8595,50.4538],[6.8365,50.4655],[6.8121,50.4722],[6.8009,50.4913],[6.7676,50.4823],[6.7564,50.4649],[6.7666,50.4586],[6.7646,50.4508],[6.7437,50.4409],[6.75,50.434],[6.7639,50.4334],[6.772,50.4244],[6.7851,50.4206],[6.7793,50.405],[6.7705,50.3977],[6.7854,50.3755],[6.8027,50.3693],[6.8007,50.3618],[6.7984,50.3448],[6.8149,50.3291],[6.8362,50.3181],[6.8534,50.3257],[6.892,50.3208],[6.9166,50.3083],[6.9363,50.3089],[6.9524,50.3296],[6.9839,50.3425],[6.9843,50.3489],[7.0091,50.3749],[7.007,50.3835],[7.0372,50.3846],[7.0567,50.3959],[7.0763,50.4004],[7.0997,50.3943],[7.1019,50.4032],[7.1224,50.4023],[7.1419,50.3906],[7.1796,50.4114],[7.2014,50.4079],[7.2232,50.4092],[7.2401,50.4053],[7.2589,50.3938],[7.2754,50.3985],[7.2863,50.4115],[7.2901,50.4501],[7.307,50.466],[7.3328,50.4672],[7.3444,50.4766],[7.3218,50.4943],[7.2972,50.5195],[7.2755,50.5654],[7.257,50.5774],[7.2283,50.582],[7.2106,50.5925],[7.2142,50.6034],[7.2129,50.6235],[7.2107,50.6498]]]}},{"type":"Feature","properties":{"code":"DE-07132","name":"Landkreis Altenkirchen (Westerwald)","country":"DE","region":"Rheinland-Pfalz"},"geometry":{"type":"Polygon","coordinates":[[[7.8515,50.9258],[7.8282,50.929],[7.8088,50.9388],[7.7859,50.9399],[7.7762,50.929],[7.7573,50.9202],[7.7424,50.9198],[7.7506,50.9057],[7.7604,50.9004],[7.753,50.8884],[7.7588,50.8798],[7.7483,50.8672],[7.7602,50.8617],[7.758,50.8435],[7.7293,50.8505],[7.7143,50.8404],[7.7136,50.8336],[7.6994,50.825],[7.6692,50.8186],[7.661,50.8204],[7.6818,50.7968],[7.6778,50.7817],[7.66,50.7856],[7.6622,50.7732],[7.6555,50.7679],[7.6182,50.7702],[7.601,50.7663],[7.5915,50.7558],[7.5938,50.7418],[7.5833,50.7379],[7.5519,50.7463],[7.5162,50.7291],[7.5019,50.73],[7.4798,50.7183],[7.445,50.7161],[7.4392,50.7111],[7.4698,50.6724],[7.4847,50.6697],[7.4791,50.6584],[7.4851,50.6465],[7.4742,50.6352],[7.4816,50.6255],[7.45,50.6175],[7.4661,50.6074],[7.4747,50.5826],[7.4888,50.5803],[7.4954,50.5719],[7.5338,50.5711],[7.5589,50.5988],[7.5475,50.6041],[7.5425,50.628],[7.5715,50.6148],[7.5791,50.6197],[7.5717,50.6453],[7.5917,50.6525],[7.6101,50.6472],[7.6342,50.6538],[7.6788,50.6442],[7.6896,50.6292],[7.7008,50.6229],[7.704,50.6547],[7.691,50.6626],[7.6961,50.673],[7.7207,50.6726],[7.7256,50.6888],[7.7003,50.6938],[7.6968,50.7067],[7.7152,50.716],[7.7277,50.7173],[7.729,50.7341],[7.7439,50.73],[7.7684,50.7326],[7.8048,50.7312],[7.8004,50.7164],[7.8145,50.7073],[7.8364,50.7118],[7.86,50.6968],[7.8579,50.6835],[7.8836,50.6791],[7.8822,50.6955],[7.8909,50.7158],[7.9026,50.7188],[7.9311,50.7105],[7.947,50.7088],[7.9688,50.6922],[7.9639,50.6781],[7.9929,50.676],[8.0052,50.6883],[8.0284,50.697],[8.0397,50.6974],[8.043,50.7117],[8.0403,50.7257],[8.0246,50.7346],[8.0002,50.7551],[7.9873,50.7595],[7.9689,50.7739],[7.9673,50.7982],[7.9766,50.8249],[7.967,50.844],[7.9383,50.8484],[7.9186,50.8446],[7.9059,50.8481],[7.8825,50.8749],[7.8453,50.8784],[7.8293,50.8824],[7.8267,50.8908],[7.8332,50.9073],[7.8515,50.9258]]]}},{"type":"Feature","properties":{"code":"DE-07133","name":"Landkreis Bad Kreuznach","country":"DE","region":"Rheinland-Pfalz"},"geometry":{"type":"Polygon","coordinates":[[[7.7346,49.9987],[7.7193,49.997],[7.6873,50.001],[7.7067,49.9807],[7.6822,49.977],[7.6671,49.9692],[7.6692,49.959],[7.6586,49.9535],[7.6621,49.9399],[7.6491,49.93],[7.6315,49.9353],[7.6161,49.9252],[7.5963,49.9183],[7.5681,49.8977],[7.5474,49.8952],[7.5326,49.8881],[7.5113,49.8705],[7.4942,49.86],[7.4684,49.8666],[7.4244,49.8405],[7.4256,49.8508],[7.3987,49.8561],[7.3884,49.8457],[7.4028,49.8179],[7.4047,49.8068],[7.4436,49.7868],[7.4416,49.7765],[7.4206,49.766],[7.4144,49.7566],[7.4406,49.7351],[7.4537,49.7446],[7.4806,49.7379],[7.4966,49.7172],[7.4937,49.7039],[7.5228,49.7076],[7.5305,49.71],[7.5479,49.6928],[7.5649,49.686],[7.5773,49.6887],[7.5997,49.6798],[7.6191,49.6864],[7.6426,49.687],[7.6528,49.6987],[7.6713,49.6879],[7.6652,49.6795],[7.6667,49.6598],[7.6586,49.6567],[7.655,49.6384],[7.6774,49.6398],[7.7033,49.6525],[7.711,49.6654],[7.7211,49.6717],[7.7199,49.6832],[7.7329,49.6964],[7.7237,49.7173],[7.7668,49.7437],[7.7578,49.7589],[7.7723,49.7643],[7.7804,49.7512],[7.8041,49.7576],[7.8242,49.7518],[7.8438,49.7622],[7.8619,49.7658],[7.8701,49.756],[7.8959,49.7606],[7.9054,49.7523],[7.9206,49.7639],[7.9324,49.7661],[7.9326,49.7986],[7.9276,49.8114],[7.9441,49.8181],[7.9636,49.8331],[7.9545,49.8461],[7.9688,49.8541],[7.9477,49.8806],[7.9194,49.8818],[7.9101,49.9123],[7.8905,49.9301],[7.8765,49.9363],[7.8446,49.943],[7.8145,49.9336],[7.8018,49.938],[7.8025,49.9593],[7.7735,49.9732],[7.7675,49.9885],[7.7584,49.994],[7.7346,49.9987]]]}},{"type":"Feature","properties":{"code":"DE-07134","name":"Landkreis Birkenfeld","country":"DE","region":"Rheinland-Pfalz"},"geometry":{"type":"Polygon","coordinates":[[[7.3987,49.8561],[7.3932,49.8713],[7.398,49.8802],[7.3868,49.8963],[7.3581,49.8993],[7.3378,49.8957],[7.3235,49.8993],[7.3109,49.8839],[7.2939,49.8786],[7.2807,49.8823],[7.2867,49.8914],[7.2809,49.8995],[7.2608,49.8914],[7.2393,49.8927],[7.2225,49.885],[7.2264,49.8798],[7.2592,49.8617],[7.2638,49.8556],[7.2264,49.8345],[7.2143,49.8302],[7.1892,49.8125],[7.1279,49.7774],[7.1303,49.7583],[7.1113,49.7467],[7.0965,49.7297],[7.0443,49.6893],[7.0615,49.6808],[7.044,49.6716],[7.0508,49.6546],[7.028,49.6394],[7.0591,49.6305],[7.093,49.6036],[7.1184,49.596],[7.136,49.5967],[7.1555,49.6027],[7.1751,49.5946],[7.1728,49.588],[7.1903,49.5771],[7.21,49.5771],[7.2134,49.5658],[7.2244,49.5648],[7.2537,49.5754],[7.2746,49.5611],[7.2766,49.5486],[7.3075,49.5534],[7.347,49.5804],[7.363,49.5959],[7.3836,49.6],[7.4205,49.5898],[7.4432,49.5983],[7.4435,49.6169],[7.4365,49.6201],[7.4257,49.6535],[7.4452,49.6636],[7.4538,49.674],[7.473,49.6773],[7.4907,49.6749],[7.5158,49.6774],[7.5215,49.6858],[7.5228,49.7076],[7.4937,49.7039],[7.4966,49.7172],[7.4806,49.7379],[7.4537,49.7446],[7.4406,49.7351],[7.4144,49.7566],[7.4206,49.766],[7.4416,49.7765],[7.4436,49.7868],[7.4047,49.8068],[7.4028,49.8179],[7.3884,49.8457],[7.3987,49.8561]]]}},{"type":"Feature","properties":{"code":"DE-07135","name":"Landkreis Cochem-Zell","country":"DE","region":"Rheinland-Pfalz"},"geometry":{"type":"Polygon","coordinates":[[[7.3819,50.1608],[7.37,50.1807],[7.3758,50.2093],[7.3567,50.2143],[7.3516,50.2044],[7.3376,50.1987],[7.3128,50.1988],[7.3083,50.2066],[7.3187,50.2143],[7.3059,50.2206],[7.2951,50.2361],[7.271,50.2495],[7.2472,50.2554],[7.23,50.2634],[7.215,50.2585],[7.1976,50.2641],[7.1849,50.2791],[7.1771,50.2743],[7.1633,50.281],[7.1375,50.265],[7.1007,50.2733],[7.0774,50.272],[7.0688,50.2798],[7.0704,50.2769],[7.0576,50.2484],[7.0362,50.2363],[7.0344,50.226],[7.0045,50.2223],[6.9948,50.2366],[6.9766,50.2365],[6.9586,50.2263],[6.9527,50.2078],[6.9722,50.1756],[6.9716,50.1627],[6.9581,50.1553],[6.9701,50.1484],[6.9825,50.1281],[6.9776,50.1131],[6.979,50.0979],[6.9828,50.0826],[7.0034,50.0849],[7.0152,50.078],[7.0227,50.0667],[7.0424,50.0655],[7.057,50.0698],[7.0724,50.0645],[7.1005,50.0616],[7.1033,50.0361],[7.1253,50.0264],[7.1362,49.9999],[7.1468,49.9906],[7.1628,49.9934],[7.1965,49.9864],[7.1897,49.977],[7.2027,49.9663],[7.2156,49.9673],[7.243,49.9594],[7.2532,49.9618],[7.2608,49.9752],[7.2837,49.9702],[7.2909,49.9814],[7.2863,49.9945],[7.3047,49.9931],[7.3485,50.0092],[7.3551,50.015],[7.3433,50.0298],[7.3265,50.0625],[7.3407,50.0632],[7.3488,50.0847],[7.3381,50.0931],[7.3206,50.095],[7.2933,50.119],[7.3174,50.1332],[7.3287,50.1252],[7.3462,50.1266],[7.3579,50.1328],[7.376,50.1338],[7.3642,50.147],[7.3819,50.1608]]]}},{"type":"Feature","properties":{"code":"DE-07137","name":"Landkreis Mayen-Koblenz","country":"DE","region":"Rheinland-Pfalz"},"geometry":{"type":"Polygon","coordinates":[[[7.5983,50.4646],[7.5763,50.4624],[7.5765,50.4493],[7.5546,50.4371],[7.5507,50.4187],[7.5352,50.4218],[7.5102,50.4144],[7.4796,50.4122],[7.4552,50.4233],[7.4437,50.4383],[7.4257,50.4445],[7.3954,50.4439],[7.3817,50.4491],[7.3495,50.4697],[7.3444,50.4766],[7.3328,50.4672],[7.307,50.466],[7.2901,50.4501],[7.2863,50.4115],[7.2754,50.3985],[7.2589,50.3938],[7.2401,50.4053],[7.2232,50.4092],[7.2014,50.4079],[7.1796,50.4114],[7.1419,50.3906],[7.1224,50.4023],[7.1019,50.4032],[7.0997,50.3943],[7.0763,50.4004],[7.0567,50.3959],[7.0372,50.3846],[7.007,50.3835],[7.0091,50.3749],[6.9843,50.3489],[7.0091,50.3496],[7.018,50.3303],[7.0043,50.3196],[6.9892,50.3189],[6.982,50.3073],[6.9875,50.2971],[6.9999,50.29],[7.0171,50.2937],[7.0424,50.2893],[7.0688,50.2798],[7.0774,50.272],[7.1007,50.2733],[7.1375,50.265],[7.1633,50.281],[7.1771,50.2743],[7.1849,50.2791],[7.1976,50.2641],[7.215,50.2585],[7.23,50.2634],[7.2472,50.2554],[7.271,50.2495],[7.2951,50.2361],[7.3059,50.2206],[7.3187,50.2143],[7.3083,50.2066],[7.3128,50.1988],[7.3376,50.1987],[7.3516,50.2044],[7.3567,50.2143],[7.3758,50.2093],[7.37,50.1807],[7.3819,50.1608],[7.4091,50.1627],[7.4297,50.1762],[7.4145,50.193],[7.4279,50.2081],[7.4439,50.2104],[7.4688,50.2012],[7.4866,50.2157],[7.4928,50.2261],[7.5083,50.2313],[7.5155,50.2537],[7.5365,50.2655],[7.5506,50.2582],[7.575,50.2543],[7.5865,50.259],[7.6333,50.2509],[7.6383,50.2463],[7.6525,50.2579],[7.6414,50.2711],[7.6055,50.2938],[7.5866,50.2975],[7.5559,50.283],[7.5396,50.2858],[7.5216,50.2939],[7.5157,50.3091],[7.5346,50.3227],[7.532,50.3329],[7.4936,50.3405],[7.4864,50.3633],[7.5121,50.3817],[7.5361,50.3847],[7.5425,50.395],[7.5716,50.4106],[7.603,50.3918],[7.6146,50.3807],[7.6314,50.3747],[7.6641,50.3815],[7.6445,50.389],[7.6501,50.3999],[7.6743,50.4006],[7.6682,50.4249],[7.6445,50.4347],[7.6351,50.4455],[7.6253,50.4428],[7.613,50.454],[7.614,50.4613],[7.5983,50.4646]]]}},{"type":"Feature","properties":{"code":"DE-07138","name":"Landkreis Neuwied","country":"DE","region":"Rheinland-Pfalz"},"geometry":{"type":"Polygon","coordinates":[[[7.4392,50.7111],[7.4234,50.71],[7.4071,50.7182],[7.3973,50.7143],[7.3709,50.7152],[7.3602,50.6971],[7.3721,50.6821],[7.3558,50.6652],[7.359,50.6495],[7.3306,50.6396],[7.3051,50.6376],[7.2973,50.6318],[7.2609,50.6253],[7.2402,50.6282],[7.2157,50.6279],[7.2129,50.6235],[7.2142,50.6034],[7.2106,50.5925],[7.2283,50.582],[7.257,50.5774],[7.2755,50.5654],[7.2972,50.5195],[7.3218,50.4943],[7.3444,50.4766],[7.3495,50.4697],[7.3817,50.4491],[7.3954,50.4439],[7.4257,50.4445],[7.4437,50.4383],[7.4552,50.4233],[7.4796,50.4122],[7.5102,50.4144],[7.5352,50.4218],[7.5507,50.4187],[7.5546,50.4371],[7.5765,50.4493],[7.5763,50.4624],[7.5983,50.4646],[7.6044,50.4818],[7.6487,50.4854],[7.6615,50.4932],[7.6785,50.4963],[7.6683,50.5053],[7.6683,50.5188],[7.678,50.5252],[7.6955,50.528],[7.703,50.5426],[7.693,50.5532],[7.7042,50.5617],[7.6865,50.5736],[7.6802,50.5935],[7.6652,50.5946],[7.6759,50.6143],[7.7008,50.6229],[7.6896,50.6292],[7.6788,50.6442],[7.6342,50.6538],[7.6101,50.6472],[7.5917,50.6525],[7.5717,50.6453],[7.5791,50.6197],[7.5715,50.6148],[7.5425,50.628],[7.5475,50.6041],[7.5589,50.5988],[7.5338,50.5711],[7.4954,50.5719],[7.4888,50.5803],[7.4747,50.5826],[7.4661,50.6074],[7.45,50.6175],[7.4816,50.6255],[7.4742,50.6352],[7.4851,50.6465],[7.4791,50.6584],[7.4847,50.6697],[7.4698,50.6724],[7.4392,50.7111]]]}},{"type":"Feature","properties":{"code":"DE-07140","name":"Landkreis Rhein-Hunsrück-Kreis","country":"DE","region":"Rheinland-Pfalz"},"geometry":{"type":"Polygon","coordinates":[[[7.6383,50.2463],[7.6333,50.2509],[7.5865,50.259],[7.575,50.2543],[7.5506,50.2582],[7.5365,50.2655],[7.5155,50.2537],[7.5083,50.2313],[7.4928,50.2261],[7.4866,50.2157],[7.4688,50.2012],[7.4439,50.2104],[7.4279,50.2081],[7.4145,50.193],[7.4297,50.1762],[7.4091,50.1627],[7.3819,50.1608],[7.3642,50.147],[7.376,50.1338],[7.3579,50.1328],[7.3462,50.1266],[7.3287,50.1252],[7.3174,50.1332],[7.2933,50.119],[7.3206,50.095],[7.3381,50.0931],[7.3488,50.0847],[7.3407,50.0632],[7.3265,50.0625],[7.3433,50.0298],[7.3551,50.015],[7.3485,50.0092],[7.3047,49.9931],[7.2863,49.9945],[7.2909,49.9814],[7.2837,49.9702],[7.2608,49.9752],[7.2532,49.9618],[7.243,49.9594],[7.2156,49.9673],[7.2027,49.9663],[7.2132,49.9624],[7.2216,49.9485],[7.2541,49.9412],[7.2336,49.916],[7.2239,49.9138],[7.2118,49.9001],[7.2225,49.885],[7.2393,49.8927],[7.2608,49.8914],[7.2809,49.8995],[7.2867,49.8914],[7.2807,49.8823],[7.2939,49.8786],[7.3109,49.8839],[7.3235,49.8993],[7.3378,49.8957],[7.3581,49.8993],[7.3868,49.8963],[7.398,49.8802],[7.3932,49.8713],[7.3987,49.8561],[7.4256,49.8508],[7.4244,49.8405],[7.4684,49.8666],[7.4942,49.86],[7.5113,49.8705],[7.5326,49.8881],[7.5474,49.8952],[7.5681,49.8977],[7.5963,49.9183],[7.6161,49.9252],[7.6315,49.9353],[7.6491,49.93],[7.6621,49.9399],[7.6586,49.9535],[7.6692,49.959],[7.6671,49.9692],[7.6822,49.977],[7.7067,49.9807],[7.6873,50.001],[7.7193,49.997],[7.7346,49.9987],[7.7026,50.0114],[7.6908,50.0251],[7.6674,50.0336],[7.6723,50.0396],[7.7058,50.0633],[7.7648,50.0826],[7.744,50.0998],[7.7248,50.111],[7.7226,50.1171],[7.7387,50.1295],[7.7254,50.1397],[7.7227,50.149],[7.6989,50.167],[7.6537,50.1755],[7.6442,50.1803],[7.6465,50.1922],[7.6405,50.2048],[7.6198,50.2172],[7.6039,50.2327],[7.5845,50.2347],[7.5784,50.2412],[7.6006,50.2502],[7.6383,50.2463]]]}},{"type":"Feature","properties":{"code":"DE-07141","name":"Landkreis Rhein-Lahn-Kreis","country":"DE","region":"Rheinland-Pfalz"},"geometry":{"type":"Polygon","coordinates":[[[7.9716,50.4062],[7.955,50.3988],[7.946,50.4007],[7.9374,50.4146],[7.9149,50.4109],[7.8985,50.4012],[7.8816,50.3979],[7.8859,50.3837],[7.8703,50.3502],[7.8602,50.3475],[7.8268,50.3525],[7.7954,50.3627],[7.7775,50.3575],[7.7697,50.3712],[7.7894,50.3842],[7.7829,50.3955],[7.7682,50.3947],[7.756,50.4007],[7.7446,50.3963],[7.7354,50.3818],[7.7367,50.3686],[7.6994,50.3581],[7.6889,50.3601],[7.6671,50.3454],[7.6522,50.3247],[7.6302,50.3233],[7.5906,50.3257],[7.5913,50.3108],[7.6055,50.2938],[7.6414,50.2711],[7.6525,50.2579],[7.6383,50.2463],[7.6006,50.2502],[7.5784,50.2412],[7.5845,50.2347],[7.6039,50.2327],[7.6198,50.2172],[7.6405,50.2048],[7.6465,50.1922],[7.6442,50.1803],[7.6537,50.1755],[7.6989,50.167],[7.7227,50.149],[7.7254,50.1397],[7.7387,50.1295],[7.7226,50.1171],[7.7248,50.111],[7.744,50.0998],[7.7648,50.0826],[7.774,50.0665],[7.7822,50.0666],[7.8035,50.0846],[7.8168,50.0807],[7.8392,50.0875],[7.8313,50.0995],[7.8431,50.1117],[7.8449,50.1235],[7.86,50.1276],[7.8654,50.1209],[7.8847,50.1144],[7.9007,50.1223],[7.9246,50.1127],[7.9229,50.135],[7.928,50.1414],[7.9082,50.1563],[7.884,50.1696],[7.8828,50.1813],[7.9125,50.1955],[7.9208,50.208],[7.9516,50.2143],[7.9531,50.2204],[7.9713,50.2225],[7.9925,50.2323],[8.0056,50.2273],[8.0161,50.2172],[8.0329,50.2208],[8.0561,50.2338],[8.0385,50.2462],[8.0256,50.2617],[8.0359,50.2712],[8.0721,50.2732],[8.0747,50.2672],[8.1068,50.2609],[8.1219,50.2772],[8.1206,50.2959],[8.1024,50.3098],[8.1072,50.3216],[8.0727,50.3343],[8.0772,50.3404],[8.0659,50.3672],[8.0379,50.3825],[8.0224,50.3822],[8.021,50.3987],[7.9907,50.3995],[7.9824,50.4081],[7.9716,50.4062]]]}},{"type":"Feature","properties":{"code":"DE-07143","name":"Landkreis Westerwaldkreis","country":"DE","region":"Rheinland-Pfalz"},"geometry":{"type":"Polygon","coordinates":[[[8.0397,50.6974],[8.0284,50.697],[8.0052,50.6883],[7.9929,50.676],[7.9639,50.6781],[7.9688,50.6922],[7.947,50.7088],[7.9311,50.7105],[7.9026,50.7188],[7.8909,50.7158],[7.8822,50.6955],[7.8836,50.6791],[7.8579,50.6835],[7.86,50.6968],[7.8364,50.7118],[7.8145,50.7073],[7.8004,50.7164],[7.8048,50.7312],[7.7684,50.7326],[7.7439,50.73],[7.729,50.7341],[7.7277,50.7173],[7.7152,50.716],[7.6968,50.7067],[7.7003,50.6938],[7.7256,50.6888],[7.7207,50.6726],[7.6961,50.673],[7.691,50.6626],[7.704,50.6547],[7.7008,50.6229],[7.6759,50.6143],[7.6652,50.5946],[7.6802,50.5935],[7.6865,50.5736],[7.7042,50.5617],[7.693,50.5532],[7.703,50.5426],[7.6955,50.528],[7.678,50.5252],[7.6683,50.5188],[7.6683,50.5053],[7.6785,50.4963],[7.6615,50.4932],[7.6487,50.4854],[7.6044,50.4818],[7.5983,50.4646],[7.614,50.4613],[7.613,50.454],[7.6253,50.4428],[7.6351,50.4455],[7.6445,50.4347],[7.6682,50.4249],[7.6743,50.4006],[7.6501,50.3999],[7.6445,50.389],[7.6641,50.3815],[7.6865,50.3735],[7.6889,50.3601],[7.6994,50.3581],[7.7367,50.3686],[7.7354,50.3818],[7.7446,50.3963],[7.756,50.4007],[7.7682,50.3947],[7.7829,50.3955],[7.7894,50.3842],[7.7697,50.3712],[7.7775,50.3575],[7.7954,50.3627],[7.8268,50.3525],[7.8602,50.3475],[7.8703,50.3502],[7.8859,50.3837],[7.8816,50.3979],[7.8985,50.4012],[7.9149,50.4109],[7.9374,50.4146],[7.946,50.4007],[7.955,50.3988],[7.9716,50.4062],[7.9878,50.4279],[7.9828,50.436],[7.9906,50.4439],[8.0108,50.4527],[7.9877,50.4727],[7.9812,50.4937],[7.99,50.4986],[7.9847,50.5096],[7.9929,50.5221],[8.0091,50.5295],[8.0429,50.5538],[8.0664,50.5489],[8.0705,50.538],[8.115,50.5358],[8.1112,50.5437],[8.1319,50.557],[8.1471,50.5821],[8.1516,50.5994],[8.128,50.6077],[8.1377,50.6182],[8.1403,50.6317],[8.1101,50.6573],[8.1102,50.6709],[8.1258,50.6858],[8.0992,50.7036],[8.0825,50.7029],[8.0597,50.695],[8.0397,50.6974]]]}},{"type":"Feature","properties":{"code":"DE-07211","name":"Kreisfreie Stadt Trier","country":"DE","region":"Rheinland-Pfalz"},"geometry":{"type":"Polygon","coordinates":[[[6.6723,49.8443],[6.6599,49.8225],[6.6561,49.8093],[6.6389,49.8041],[6.6292,49.785],[6.6022,49.7794],[6.5938,49.7724],[6.6127,49.7682],[6.6156,49.7622],[6.5955,49.7547],[6.5788,49.7573],[6.5542,49.7398],[6.5529,49.7286],[6.5669,49.702],[6.5751,49.7077],[6.6095,49.7189],[6.6101,49.7086],[6.6228,49.7],[6.6444,49.6993],[6.6573,49.7115],[6.6793,49.7077],[6.6965,49.71],[6.7126,49.7202],[6.7149,49.7339],[6.7298,49.7384],[6.6984,49.763],[6.6966,49.7719],[6.7126,49.7765],[6.7312,49.7766],[6.7266,49.7915],[6.7024,49.8042],[6.7415,49.813],[6.7135,49.8211],[6.7036,49.8472],[6.69,49.8562],[6.6735,49.8534],[6.6723,49.8443]]]}},{"type":"Feature","properties":{"code":"DE-07231","name":"Landkreis Bernkastel-Wittlich","country":"DE","region":"Rheinland-Pfalz"},"geometry":{"type":"Polygon","coordinates":[[[6.979,50.0979],[6.9551,50.0836],[6.9425,50.0887],[6.9113,50.0742],[6.9018,50.0876],[6.9028,50.0979],[6.8778,50.108],[6.8798,50.1153],[6.8567,50.1315],[6.8138,50.1229],[6.7758,50.1081],[6.7755,50.1137],[6.755,50.1178],[6.7508,50.1084],[6.7327,50.0968],[6.7301,50.0907],[6.7012,50.0887],[6.7003,50.0845],[6.6953,50.0753],[6.6985,50.0594],[6.718,50.0454],[6.6995,50.0405],[6.7047,50.0334],[6.7003,50.0223],[6.7087,50.0141],[6.7282,49.984],[6.7139,49.9849],[6.6812,49.9649],[6.6927,49.9507],[6.7045,49.9482],[6.7047,49.9308],[6.7143,49.9186],[6.7116,49.9055],[6.7224,49.8951],[6.7239,49.8812],[6.763,49.8915],[6.7669,49.8797],[6.7846,49.8776],[6.7976,49.8607],[6.8401,49.8637],[6.8572,49.8625],[6.8779,49.8692],[6.8861,49.8472],[6.9011,49.8318],[6.9299,49.8238],[6.9439,49.8234],[6.9491,49.8087],[6.9237,49.803],[6.9049,49.8033],[6.896,49.7884],[6.881,49.7847],[6.9074,49.7584],[6.9087,49.7493],[6.9467,49.7354],[6.9524,49.7248],[6.9675,49.7214],[6.9742,49.7128],[6.9656,49.7047],[6.9648,49.6941],[6.9762,49.6902],[6.9925,49.6771],[7.0043,49.673],[7.0443,49.6893],[7.0965,49.7297],[7.1113,49.7467],[7.1303,49.7583],[7.1279,49.7774],[7.1892,49.8125],[7.2143,49.8302],[7.2264,49.8345],[7.2638,49.8556],[7.2592,49.8617],[7.2264,49.8798],[7.2225,49.885],[7.2118,49.9001],[7.2239,49.9138],[7.2336,49.916],[7.2541,49.9412],[7.2216,49.9485],[7.2132,49.9624],[7.2027,49.9663],[7.1897,49.977],[7.1965,49.9864],[7.1628,49.9934],[7.1468,49.9906],[7.1362,49.9999],[7.1253,50.0264],[7.1033,50.0361],[7.1005,50.0616],[7.0724,50.0645],[7.057,50.0698],[7.0424,50.0655],[7.0227,50.0667],[7.0152,50.078],[7.0034,50.0849],[6.9828,50.0826],[6.979,50.0979]]]}},{"type":"Feature","properties":{"code":"DE-07232","name":"Landkreis Eifelkreis Bitburg-Prüm","country":"DE","region":"Rheinland-Pfalz"},"geometry":{"type":"Polygon","coordinates":[[[6.405,50.3233],[6.3826,50.322],[6.3751,50.3138],[6.3359,50.3175],[6.3273,50.3245],[6.3055,50.3176],[6.2854,50.286],[6.2921,50.2788],[6.2779,50.2664],[6.2587,50.2678],[6.2455,50.2619],[6.2187,50.2563],[6.2003,50.2398],[6.1755,50.2351],[6.1777,50.2167],[6.1856,50.2033],[6.1875,50.1789],[6.1469,50.1778],[6.1475,50.1606],[6.1547,50.1419],[6.1388,50.135],[6.1281,50.1162],[6.1332,50.1025],[6.1195,50.0896],[6.1219,50.0692],[6.1124,50.0605],[6.1343,50.0394],[6.1302,50.0293],[6.1459,50.0227],[6.1391,50.0108],[6.1494,50.0063],[6.1426,49.9947],[6.1695,49.9842],[6.1648,49.9737],[6.1773,49.9547],[6.2059,49.9552],[6.2273,49.9366],[6.2262,49.9294],[6.234,49.9],[6.2461,49.8956],[6.2621,49.8809],[6.311,49.8699],[6.3227,49.8507],[6.3205,49.8397],[6.3379,49.8407],[6.3401,49.8482],[6.3642,49.8508],[6.3974,49.8223],[6.4259,49.8157],[6.432,49.8106],[6.4545,49.8115],[6.475,49.8213],[6.504,49.8391],[6.5276,49.8413],[6.5253,49.8532],[6.5427,49.8629],[6.5796,49.8674],[6.5834,49.8834],[6.5962,49.8907],[6.6067,49.8784],[6.6193,49.8832],[6.6297,49.8769],[6.6518,49.8893],[6.6654,49.8916],[6.6817,49.91],[6.6968,49.9146],[6.7116,49.9055],[6.7143,49.9186],[6.7047,49.9308],[6.7045,49.9482],[6.6927,49.9507],[6.6812,49.9649],[6.7139,49.9849],[6.7282,49.984],[6.7087,50.0141],[6.7003,50.0223],[6.7047,50.0334],[6.6995,50.0405],[6.718,50.0454],[6.6985,50.0594],[6.6953,50.0753],[6.7003,50.0845],[6.663,50.0947],[6.6498,50.1114],[6.6364,50.1163],[6.616,50.1058],[6.5828,50.1093],[6.5904,50.1172],[6.575,50.1297],[6.5858,50.135],[6.5516,50.1476],[6.5543,50.166],[6.5613,50.1723],[6.5607,50.1893],[6.5892,50.1957],[6.5867,50.2256],[6.5626,50.2299],[6.5673,50.2445],[6.553,50.2535],[6.5338,50.2504],[6.5195,50.2655],[6.5112,50.2858],[6.4801,50.2899],[6.4683,50.3134],[6.4583,50.3058],[6.4442,50.3041],[6.4207,50.3137],[6.4253,50.323],[6.405,50.3233]]]}},{"type":"Feature","properties":{"code":"DE-07233","name":"Landkreis Vulkaneifel","country":"DE","region":"Rheinland-Pfalz"},"geometry":{"type":"Polygon","coordinates":[[[6.8007,50.3618],[6.7709,50.3612],[6.7535,50.3541],[6.7324,50.3525],[6.706,50.3428],[6.6964,50.3464],[6.6868,50.3584],[6.6674,50.372],[6.656,50.3674],[6.6575,50.357],[6.65,50.3482],[6.6362,50.3454],[6.6215,50.3561],[6.6254,50.3749],[6.6068,50.381],[6.6031,50.3882],[6.5692,50.3766],[6.559,50.3694],[6.5432,50.3662],[6.5305,50.3693],[6.4828,50.3384],[6.4587,50.344],[6.4612,50.359],[6.4486,50.3713],[6.4208,50.3732],[6.413,50.3895],[6.3919,50.3798],[6.4033,50.3465],[6.4253,50.323],[6.4207,50.3137],[6.4442,50.3041],[6.4583,50.3058],[6.4683,50.3134],[6.4801,50.2899],[6.5112,50.2858],[6.5195,50.2655],[6.5338,50.2504],[6.553,50.2535],[6.5673,50.2445],[6.5626,50.2299],[6.5867,50.2256],[6.5892,50.1957],[6.5607,50.1893],[6.5613,50.1723],[6.5543,50.166],[6.5516,50.1476],[6.5858,50.135],[6.575,50.1297],[6.5904,50.1172],[6.5828,50.1093],[6.616,50.1058],[6.6364,50.1163],[6.6498,50.1114],[6.663,50.0947],[6.7003,50.0845],[6.7012,50.0887],[6.7301,50.0907],[6.7327,50.0968],[6.7508,50.1084],[6.755,50.1178],[6.7755,50.1137],[6.7758,50.1081],[6.8138,50.1229],[6.8567,50.1315],[6.8798,50.1153],[6.8778,50.108],[6.9028,50.0979],[6.9018,50.0876],[6.9113,50.0742],[6.9425,50.0887],[6.9551,50.0836],[6.979,50.0979],[6.9776,50.1131],[6.9825,50.1281],[6.9701,50.1484],[6.9581,50.1553],[6.9716,50.1627],[6.9722,50.1756],[6.9527,50.2078],[6.9586,50.2263],[6.9766,50.2365],[6.9948,50.2366],[7.0045,50.2223],[7.0344,50.226],[7.0362,50.2363],[7.0576,50.2484],[7.0704,50.2769],[7.0688,50.2798],[7.0424,50.2893],[7.0171,50.2937],[6.9999,50.29],[6.9875,50.2971],[6.982,50.3073],[6.9892,50.3189],[7.0043,50.3196],[7.018,50.3303],[7.0091,50.3496],[6.9843,50.3489],[6.9839,50.3425],[6.9524,50.3296],[6.9363,50.3089],[6.9166,50.3083],[6.892,50.3208],[6.8534,50.3257],[6.8362,50.3181],[6.8149,50.3291],[6.7984,50.3448],[6.8007,50.3618]]]}},{"type":"Feature","properties":{"code":"DE-07235","name":"Landkreis Trier-Saarburg","country":"DE","region":"Rheinland-Pfalz"},"geometry":{"type":"Polygon","coordinates":[[[6.7116,49.9055],[6.6968,49.9146],[6.6817,49.91],[6.6654,49.8916],[6.6518,49.8893],[6.6297,49.8769],[6.6193,49.8832],[6.6067,49.8784],[6.5962,49.8907],[6.5834,49.8834],[6.5796,49.8674],[6.5427,49.8629],[6.5253,49.8532],[6.5276,49.8413],[6.504,49.8391],[6.475,49.8213],[6.4888,49.8119],[6.505,49.8096],[6.5216,49.8132],[6.5308,49.8056],[6.5079,49.7919],[6.5168,49.7818],[6.5098,49.7742],[6.5184,49.7617],[6.5005,49.7521],[6.5016,49.7347],[6.4951,49.7247],[6.506,49.7168],[6.4793,49.6964],[6.4581,49.6901],[6.4473,49.6782],[6.4266,49.6648],[6.4408,49.6559],[6.4223,49.6213],[6.4023,49.6045],[6.3846,49.5993],[6.3744,49.5911],[6.3815,49.5814],[6.3596,49.5754],[6.359,49.5703],[6.3801,49.5595],[6.3801,49.5511],[6.4184,49.544],[6.4303,49.549],[6.4495,49.542],[6.4767,49.5417],[6.4941,49.5306],[6.5076,49.5353],[6.5229,49.5283],[6.5386,49.5395],[6.5687,49.5377],[6.5884,49.5175],[6.6036,49.518],[6.6184,49.5295],[6.617,49.5355],[6.636,49.5419],[6.646,49.5391],[6.6842,49.5482],[6.7009,49.5423],[6.7101,49.5539],[6.7283,49.5589],[6.748,49.5579],[6.7646,49.5678],[6.7782,49.5702],[6.7982,49.5863],[6.8134,49.592],[6.8354,49.5829],[6.846,49.5896],[6.8579,49.6056],[6.88,49.6062],[6.8915,49.6134],[6.9277,49.6183],[6.9747,49.6339],[7.0124,49.6284],[7.028,49.6394],[7.0508,49.6546],[7.044,49.6716],[7.0615,49.6808],[7.0443,49.6893],[7.0043,49.673],[6.9925,49.6771],[6.9762,49.6902],[6.9648,49.6941],[6.9656,49.7047],[6.9742,49.7128],[6.9675,49.7214],[6.9524,49.7248],[6.9467,49.7354],[6.9087,49.7493],[6.9074,49.7584],[6.881,49.7847],[6.896,49.7884],[6.9049,49.8033],[6.9237,49.803],[6.9491,49.8087],[6.9439,49.8234],[6.9299,49.8238],[6.9011,49.8318],[6.8861,49.8472],[6.8779,49.8692],[6.8572,49.8625],[6.8401,49.8637],[6.7976,49.8607],[6.7846,49.8776],[6.7669,49.8797],[6.763,49.8915],[6.7239,49.8812],[6.7224,49.8951],[6.7116,49.9055]],[[6.6723,49.8443],[6.6735,49.8534],[6.69,49.8562],[6.7036,49.8472],[6.7135,49.8211],[6.7415,49.813],[6.7024,49.8042],[6.7266,49.7915],[6.7312,49.7766],[6.7126,49.7765],[6.6966,49.7719],[6.6984,49.763],[6.7298,49.7384],[6.7149,49.7339],[6.7126,49.7202],[6.6965,49.71],[6.6793,49.7077],[6.6573,49.7115],[6.6444,49.6993],[6.6228,49.7],[6.6101,49.7086],[6.6095,49.7189],[6.5751,49.7077],[6.5669,49.702],[6.5529,49.7286],[6.5542,49.7398],[6.5788,49.7573],[6.5955,49.7547],[6.6156,49.7622],[6.6127,49.7682],[6.5938,49.7724],[6.6022,49.7794],[6.6292,49.785],[6.6389,49.8041],[6.6561,49.8093],[6.6599,49.8225],[6.6723,49.8443]]]}},{"type":"Feature","properties":{"code":"DE-07311","name":"Kreisfreie Stadt Frankenthal (Pfalz)","country":"DE","region":"Rheinland-Pfalz"},"geometry":{"type":"Polygon","coordinates":[[[8.4227,49.5742],[8.4071,49.582],[8.3768,49.5655],[8.3577,49.5711],[8.3565,49.5611],[8.3386,49.5578],[8.3376,49.5505],[8.3193,49.5509],[8.3231,49.5366],[8.3106,49.5291],[8.3136,49.5065],[8.3094,49.4853],[8.3456,49.4903],[8.3691,49.4994],[8.3792,49.539],[8.393,49.5501],[8.4231,49.5418],[8.4146,49.562],[8.4227,49.5742]]]}},{"type":"Feature","properties":{"code":"DE-07312","name":"Kreisfreie Stadt Kaiserslautern","country":"DE","region":"Rheinland-Pfalz"},"geometry":{"type":"Polygon","coordinates":[[[7.8488,49.3622],[7.8273,49.3726],[7.8152,49.3957],[7.8305,49.396],[7.8691,49.4084],[7.8707,49.4214],[7.8559,49.4447],[7.8582,49.4516],[7.8436,49.4655],[7.8138,49.4621],[7.7984,49.4708],[7.8066,49.4778],[7.7783,49.4907],[7.763,49.4909],[7.7555,49.476],[7.7377,49.4729],[7.7216,49.4865],[7.7031,49.4951],[7.6796,49.4873],[7.6824,49.4598],[7.7003,49.4531],[7.6982,49.4438],[7.671,49.4494],[7.6352,49.4466],[7.6299,49.4252],[7.6496,49.4299],[7.6617,49.4264],[7.6767,49.4093],[7.68,49.3983],[7.7003,49.387],[7.7088,49.394],[7.7348,49.3922],[7.7697,49.3952],[7.7757,49.3883],[7.7953,49.3801],[7.8165,49.3638],[7.8405,49.3589],[7.8488,49.3622]]]}},{"type":"Feature","properties":{"code":"DE-07313","name":"Kreisfreie Stadt Landau in der Pfalz","country":"DE","region":"Rheinland-Pfalz"},"geometry":{"type":"MultiPolygon","coordinates":[[[[7.9367,49.309],[7.9133,49.3164],[7.8931,49.3117],[7.8677,49.3133],[7.8676,49.2946],[7.8721,49.2831],[7.9074,49.2793],[7.9345,49.2903],[7.9364,49.2826],[7.9256,49.2755],[7.9459,49.2618],[7.9639,49.2591],[7.964,49.2951],[7.9536,49.298],[7.9373,49.2943],[7.9367,49.309]]],[[[8.1063,49.2339],[8.0576,49.2219],[8.0654,49.2035],[8.0421,49.2009],[8.0389,49.1923],[8.0706,49.1863],[8.0644,49.1718],[8.0543,49.1655],[8.064,49.1557],[8.0909,49.1559],[8.1041,49.1717],[8.1304,49.1703],[8.1545,49.176],[8.1567,49.1698],[8.176,49.1688],[8.1778,49.193],[8.1697,49.2027],[8.157,49.2067],[8.1603,49.2145],[8.1558,49.2276],[8.1292,49.2277],[8.1063,49.2339]]]]}},{"type":"Feature","properties":{"code":"DE-07314","name":"Kreisfreie Stadt Ludwigshafen am Rhein","country":"DE","region":"Rheinland-Pfalz"},"geometry":{"type":"Polygon","coordinates":[[[8.4231,49.5418],[8.393,49.5501],[8.3792,49.539],[8.3691,49.4994],[8.3456,49.4903],[8.3094,49.4853],[8.2991,49.4813],[8.3116,49.4601],[8.3181,49.4591],[8.3578,49.4711],[8.3592,49.4633],[8.3874,49.4308],[8.4114,49.4267],[8.4465,49.439],[8.466,49.4371],[8.4725,49.4435],[8.4555,49.4438],[8.4427,49.4502],[8.4473,49.461],[8.4624,49.4663],[8.4629,49.4729],[8.4453,49.4895],[8.4231,49.5418]]]}},{"type":"Feature","properties":{"code":"DE-07315","name":"Kreisfreie Stadt Mainz","country":"DE","region":"Rheinland-Pfalz"},"geometry":{"type":"Polygon","coordinates":[[[8.2882,49.9951],[8.2724,50.0103],[8.2446,50.0276],[8.2295,50.0314],[8.19,50.0353],[8.1998,50.0222],[8.191,50.0111],[8.1705,50.0034],[8.1555,50.0033],[8.1538,49.9879],[8.1436,49.983],[8.1486,49.9639],[8.1792,49.9675],[8.1908,49.9526],[8.2171,49.9571],[8.2271,49.948],[8.2432,49.9482],[8.245,49.9398],[8.2298,49.9234],[8.2271,49.9002],[8.2487,49.8956],[8.2675,49.9251],[8.2795,49.9313],[8.2798,49.9409],[8.311,49.9413],[8.3262,49.9455],[8.343,49.9405],[8.3422,49.949],[8.3223,49.9736],[8.2882,49.9951]]]}},{"type":"Feature","properties":{"code":"DE-07316","name":"Kreisfreie Stadt Neustadt an der Weinstraße","country":"DE","region":"Rheinland-Pfalz"},"geometry":{"type":"Polygon","coordinates":[[[8.3144,49.3115],[8.2552,49.323],[8.2267,49.3329],[8.2274,49.3469],[8.2177,49.3475],[8.2234,49.3798],[8.2087,49.3783],[8.1988,49.3855],[8.1818,49.39],[8.1481,49.3919],[8.1231,49.3812],[8.0986,49.3885],[8.0974,49.3724],[8.1035,49.3649],[8.0907,49.3602],[8.0762,49.3628],[8.0502,49.353],[8.0147,49.3522],[7.9996,49.3438],[8.0216,49.3347],[8.0117,49.3246],[8.0302,49.3196],[8.0375,49.324],[8.0644,49.3186],[8.0824,49.3236],[8.1057,49.3153],[8.1361,49.3113],[8.1578,49.3147],[8.1991,49.3076],[8.2021,49.2963],[8.223,49.2962],[8.2491,49.3014],[8.2551,49.2972],[8.3174,49.3081],[8.3144,49.3115]]]}},{"type":"Feature","properties":{"code":"DE-07317","name":"Kreisfreie Stadt Pirmasens","country":"DE","region":"Rheinland-Pfalz"},"geometry":{"type":"Polygon","coordinates":[[[7.5874,49.2332],[7.5708,49.2347],[7.5546,49.2202],[7.52,49.2112],[7.5149,49.2004],[7.5391,49.1846],[7.5609,49.1664],[7.5901,49.1736],[7.5899,49.1481],[7.6128,49.1593],[7.6353,49.1626],[7.6415,49.1714],[7.6325,49.178],[7.6557,49.1866],[7.654,49.1957],[7.6657,49.208],[7.6602,49.212],[7.6734,49.2286],[7.6278,49.2218],[7.6012,49.2333],[7.5874,49.2332]]]}},{"type":"Feature","properties":{"code":"DE-07318","name":"Kreisfreie Stadt Speyer","country":"DE","region":"Rheinland-Pfalz"},"geometry":{"type":"Polygon","coordinates":[[[8.4709,49.3407],[8.4668,49.3611],[8.4448,49.3646],[8.442,49.3513],[8.4111,49.3737],[8.3754,49.342],[8.4056,49.3296],[8.3997,49.3197],[8.4035,49.3053],[8.4323,49.2938],[8.467,49.283],[8.4873,49.29],[8.4872,49.3017],[8.4781,49.3083],[8.4586,49.3129],[8.4505,49.3217],[8.4543,49.331],[8.4709,49.3407]]]}},{"type":"Feature","properties":{"code":"DE-07319","name":"Kreisfreie Stadt Worms","country":"DE","region":"Rheinland-Pfalz"},"geometry":{"type":"Polygon","coordinates":[[[8.4464,49.7308],[8.4225,49.7262],[8.3995,49.7367],[8.3696,49.7303],[8.3524,49.7305],[8.3499,49.6955],[8.3428,49.6827],[8.3092,49.6841],[8.288,49.6929],[8.2576,49.6887],[8.2614,49.6716],[8.2726,49.6686],[8.2788,49.655],[8.2452,49.6502],[8.2384,49.6268],[8.2529,49.6181],[8.2562,49.5913],[8.281,49.5868],[8.3227,49.5947],[8.343,49.5951],[8.352,49.6076],[8.3625,49.6022],[8.3865,49.6037],[8.4052,49.5937],[8.4148,49.5951],[8.4105,49.6034],[8.3929,49.6153],[8.3808,49.6293],[8.3696,49.6592],[8.3565,49.678],[8.3573,49.6921],[8.375,49.7045],[8.4193,49.7152],[8.4382,49.7223],[8.4464,49.7308]]]}},{"type":"Feature","properties":{"code":"DE-07320","name":"Kreisfreie Stadt Zweibrücken","country":"DE","region":"Rheinland-Pfalz"},"geometry":{"type":"Polygon","coordinates":[[[7.3203,49.1895],[7.3327,49.2055],[7.3518,49.2061],[7.399,49.2146],[7.4171,49.228],[7.4018,49.2338],[7.4047,49.2462],[7.4215,49.2631],[7.4422,49.2755],[7.4246,49.2859],[7.4063,49.2905],[7.4107,49.3026],[7.406,49.3162],[7.3945,49.3164],[7.3807,49.3067],[7.3854,49.2941],[7.3653,49.2781],[7.3415,49.2815],[7.3391,49.2639],[7.3249,49.2575],[7.3065,49.2561],[7.3035,49.2455],[7.289,49.2306],[7.3029,49.2233],[7.2983,49.214],[7.3057,49.201],[7.3203,49.1895]]]}},{"type":"Feature","properties":{"code":"DE-07331","name":"Landkreis Alzey-Worms","country":"DE","region":"Rheinland-Pfalz"},"geometry":{"type":"Polygon","coordinates":[[[8.4001,49.8037],[8.3746,49.7977],[8.3545,49.7818],[8.3146,49.7843],[8.2929,49.7617],[8.2962,49.7549],[8.2822,49.7485],[8.2722,49.7596],[8.254,49.7677],[8.2336,49.7721],[8.2323,49.7903],[8.2256,49.7981],[8.2356,49.8062],[8.2282,49.8238],[8.1986,49.8216],[8.1893,49.8434],[8.2116,49.849],[8.1912,49.8766],[8.1923,49.8837],[8.1769,49.9],[8.16,49.8936],[8.1277,49.8907],[8.1189,49.8994],[8.0917,49.889],[8.0589,49.8878],[8.0489,49.8842],[8.0649,49.8713],[8.0125,49.8513],[7.9929,49.8344],[7.9636,49.8331],[7.9441,49.8181],[7.9276,49.8114],[7.9326,49.7986],[7.9324,49.7661],[7.9206,49.7639],[7.9054,49.7523],[7.9216,49.7426],[7.9374,49.7536],[7.9487,49.7459],[7.9354,49.7386],[7.9414,49.7313],[7.9645,49.7276],[7.9603,49.7017],[7.9732,49.6977],[7.9945,49.6989],[8.0089,49.7069],[8.034,49.7075],[8.0571,49.6993],[8.1024,49.6983],[8.111,49.6783],[8.1209,49.6707],[8.1324,49.6735],[8.1564,49.6547],[8.1576,49.6411],[8.1524,49.6269],[8.1541,49.623],[8.1914,49.6276],[8.2118,49.6107],[8.2189,49.61],[8.233,49.5881],[8.2562,49.5913],[8.2529,49.6181],[8.2384,49.6268],[8.2452,49.6502],[8.2788,49.655],[8.2726,49.6686],[8.2614,49.6716],[8.2576,49.6887],[8.288,49.6929],[8.3092,49.6841],[8.3428,49.6827],[8.3499,49.6955],[8.3524,49.7305],[8.3696,49.7303],[8.3995,49.7367],[8.4225,49.7262],[8.4464,49.7308],[8.4484,49.7337],[8.4542,49.741],[8.4774,49.7572],[8.4786,49.7652],[8.4666,49.7692],[8.4431,49.7657],[8.4241,49.7679],[8.4149,49.7758],[8.4121,49.7867],[8.4001,49.8037]]]}},{"type":"Feature","properties":{"code":"DE-07332","name":"Landkreis Bad Dürkheim","country":"DE","region":"Rheinland-Pfalz"},"geometry":{"type":"Polygon","coordinates":[[[8.2562,49.5913],[8.233,49.5881],[8.2189,49.61],[8.2118,49.6107],[8.1914,49.6276],[8.1541,49.623],[8.1524,49.6269],[8.1386,49.6163],[8.1156,49.6047],[8.1235,49.5971],[8.115,49.5846],[8.0929,49.5741],[8.1014,49.554],[8.0826,49.5448],[8.0631,49.5427],[8.0466,49.5301],[8.0444,49.5234],[8.0211,49.5137],[8.0088,49.4984],[7.9901,49.4928],[7.9641,49.4896],[7.9512,49.4786],[7.9513,49.4612],[7.9664,49.4417],[7.9817,49.4413],[7.9804,49.4267],[7.9509,49.4171],[7.961,49.4009],[7.9427,49.3881],[7.9231,49.3933],[7.906,49.3881],[7.8963,49.3792],[7.8839,49.38],[7.8571,49.3735],[7.8488,49.3622],[7.8405,49.3589],[7.8342,49.3559],[7.8246,49.3348],[7.832,49.3238],[7.8553,49.3331],[7.8606,49.3182],[7.8677,49.3133],[7.8931,49.3117],[7.9133,49.3164],[7.9367,49.309],[7.9393,49.32],[7.9723,49.3292],[7.9841,49.3424],[7.9996,49.3438],[8.0147,49.3522],[8.0502,49.353],[8.0762,49.3628],[8.0907,49.3602],[8.1035,49.3649],[8.0974,49.3724],[8.0986,49.3885],[8.1231,49.3812],[8.1481,49.3919],[8.1818,49.39],[8.1988,49.3855],[8.2087,49.3783],[8.2234,49.3798],[8.2177,49.3475],[8.2274,49.3469],[8.2267,49.3329],[8.2552,49.323],[8.3144,49.3115],[8.3174,49.3151],[8.304,49.3499],[8.2929,49.3658],[8.295,49.3735],[8.273,49.3904],[8.2579,49.4209],[8.2378,49.4183],[8.2358,49.4396],[8.2837,49.4469],[8.2712,49.4788],[8.2544,49.4775],[8.2478,49.486],[8.2695,49.4979],[8.2714,49.5085],[8.266,49.5284],[8.2678,49.5371],[8.2817,49.5428],[8.2842,49.5503],[8.2793,49.5739],[8.281,49.5868],[8.2562,49.5913]]]}},{"type":"Feature","properties":{"code":"DE-07333","name":"Landkreis Donnersbergkreis","country":"DE","region":"Rheinland-Pfalz"},"geometry":{"type":"Polygon","coordinates":[[[7.9054,49.7523],[7.8959,49.7606],[7.8701,49.756],[7.8619,49.7658],[7.8438,49.7622],[7.8242,49.7518],[7.8041,49.7576],[7.7804,49.7512],[7.7723,49.7643],[7.7578,49.7589],[7.7668,49.7437],[7.7237,49.7173],[7.7329,49.6964],[7.7199,49.6832],[7.7211,49.6717],[7.711,49.6654],[7.7033,49.6525],[7.7206,49.6463],[7.7169,49.6336],[7.723,49.6278],[7.6969,49.62],[7.7059,49.6087],[7.705,49.5967],[7.6963,49.5887],[7.7194,49.5904],[7.7396,49.5854],[7.7515,49.5761],[7.7828,49.5592],[7.7633,49.5449],[7.7724,49.5341],[7.8057,49.5384],[7.8535,49.5206],[7.8719,49.5215],[7.8853,49.5284],[7.9123,49.5344],[7.9571,49.5266],[7.951,49.5143],[7.957,49.5095],[7.9566,49.493],[7.9641,49.4896],[7.9901,49.4928],[8.0088,49.4984],[8.0211,49.5137],[8.0444,49.5234],[8.0466,49.5301],[8.0631,49.5427],[8.0826,49.5448],[8.1014,49.554],[8.0929,49.5741],[8.115,49.5846],[8.1235,49.5971],[8.1156,49.6047],[8.1386,49.6163],[8.1524,49.6269],[8.1576,49.6411],[8.1564,49.6547],[8.1324,49.6735],[8.1209,49.6707],[8.111,49.6783],[8.1024,49.6983],[8.0571,49.6993],[8.034,49.7075],[8.0089,49.7069],[7.9945,49.6989],[7.9732,49.6977],[7.9603,49.7017],[7.9645,49.7276],[7.9414,49.7313],[7.9354,49.7386],[7.9487,49.7459],[7.9374,49.7536],[7.9216,49.7426],[7.9054,49.7523]]]}},{"type":"Feature","properties":{"code":"DE-07334","name":"Landkreis Germersheim","country":"DE","region":"Rheinland-Pfalz"},"geometry":{"type":"Polygon","coordinates":[[[8.4131,49.2498],[8.3908,49.2533],[8.3689,49.2681],[8.3675,49.2815],[8.3203,49.2967],[8.2978,49.2827],[8.2476,49.2756],[8.2511,49.2634],[8.2318,49.2603],[8.2387,49.2317],[8.2374,49.2105],[8.2159,49.2093],[8.2163,49.1711],[8.2561,49.1727],[8.2578,49.1592],[8.2554,49.1277],[8.2301,49.124],[8.2016,49.1108],[8.1822,49.121],[8.166,49.136],[8.1395,49.1271],[8.1178,49.1314],[8.119,49.1017],[8.1018,49.0985],[8.1014,49.0907],[8.0842,49.0871],[8.0757,49.0722],[8.0556,49.0738],[8.0571,49.0607],[8.0696,49.0631],[8.0764,49.0333],[8.074,49.0169],[8.0667,49.0108],[8.0684,48.9993],[8.0701,48.9963],[8.1254,48.9847],[8.1535,48.9771],[8.1706,48.979],[8.1944,48.9771],[8.1993,48.9669],[8.2226,48.9759],[8.2326,48.9666],[8.2613,48.9809],[8.2773,48.9899],[8.2974,49.0135],[8.3041,49.0407],[8.3164,49.0605],[8.34,49.0802],[8.3604,49.1032],[8.3727,49.152],[8.3676,49.1642],[8.3812,49.1857],[8.385,49.1983],[8.3985,49.2077],[8.4053,49.2206],[8.3876,49.2311],[8.4007,49.2442],[8.4131,49.2498]]]}},{"type":"Feature","properties":{"code":"DE-07335","name":"Landkreis Kaiserslautern","country":"DE","region":"Rheinland-Pfalz"},"geometry":{"type":"Polygon","coordinates":[[[7.9641,49.4896],[7.9566,49.493],[7.957,49.5095],[7.951,49.5143],[7.9571,49.5266],[7.9123,49.5344],[7.8853,49.5284],[7.8719,49.5215],[7.8535,49.5206],[7.8057,49.5384],[7.7724,49.5341],[7.7633,49.5449],[7.7828,49.5592],[7.7515,49.5761],[7.7396,49.5854],[7.7194,49.5904],[7.6963,49.5887],[7.6802,49.5921],[7.6717,49.5859],[7.6517,49.5881],[7.6393,49.575],[7.6603,49.5708],[7.6566,49.5564],[7.6379,49.5399],[7.6117,49.5334],[7.6065,49.5216],[7.5846,49.53],[7.5656,49.5203],[7.5278,49.5165],[7.4818,49.4901],[7.4617,49.4667],[7.4463,49.4533],[7.4633,49.44],[7.4589,49.4346],[7.4243,49.4232],[7.4048,49.4053],[7.3987,49.3908],[7.4048,49.3778],[7.3959,49.372],[7.4021,49.3677],[7.409,49.3618],[7.441,49.3555],[7.4561,49.3479],[7.4835,49.3416],[7.5029,49.356],[7.5182,49.3431],[7.5374,49.3391],[7.559,49.3526],[7.5724,49.3722],[7.6033,49.377],[7.6116,49.3602],[7.6241,49.3609],[7.6229,49.3456],[7.6681,49.3424],[7.6814,49.3385],[7.7326,49.3448],[7.7593,49.345],[7.765,49.3404],[7.7646,49.3202],[7.8002,49.3092],[7.8115,49.3182],[7.8279,49.3176],[7.832,49.3238],[7.8246,49.3348],[7.8342,49.3559],[7.8405,49.3589],[7.8165,49.3638],[7.7953,49.3801],[7.7757,49.3883],[7.7697,49.3952],[7.7348,49.3922],[7.7088,49.394],[7.7003,49.387],[7.68,49.3983],[7.6767,49.4093],[7.6617,49.4264],[7.6496,49.4299],[7.6299,49.4252],[7.6352,49.4466],[7.671,49.4494],[7.6982,49.4438],[7.7003,49.4531],[7.6824,49.4598],[7.6796,49.4873],[7.7031,49.4951],[7.7216,49.4865],[7.7377,49.4729],[7.7555,49.476],[7.763,49.4909],[7.7783,49.4907],[7.8066,49.4778],[7.7984,49.4708],[7.8138,49.4621],[7.8436,49.4655],[7.8582,49.4516],[7.8559,49.4447],[7.8707,49.4214],[7.8691,49.4084],[7.8305,49.396],[7.8152,49.3957],[7.8273,49.3726],[7.8488,49.3622],[7.8571,49.3735],[7.8839,49.38],[7.8963,49.3792],[7.906,49.3881],[7.9231,49.3933],[7.9427,49.3881],[7.961,49.4009],[7.9509,49.4171],[7.9804,49.4267],[7.9817,49.4413],[7.9664,49.4417],[7.9513,49.4612],[7.9512,49.4786],[7.9641,49.4896]]]}},{"type":"Feature","properties":{"code":"DE-07336","name":"Landkreis Kusel","country":"DE","region":"Rheinland-Pfalz"},"geometry":{"type":"Polygon","coordinates":[[[7.7033,49.6525],[7.6774,49.6398],[7.655,49.6384],[7.6586,49.6567],[7.6667,49.6598],[7.6652,49.6795],[7.6713,49.6879],[7.6528,49.6987],[7.6426,49.687],[7.6191,49.6864],[7.5997,49.6798],[7.5773,49.6887],[7.5649,49.686],[7.5479,49.6928],[7.5305,49.71],[7.5228,49.7076],[7.5215,49.6858],[7.5158,49.6774],[7.4907,49.6749],[7.473,49.6773],[7.4538,49.674],[7.4452,49.6636],[7.4257,49.6535],[7.4365,49.6201],[7.4435,49.6169],[7.4432,49.5983],[7.4205,49.5898],[7.3836,49.6],[7.363,49.5959],[7.347,49.5804],[7.3075,49.5534],[7.2766,49.5486],[7.2761,49.5379],[7.299,49.5314],[7.2971,49.5229],[7.2857,49.5169],[7.2865,49.5009],[7.2795,49.4837],[7.2968,49.4835],[7.3048,49.4724],[7.2869,49.4577],[7.2464,49.4455],[7.2553,49.4406],[7.2526,49.4315],[7.261,49.4236],[7.2728,49.4242],[7.2901,49.4147],[7.2926,49.4082],[7.2989,49.3985],[7.2897,49.3933],[7.3294,49.3802],[7.3558,49.3798],[7.3691,49.374],[7.3664,49.3634],[7.3959,49.372],[7.4048,49.3778],[7.3987,49.3908],[7.4048,49.4053],[7.4243,49.4232],[7.4589,49.4346],[7.4633,49.44],[7.4463,49.4533],[7.4617,49.4667],[7.4818,49.4901],[7.5278,49.5165],[7.5656,49.5203],[7.5846,49.53],[7.6065,49.5216],[7.6117,49.5334],[7.6379,49.5399],[7.6566,49.5564],[7.6603,49.5708],[7.6393,49.575],[7.6517,49.5881],[7.6717,49.5859],[7.6802,49.5921],[7.6963,49.5887],[7.705,49.5967],[7.7059,49.6087],[7.6969,49.62],[7.723,49.6278],[7.7169,49.6336],[7.7206,49.6463],[7.7033,49.6525]]]}},{"type":"Feature","properties":{"code":"DE-07337","name":"Landkreis Südliche Weinstraße","country":"DE","region":"Rheinland-Pfalz"},"geometry":{"type":"Polygon","coordinates":[[[8.3174,49.3081],[8.2551,49.2972],[8.2491,49.3014],[8.223,49.2962],[8.2021,49.2963],[8.1991,49.3076],[8.1578,49.3147],[8.1361,49.3113],[8.1057,49.3153],[8.0824,49.3236],[8.0644,49.3186],[8.0375,49.324],[8.0302,49.3196],[8.0117,49.3246],[8.0216,49.3347],[7.9996,49.3438],[7.9841,49.3424],[7.9723,49.3292],[7.9393,49.32],[7.9367,49.309],[7.9373,49.2943],[7.9536,49.298],[7.964,49.2951],[7.9639,49.2591],[7.9459,49.2618],[7.9256,49.2755],[7.9364,49.2826],[7.9345,49.2903],[7.9074,49.2793],[7.8721,49.2831],[7.8564,49.2723],[7.8371,49.2723],[7.8283,49.2662],[7.8257,49.248],[7.8492,49.2574],[7.8713,49.2519],[7.8826,49.2444],[7.8671,49.2394],[7.8692,49.2316],[7.9015,49.2327],[7.9148,49.2098],[7.904,49.1899],[7.9167,49.1779],[7.897,49.1476],[7.8847,49.1462],[7.8625,49.1551],[7.8533,49.1313],[7.8605,49.1181],[7.8714,49.1142],[7.9048,49.118],[7.9143,49.1019],[7.9096,49.0915],[7.8888,49.0917],[7.895,49.0778],[7.8804,49.0554],[7.9028,49.0567],[7.9107,49.0451],[7.923,49.0437],[7.9318,49.0581],[7.9451,49.0554],[7.949,49.0472],[7.9644,49.0429],[7.9745,49.0272],[7.994,49.029],[8.0138,49.021],[8.05,49.0138],[8.0684,48.9993],[8.0667,49.0108],[8.074,49.0169],[8.0764,49.0333],[8.0696,49.0631],[8.0571,49.0607],[8.0556,49.0738],[8.0757,49.0722],[8.0842,49.0871],[8.1014,49.0907],[8.1018,49.0985],[8.119,49.1017],[8.1178,49.1314],[8.1395,49.1271],[8.166,49.136],[8.1822,49.121],[8.2016,49.1108],[8.2301,49.124],[8.2554,49.1277],[8.2578,49.1592],[8.2561,49.1727],[8.2163,49.1711],[8.2159,49.2093],[8.2374,49.2105],[8.2387,49.2317],[8.2318,49.2603],[8.2511,49.2634],[8.2476,49.2756],[8.2978,49.2827],[8.3203,49.2967],[8.3174,49.3081]],[[8.1063,49.2339],[8.1292,49.2277],[8.1558,49.2276],[8.1603,49.2145],[8.157,49.2067],[8.1697,49.2027],[8.1778,49.193],[8.176,49.1688],[8.1567,49.1698],[8.1545,49.176],[8.1304,49.1703],[8.1041,49.1717],[8.0909,49.1559],[8.064,49.1557],[8.0543,49.1655],[8.0644,49.1718],[8.0706,49.1863],[8.0389,49.1923],[8.0421,49.2009],[8.0654,49.2035],[8.0576,49.2219],[8.1063,49.2339]]]}},{"type":"Feature","properties":{"code":"DE-07338","name":"Landkreis Rhein-Pfalz-Kreis","country":"DE","region":"Rheinland-Pfalz"},"geometry":{"type":"Polygon","coordinates":[[[8.4148,49.5951],[8.4052,49.5937],[8.3865,49.6037],[8.3625,49.6022],[8.352,49.6076],[8.343,49.5951],[8.3227,49.5947],[8.281,49.5868],[8.2793,49.5739],[8.2842,49.5503],[8.2817,49.5428],[8.2678,49.5371],[8.266,49.5284],[8.2714,49.5085],[8.2695,49.4979],[8.2478,49.486],[8.2544,49.4775],[8.2712,49.4788],[8.2837,49.4469],[8.2358,49.4396],[8.2378,49.4183],[8.2579,49.4209],[8.273,49.3904],[8.295,49.3735],[8.2929,49.3658],[8.304,49.3499],[8.3174,49.3151],[8.3144,49.3115],[8.3174,49.3081],[8.3203,49.2967],[8.3675,49.2815],[8.3689,49.2681],[8.3908,49.2533],[8.4131,49.2498],[8.4316,49.2577],[8.454,49.276],[8.467,49.283],[8.4323,49.2938],[8.4035,49.3053],[8.3997,49.3197],[8.4056,49.3296],[8.3754,49.342],[8.4111,49.3737],[8.442,49.3513],[8.4448,49.3646],[8.4668,49.3611],[8.4709,49.3407],[8.4921,49.3572],[8.5009,49.3764],[8.5004,49.389],[8.4782,49.3751],[8.4635,49.378],[8.4654,49.3873],[8.4962,49.4021],[8.4973,49.4113],[8.508,49.4311],[8.4989,49.4427],[8.4725,49.4435],[8.466,49.4371],[8.4465,49.439],[8.4114,49.4267],[8.3874,49.4308],[8.3592,49.4633],[8.3578,49.4711],[8.3181,49.4591],[8.3116,49.4601],[8.2991,49.4813],[8.3094,49.4853],[8.3136,49.5065],[8.3106,49.5291],[8.3231,49.5366],[8.3193,49.5509],[8.3376,49.5505],[8.3386,49.5578],[8.3565,49.5611],[8.3577,49.5711],[8.3768,49.5655],[8.4071,49.582],[8.4227,49.5742],[8.4224,49.5834],[8.4148,49.5951]]]}},{"type":"Feature","properties":{"code":"DE-07339","name":"Landkreis Mainz-Bingen","country":"DE","region":"Rheinland-Pfalz"},"geometry":{"type":"Polygon","coordinates":[[[7.774,50.0665],[7.7648,50.0826],[7.7058,50.0633],[7.6723,50.0396],[7.6674,50.0336],[7.6908,50.0251],[7.7026,50.0114],[7.7346,49.9987],[7.7584,49.994],[7.7675,49.9885],[7.7735,49.9732],[7.8025,49.9593],[7.8018,49.938],[7.8145,49.9336],[7.8446,49.943],[7.8765,49.9363],[7.8905,49.9301],[7.9101,49.9123],[7.9194,49.8818],[7.9477,49.8806],[7.9688,49.8541],[7.9545,49.8461],[7.9636,49.8331],[7.9929,49.8344],[8.0125,49.8513],[8.0649,49.8713],[8.0489,49.8842],[8.0589,49.8878],[8.0917,49.889],[8.1189,49.8994],[8.1277,49.8907],[8.16,49.8936],[8.1769,49.9],[8.1923,49.8837],[8.1912,49.8766],[8.2116,49.849],[8.1893,49.8434],[8.1986,49.8216],[8.2282,49.8238],[8.2356,49.8062],[8.2256,49.7981],[8.2323,49.7903],[8.2336,49.7721],[8.254,49.7677],[8.2722,49.7596],[8.2822,49.7485],[8.2962,49.7549],[8.2929,49.7617],[8.3146,49.7843],[8.3545,49.7818],[8.3746,49.7977],[8.4001,49.8037],[8.3826,49.819],[8.3784,49.8333],[8.3854,49.8509],[8.38,49.859],[8.3575,49.8649],[8.3465,49.8748],[8.3426,49.8886],[8.3524,49.9059],[8.3534,49.92],[8.343,49.9405],[8.3262,49.9455],[8.311,49.9413],[8.2798,49.9409],[8.2795,49.9313],[8.2675,49.9251],[8.2487,49.8956],[8.2271,49.9002],[8.2298,49.9234],[8.245,49.9398],[8.2432,49.9482],[8.2271,49.948],[8.2171,49.9571],[8.1908,49.9526],[8.1792,49.9675],[8.1486,49.9639],[8.1436,49.983],[8.1538,49.9879],[8.1555,50.0033],[8.1705,50.0034],[8.191,50.0111],[8.1998,50.0222],[8.19,50.0353],[8.1751,50.0343],[8.1114,50.0189],[8.0932,50.0107],[8.0725,50.0059],[8.0364,50.0023],[7.9713,49.9787],[7.9366,49.9738],[7.8873,49.9718],[7.8644,49.9827],[7.8572,50.0082],[7.8279,50.0228],[7.8059,50.0393],[7.7922,50.0442],[7.7734,50.0569],[7.774,50.0665]]]}},{"type":"Feature","properties":{"code":"DE-07340","name":"Landkreis Südwestpfalz","country":"DE","region":"Rheinland-Pfalz"},"geometry":{"type":"Polygon","coordinates":[[[7.832,49.3238],[7.8279,49.3176],[7.8115,49.3182],[7.8002,49.3092],[7.7646,49.3202],[7.765,49.3404],[7.7593,49.345],[7.7326,49.3448],[7.6814,49.3385],[7.6681,49.3424],[7.6229,49.3456],[7.6241,49.3609],[7.6116,49.3602],[7.6033,49.377],[7.5724,49.3722],[7.559,49.3526],[7.5374,49.3391],[7.5182,49.3431],[7.5029,49.356],[7.4835,49.3416],[7.4561,49.3479],[7.441,49.3555],[7.409,49.3618],[7.4021,49.3677],[7.3939,49.3541],[7.4038,49.3461],[7.3928,49.3283],[7.3945,49.3164],[7.406,49.3162],[7.4107,49.3026],[7.4063,49.2905],[7.4246,49.2859],[7.4422,49.2755],[7.4215,49.2631],[7.4047,49.2462],[7.4018,49.2338],[7.4171,49.228],[7.399,49.2146],[7.3518,49.2061],[7.3327,49.2055],[7.3203,49.1895],[7.3385,49.1844],[7.3359,49.1759],[7.3501,49.1628],[7.3688,49.1615],[7.3651,49.1718],[7.3793,49.1749],[7.4359,49.1797],[7.4577,49.163],[7.4673,49.1673],[7.494,49.1694],[7.4932,49.1606],[7.5064,49.1547],[7.4967,49.1354],[7.5055,49.1224],[7.5155,49.121],[7.5287,49.0971],[7.5498,49.0858],[7.5691,49.0795],[7.601,49.0832],[7.6308,49.0726],[7.6312,49.0549],[7.6734,49.0451],[7.6923,49.0489],[7.6959,49.0578],[7.7202,49.0516],[7.7314,49.0555],[7.7407,49.0473],[7.7693,49.0476],[7.7763,49.0565],[7.7944,49.0657],[7.8157,49.055],[7.8516,49.0423],[7.8668,49.0329],[7.8891,49.049],[7.9107,49.0451],[7.9028,49.0567],[7.8804,49.0554],[7.895,49.0778],[7.8888,49.0917],[7.9096,49.0915],[7.9143,49.1019],[7.9048,49.118],[7.8714,49.1142],[7.8605,49.1181],[7.8533,49.1313],[7.8625,49.1551],[7.8847,49.1462],[7.897,49.1476],[7.9167,49.1779],[7.904,49.1899],[7.9148,49.2098],[7.9015,49.2327],[7.8692,49.2316],[7.8671,49.2394],[7.8826,49.2444],[7.8713,49.2519],[7.8492,49.2574],[7.8257,49.248],[7.8283,49.2662],[7.8371,49.2723],[7.8564,49.2723],[7.8721,49.2831],[7.8676,49.2946],[7.8677,49.3133],[7.8606,49.3182],[7.8553,49.3331],[7.832,49.3238]],[[7.5874,49.2332],[7.6012,49.2333],[7.6278,49.2218],[7.6734,49.2286],[7.6602,49.212],[7.6657,49.208],[7.654,49.1957],[7.6557,49.1866],[7.6325,49.178],[7.6415,49.1714],[7.6353,49.1626],[7.6128,49.1593],[7.5899,49.1481],[7.5901,49.1736],[7.5609,49.1664],[7.5391,49.1846],[7.5149,49.2004],[7.52,49.2112],[7.5546,49.2202],[7.5708,49.2347],[7.5874,49.2332]]]}},{"type":"Feature","properties":{"code":"DE-08111","name":"Stadtkreis Stuttgart","country":"DE","region":"Baden-Württemberg"},"geometry":{"type":"Polygon","coordinates":[[[9.2442,48.847],[9.2336,48.8494],[9.23,48.863],[9.2206,48.8672],[9.2059,48.8614],[9.2075,48.8528],[9.1882,48.8486],[9.1654,48.8513],[9.1458,48.8595],[9.1381,48.8281],[9.1152,48.8229],[9.0852,48.8331],[9.0799,48.8156],[9.0858,48.8038],[9.075,48.7871],[9.0882,48.782],[9.083,48.7688],[9.068,48.7566],[9.0594,48.7466],[9.0561,48.7331],[9.0838,48.715],[9.1047,48.7091],[9.1394,48.7082],[9.1708,48.7041],[9.1974,48.6908],[9.2181,48.6904],[9.2397,48.6983],[9.2132,48.7262],[9.2244,48.7331],[9.2612,48.7439],[9.2761,48.7701],[9.2882,48.7689],[9.3022,48.7759],[9.3136,48.7745],[9.2936,48.7823],[9.2952,48.7891],[9.263,48.7926],[9.2547,48.8002],[9.2531,48.8198],[9.2434,48.8229],[9.2442,48.847]]]}},{"type":"Feature","properties":{"code":"DE-08115","name":"Landkreis Böblingen","country":"DE","region":"Baden-Württemberg"},"geometry":{"type":"Polygon","coordinates":[[[9.068,48.7566],[9.0514,48.7635],[9.0422,48.7835],[9.0434,48.7893],[9.0302,48.7994],[9.0424,48.8093],[9.0431,48.8211],[9.0241,48.8294],[9.0056,48.8272],[8.9954,48.8324],[8.9811,48.8303],[8.9635,48.835],[8.9612,48.8467],[8.9526,48.8564],[8.9288,48.8666],[8.9053,48.8623],[8.8948,48.8469],[8.873,48.8369],[8.8833,48.8315],[8.8772,48.8206],[8.8928,48.8131],[8.8916,48.8035],[8.8678,48.7924],[8.8475,48.7926],[8.831,48.7972],[8.8042,48.7778],[8.8356,48.7523],[8.8292,48.7365],[8.8545,48.7346],[8.8786,48.7248],[8.8606,48.7035],[8.8632,48.6972],[8.8472,48.6854],[8.8273,48.6769],[8.8187,48.6645],[8.7987,48.6586],[8.7956,48.6351],[8.801,48.6112],[8.79,48.5966],[8.7592,48.6038],[8.7515,48.6023],[8.7582,48.556],[8.7654,48.5483],[8.7595,48.5257],[8.7689,48.5218],[8.7899,48.5201],[8.7964,48.5103],[8.8356,48.5032],[8.8577,48.514],[8.8609,48.5274],[8.8509,48.5372],[8.887,48.5418],[8.8898,48.5645],[8.9113,48.5722],[8.9322,48.5644],[8.9452,48.5675],[8.9357,48.5774],[8.9492,48.5871],[8.9789,48.5899],[8.994,48.5844],[9.004,48.588],[9.0348,48.5769],[9.0405,48.5874],[9.0521,48.5932],[9.0698,48.5933],[9.0896,48.6031],[9.0956,48.6217],[9.1078,48.6228],[9.1142,48.6115],[9.1104,48.6053],[9.1292,48.6013],[9.1512,48.6041],[9.1439,48.6179],[9.1678,48.6255],[9.166,48.6438],[9.1546,48.6578],[9.1239,48.6728],[9.0932,48.678],[9.0876,48.6835],[9.1122,48.6913],[9.1047,48.7091],[9.0838,48.715],[9.0561,48.7331],[9.0594,48.7466],[9.068,48.7566]]]}},{"type":"Feature","properties":{"code":"DE-08116","name":"Landkreis Esslingen","country":"DE","region":"Baden-Württemberg"},"geometry":{"type":"Polygon","coordinates":[[[9.5031,48.7539],[9.4727,48.775],[9.4631,48.7706],[9.4452,48.7775],[9.4358,48.7755],[9.4231,48.7635],[9.4131,48.7671],[9.4075,48.779],[9.3908,48.7882],[9.3827,48.7817],[9.3865,48.7704],[9.3447,48.7702],[9.3356,48.7656],[9.3136,48.7745],[9.3022,48.7759],[9.2882,48.7689],[9.2761,48.7701],[9.2612,48.7439],[9.2244,48.7331],[9.2132,48.7262],[9.2397,48.6983],[9.2181,48.6904],[9.1974,48.6908],[9.1708,48.7041],[9.1394,48.7082],[9.1047,48.7091],[9.1122,48.6913],[9.0876,48.6835],[9.0932,48.678],[9.1239,48.6728],[9.1546,48.6578],[9.166,48.6438],[9.1678,48.6255],[9.1439,48.6179],[9.1512,48.6041],[9.1797,48.6046],[9.1883,48.5976],[9.2028,48.6042],[9.2072,48.5728],[9.2252,48.5664],[9.2374,48.5784],[9.2593,48.5663],[9.2953,48.5655],[9.2982,48.5739],[9.3148,48.5803],[9.3216,48.569],[9.3109,48.5647],[9.3146,48.5528],[9.3319,48.5408],[9.3436,48.5462],[9.3637,48.5417],[9.3692,48.5345],[9.393,48.531],[9.4087,48.5381],[9.4186,48.5363],[9.4514,48.5464],[9.4825,48.5353],[9.4795,48.5183],[9.5018,48.5127],[9.5107,48.5229],[9.5246,48.5158],[9.5658,48.5383],[9.5825,48.5391],[9.5607,48.5521],[9.5671,48.5614],[9.5895,48.5715],[9.5964,48.5909],[9.5879,48.6047],[9.596,48.6111],[9.5778,48.6251],[9.5598,48.6299],[9.5493,48.6552],[9.5388,48.6599],[9.5142,48.6572],[9.4952,48.6696],[9.4886,48.6807],[9.4938,48.7123],[9.487,48.7269],[9.5105,48.7506],[9.5031,48.7539]]]}},{"type":"Feature","properties":{"code":"DE-08117","name":"Landkreis Göppingen","country":"DE","region":"Baden-Württemberg"},"geometry":{"type":"Polygon","coordinates":[[[9.6266,48.7744],[9.6145,48.7693],[9.5884,48.7811],[9.574,48.7802],[9.5711,48.7717],[9.5853,48.7603],[9.5808,48.7501],[9.5565,48.7475],[9.5476,48.7405],[9.5342,48.7571],[9.518,48.7607],[9.5031,48.7539],[9.5105,48.7506],[9.487,48.7269],[9.4938,48.7123],[9.4886,48.6807],[9.4952,48.6696],[9.5142,48.6572],[9.5388,48.6599],[9.5493,48.6552],[9.5598,48.6299],[9.5778,48.6251],[9.596,48.6111],[9.5879,48.6047],[9.5964,48.5909],[9.5895,48.5715],[9.5671,48.5614],[9.5607,48.5521],[9.5825,48.5391],[9.5852,48.5367],[9.6112,48.5415],[9.6336,48.5348],[9.6525,48.5226],[9.6821,48.5246],[9.6905,48.5346],[9.7083,48.5452],[9.7199,48.5452],[9.719,48.5571],[9.7301,48.5635],[9.7624,48.5601],[9.814,48.5579],[9.8361,48.575],[9.8389,48.5858],[9.8514,48.5829],[9.8686,48.5907],[9.8991,48.6151],[9.9241,48.6299],[9.9441,48.6318],[9.9206,48.6403],[9.9318,48.6674],[9.9444,48.6627],[9.9626,48.668],[9.9708,48.6773],[9.9642,48.6948],[9.9729,48.7033],[9.9925,48.7054],[9.9945,48.7145],[9.9878,48.7273],[9.9701,48.7252],[9.9489,48.7288],[9.9321,48.741],[9.9096,48.7439],[9.8826,48.7512],[9.8828,48.7378],[9.8973,48.7319],[9.9029,48.716],[9.886,48.7147],[9.8602,48.7257],[9.8379,48.7301],[9.8075,48.72],[9.7919,48.7203],[9.7938,48.7311],[9.7853,48.7407],[9.7528,48.7517],[9.7474,48.7697],[9.7296,48.7684],[9.7141,48.7722],[9.7097,48.779],[9.6824,48.777],[9.6572,48.7713],[9.6266,48.7744]]]}},{"type":"Feature","properties":{"code":"DE-08118","name":"Landkreis Ludwigsburg","country":"DE","region":"Baden-Württemberg"},"geometry":{"type":"MultiPolygon","coordinates":[[[[9.4162,49.0474],[9.414,49.0616],[9.3839,49.0543],[9.3995,49.044],[9.4162,49.0474]]],[[[9.3994,49.0382],[9.3553,49.0369],[9.3424,49.0419],[9.3136,49.034],[9.2871,49.0345],[9.2683,49.0317],[9.236,49.0203],[9.2235,49.0314],[9.2137,49.0286],[9.1858,49.0305],[9.1699,49.0424],[9.1749,49.0516],[9.153,49.0573],[9.1359,49.0553],[9.1186,49.0646],[9.1011,49.0628],[9.1066,49.0516],[9.0812,49.0496],[9.058,49.0382],[9.0602,49.0255],[9.0429,49.0244],[9.0252,49.0289],[9.0134,49.021],[8.9875,49.0285],[8.9862,49.0397],[8.9739,49.0414],[8.942,49.0375],[8.9116,49.0394],[8.8933,49.0442],[8.876,49.0352],[8.9023,49.0227],[8.9301,48.9956],[8.9203,48.9823],[8.9453,48.9618],[8.9482,48.9419],[8.9318,48.9388],[8.9046,48.9425],[8.9071,48.9221],[8.9229,48.9141],[8.9072,48.9099],[8.9175,48.8834],[8.9288,48.8666],[8.9526,48.8564],[8.9612,48.8467],[8.9635,48.835],[8.9811,48.8303],[8.9954,48.8324],[9.0056,48.8272],[9.0241,48.8294],[9.0431,48.8211],[9.0424,48.8093],[9.0302,48.7994],[9.0434,48.7893],[9.0422,48.7835],[9.0514,48.7635],[9.068,48.7566],[9.083,48.7688],[9.0882,48.782],[9.075,48.7871],[9.0858,48.8038],[9.0799,48.8156],[9.0852,48.8331],[9.1152,48.8229],[9.1381,48.8281],[9.1458,48.8595],[9.1654,48.8513],[9.1882,48.8486],[9.2075,48.8528],[9.2059,48.8614],[9.2206,48.8672],[9.23,48.863],[9.2336,48.8494],[9.2442,48.847],[9.2596,48.8628],[9.2687,48.8594],[9.2952,48.8639],[9.3012,48.8765],[9.2974,48.8854],[9.3153,48.9037],[9.3334,48.9076],[9.3592,48.9053],[9.3622,48.924],[9.3472,48.9339],[9.3148,48.9349],[9.3081,48.9523],[9.3308,48.9511],[9.347,48.9654],[9.368,48.9668],[9.3654,48.9814],[9.348,48.9941],[9.3415,49.0047],[9.3611,49.0156],[9.3847,49.0201],[9.3816,49.0262],[9.3994,49.0382]]]]}},{"type":"Feature","properties":{"code":"DE-08119","name":"Landkreis Rems-Murr-Kreis","country":"DE","region":"Baden-Württemberg"},"geometry":{"type":"Polygon","coordinates":[[[9.6933,48.964],[9.6716,48.974],[9.6637,48.9862],[9.6707,48.9921],[9.6403,48.9971],[9.6356,49.004],[9.6003,49.0041],[9.611,49.0219],[9.5958,49.0458],[9.5961,49.0564],[9.568,49.0534],[9.5335,49.0586],[9.5009,49.079],[9.4665,49.0716],[9.4551,49.0737],[9.4162,49.0474],[9.3995,49.044],[9.3994,49.0382],[9.3816,49.0262],[9.3847,49.0201],[9.3611,49.0156],[9.3415,49.0047],[9.348,48.9941],[9.3654,48.9814],[9.368,48.9668],[9.347,48.9654],[9.3308,48.9511],[9.3081,48.9523],[9.3148,48.9349],[9.3472,48.9339],[9.3622,48.924],[9.3592,48.9053],[9.3334,48.9076],[9.3153,48.9037],[9.2974,48.8854],[9.3012,48.8765],[9.2952,48.8639],[9.2687,48.8594],[9.2596,48.8628],[9.2442,48.847],[9.2434,48.8229],[9.2531,48.8198],[9.2547,48.8002],[9.263,48.7926],[9.2952,48.7891],[9.2936,48.7823],[9.3136,48.7745],[9.3356,48.7656],[9.3447,48.7702],[9.3865,48.7704],[9.3827,48.7817],[9.3908,48.7882],[9.4075,48.779],[9.4131,48.7671],[9.4231,48.7635],[9.4358,48.7755],[9.4452,48.7775],[9.4631,48.7706],[9.4727,48.775],[9.5031,48.7539],[9.518,48.7607],[9.5342,48.7571],[9.5476,48.7405],[9.5565,48.7475],[9.5808,48.7501],[9.5853,48.7603],[9.5711,48.7717],[9.574,48.7802],[9.5884,48.7811],[9.6145,48.7693],[9.6266,48.7744],[9.62,48.7882],[9.6432,48.7962],[9.6423,48.8055],[9.659,48.8253],[9.6708,48.8232],[9.7105,48.8283],[9.7198,48.8142],[9.7523,48.8231],[9.7664,48.8313],[9.7607,48.8557],[9.7514,48.863],[9.751,48.8779],[9.7453,48.8996],[9.7171,48.9153],[9.7017,48.9118],[9.7005,48.9287],[9.6862,48.9263],[9.6768,48.9441],[9.6879,48.9526],[9.6933,48.964]]]}},{"type":"Feature","properties":{"code":"DE-08121","name":"Stadtkreis Heilbronn","country":"DE","region":"Baden-Württemberg"},"geometry":{"type":"Polygon","coordinates":[[[9.1143,49.2105],[9.1059,49.196],[9.0608,49.1987],[9.0558,49.1931],[9.0755,49.1835],[9.0912,49.1702],[9.129,49.1705],[9.1344,49.1599],[9.146,49.1519],[9.1608,49.1497],[9.156,49.1408],[9.1312,49.1253],[9.1502,49.1105],[9.1502,49.1021],[9.1614,49.093],[9.1748,49.0944],[9.2018,49.1123],[9.2174,49.1074],[9.2535,49.1038],[9.2532,49.1083],[9.2856,49.1151],[9.2764,49.1214],[9.2783,49.1373],[9.2723,49.1443],[9.2552,49.1499],[9.2577,49.1631],[9.2384,49.1643],[9.2209,49.1706],[9.2128,49.1878],[9.1697,49.1928],[9.1634,49.2034],[9.1506,49.2084],[9.1143,49.2105]]]}},{"type":"Feature","properties":{"code":"DE-08125","name":"Landkreis Heilbronn","country":"DE","region":"Baden-Württemberg"},"geometry":{"type":"Polygon","coordinates":[[[9.4435,49.3643],[9.4269,49.3571],[9.3989,49.3664],[9.3751,49.3633],[9.3605,49.3665],[9.3328,49.3875],[9.3175,49.3842],[9.3103,49.3772],[9.3153,49.3571],[9.2947,49.3475],[9.2875,49.3299],[9.2691,49.3303],[9.2619,49.3062],[9.2435,49.2979],[9.2308,49.31],[9.2208,49.3077],[9.2058,49.324],[9.1928,49.3275],[9.1734,49.3235],[9.1625,49.3286],[9.1562,49.3085],[9.1587,49.3018],[9.1431,49.2928],[9.1543,49.2796],[9.1482,49.2742],[9.1209,49.2717],[9.1073,49.2791],[9.0715,49.2782],[9.0502,49.2865],[9.0491,49.2929],[9.0215,49.2986],[9.0313,49.2865],[9.0418,49.2825],[9.0317,49.2694],[8.9977,49.2537],[9.0107,49.2491],[9.0042,49.2414],[8.9891,49.2406],[8.9842,49.2322],[8.9701,49.2269],[8.9573,49.2131],[8.8865,49.2025],[8.8961,49.182],[8.8635,49.1744],[8.8284,49.1928],[8.8182,49.1945],[8.8253,49.1907],[8.8241,49.1779],[8.8161,49.1616],[8.8279,49.1615],[8.8422,49.1502],[8.8378,49.1399],[8.8269,49.1327],[8.8375,49.127],[8.8745,49.1289],[8.8875,49.1173],[8.8933,49.0846],[8.872,49.0786],[8.8778,49.0585],[8.8715,49.0501],[8.876,49.0352],[8.8933,49.0442],[8.9116,49.0394],[8.942,49.0375],[8.9739,49.0414],[8.9862,49.0397],[8.9875,49.0285],[9.0134,49.021],[9.0252,49.0289],[9.0429,49.0244],[9.0602,49.0255],[9.058,49.0382],[9.0812,49.0496],[9.1066,49.0516],[9.1011,49.0628],[9.1186,49.0646],[9.1359,49.0553],[9.153,49.0573],[9.1749,49.0516],[9.1699,49.0424],[9.1858,49.0305],[9.2137,49.0286],[9.2235,49.0314],[9.236,49.0203],[9.2683,49.0317],[9.2871,49.0345],[9.3136,49.034],[9.3424,49.0419],[9.3553,49.0369],[9.3994,49.0382],[9.3995,49.044],[9.3839,49.0543],[9.414,49.0616],[9.4162,49.0474],[9.4551,49.0737],[9.4665,49.0716],[9.5009,49.079],[9.4981,49.0924],[9.5026,49.103],[9.5275,49.1086],[9.5111,49.1156],[9.515,49.121],[9.5082,49.1336],[9.4918,49.1398],[9.4827,49.1301],[9.4898,49.1139],[9.4787,49.109],[9.4588,49.1128],[9.4572,49.1054],[9.4343,49.0997],[9.4386,49.1153],[9.4352,49.1272],[9.4214,49.1258],[9.4224,49.1384],[9.4374,49.1433],[9.4318,49.1512],[9.4094,49.1461],[9.3847,49.15],[9.3745,49.1633],[9.3584,49.1668],[9.3589,49.1752],[9.3707,49.1917],[9.383,49.1972],[9.4013,49.1978],[9.4116,49.1937],[9.4257,49.1999],[9.4483,49.2237],[9.4258,49.2277],[9.4143,49.246],[9.4265,49.2549],[9.4251,49.2686],[9.4355,49.2819],[9.4637,49.2896],[9.4794,49.3004],[9.4897,49.2978],[9.5146,49.3037],[9.5191,49.3119],[9.4783,49.3184],[9.4655,49.3372],[9.4646,49.355],[9.4435,49.3643]],[[9.1143,49.2105],[9.1506,49.2084],[9.1634,49.2034],[9.1697,49.1928],[9.2128,49.1878],[9.2209,49.1706],[9.2384,49.1643],[9.2577,49.1631],[9.2552,49.1499],[9.2723,49.1443],[9.2783,49.1373],[9.2764,49.1214],[9.2856,49.1151],[9.2532,49.1083],[9.2535,49.1038],[9.2174,49.1074],[9.2018,49.1123],[9.1748,49.0944],[9.1614,49.093],[9.1502,49.1021],[9.1502,49.1105],[9.1312,49.1253],[9.156,49.1408],[9.1608,49.1497],[9.146,49.1519],[9.1344,49.1599],[9.129,49.1705],[9.0912,49.1702],[9.0755,49.1835],[9.0558,49.1931],[9.0608,49.1987],[9.1059,49.196],[9.1143,49.2105]]]}},{"type":"Feature","properties":{"code":"DE-08126","name":"Landkreis Hohenlohekreis","country":"DE","region":"Baden-Württemberg"},"geometry":{"type":"Polygon","coordinates":[[[9.8556,49.3684],[9.8304,49.3945],[9.8113,49.3885],[9.7924,49.4076],[9.7746,49.3936],[9.7407,49.3991],[9.7122,49.3988],[9.7129,49.4123],[9.7018,49.4178],[9.6871,49.4097],[9.6535,49.4164],[9.619,49.4301],[9.6038,49.4266],[9.571,49.417],[9.5889,49.3933],[9.5751,49.3849],[9.5714,49.3753],[9.5201,49.381],[9.513,49.3754],[9.4755,49.3852],[9.4647,49.3969],[9.4463,49.3907],[9.4508,49.3766],[9.4435,49.3643],[9.4646,49.355],[9.4655,49.3372],[9.4783,49.3184],[9.5191,49.3119],[9.5146,49.3037],[9.4897,49.2978],[9.4794,49.3004],[9.4637,49.2896],[9.4355,49.2819],[9.4251,49.2686],[9.4265,49.2549],[9.4143,49.246],[9.4258,49.2277],[9.4483,49.2237],[9.4257,49.1999],[9.4116,49.1937],[9.4013,49.1978],[9.383,49.1972],[9.3707,49.1917],[9.3589,49.1752],[9.3584,49.1668],[9.3745,49.1633],[9.3847,49.15],[9.4094,49.1461],[9.4318,49.1512],[9.4374,49.1433],[9.4224,49.1384],[9.4214,49.1258],[9.4352,49.1272],[9.4386,49.1153],[9.4343,49.0997],[9.4572,49.1054],[9.4588,49.1128],[9.4787,49.109],[9.4898,49.1139],[9.4827,49.1301],[9.4918,49.1398],[9.5082,49.1336],[9.515,49.121],[9.5111,49.1156],[9.5275,49.1086],[9.532,49.121],[9.5464,49.1326],[9.5642,49.1315],[9.5851,49.1171],[9.5925,49.1081],[9.606,49.1076],[9.6109,49.1188],[9.589,49.1234],[9.5796,49.1333],[9.592,49.141],[9.6115,49.1365],[9.6307,49.1389],[9.6438,49.1356],[9.6659,49.1403],[9.6728,49.149],[9.6707,49.1586],[9.69,49.1671],[9.6968,49.1899],[9.709,49.1965],[9.7447,49.1948],[9.7508,49.2078],[9.7454,49.2222],[9.765,49.2246],[9.7628,49.2353],[9.7805,49.2534],[9.8121,49.2576],[9.827,49.265],[9.8257,49.2765],[9.8544,49.2936],[9.8596,49.3048],[9.8468,49.3218],[9.8583,49.3304],[9.8435,49.3454],[9.8535,49.3518],[9.8556,49.3684]]]}},{"type":"Feature","properties":{"code":"DE-08127","name":"Landkreis Schwäbisch Hall","country":"DE","region":"Baden-Württemberg"},"geometry":{"type":"Polygon","coordinates":[[[10.112,49.3849],[10.106,49.3952],[10.0793,49.3944],[10.0506,49.3894],[10.0322,49.3813],[10.04,49.3693],[10.0091,49.3703],[9.9734,49.3757],[9.9591,49.3595],[9.9442,49.36],[9.9336,49.3539],[9.924,49.3734],[9.9001,49.3672],[9.8781,49.3744],[9.8556,49.3684],[9.8535,49.3518],[9.8435,49.3454],[9.8583,49.3304],[9.8468,49.3218],[9.8596,49.3048],[9.8544,49.2936],[9.8257,49.2765],[9.827,49.265],[9.8121,49.2576],[9.7805,49.2534],[9.7628,49.2353],[9.765,49.2246],[9.7454,49.2222],[9.7508,49.2078],[9.7447,49.1948],[9.709,49.1965],[9.6968,49.1899],[9.69,49.1671],[9.6707,49.1586],[9.6728,49.149],[9.6659,49.1403],[9.6438,49.1356],[9.6307,49.1389],[9.6115,49.1365],[9.592,49.141],[9.5796,49.1333],[9.589,49.1234],[9.6109,49.1188],[9.606,49.1076],[9.5925,49.1081],[9.5851,49.1171],[9.5642,49.1315],[9.5464,49.1326],[9.532,49.121],[9.5275,49.1086],[9.5026,49.103],[9.4981,49.0924],[9.5009,49.079],[9.5335,49.0586],[9.568,49.0534],[9.5961,49.0564],[9.5958,49.0458],[9.611,49.0219],[9.6003,49.0041],[9.6356,49.004],[9.6403,48.9971],[9.6707,48.9921],[9.6637,48.9862],[9.6716,48.974],[9.6933,48.964],[9.7046,48.9576],[9.7362,48.971],[9.7488,48.9567],[9.7943,48.9506],[9.8118,48.9398],[9.8364,48.9385],[9.8449,48.9347],[9.8349,48.9179],[9.864,48.924],[9.8787,48.9189],[9.9008,48.9431],[9.8941,48.952],[9.9106,48.9654],[9.923,48.9656],[9.9315,48.9584],[9.9457,48.9626],[9.943,48.9734],[9.9802,48.981],[9.9918,48.979],[10.0145,48.9818],[10.0011,48.991],[9.9934,49.0038],[9.9915,49.0188],[9.9798,49.0243],[9.987,49.0343],[9.9973,49.0337],[10.0173,49.0441],[10.047,49.0424],[10.0699,49.0451],[10.0896,49.0436],[10.1149,49.0365],[10.1212,49.0464],[10.135,49.0437],[10.1698,49.0601],[10.1903,49.0542],[10.1885,49.0449],[10.2096,49.0416],[10.2313,49.0464],[10.2398,49.0568],[10.2568,49.0595],[10.2582,49.0702],[10.2455,49.0743],[10.2491,49.0916],[10.2291,49.0898],[10.2228,49.0979],[10.2303,49.119],[10.2527,49.1299],[10.2555,49.1383],[10.248,49.1493],[10.2366,49.1493],[10.2281,49.1599],[10.2129,49.1627],[10.2046,49.1555],[10.1927,49.1676],[10.1605,49.1828],[10.1568,49.1927],[10.1301,49.1988],[10.1401,49.2089],[10.126,49.2273],[10.1267,49.2362],[10.1171,49.2642],[10.1266,49.2624],[10.1474,49.2685],[10.1539,49.2847],[10.1339,49.2961],[10.1317,49.3051],[10.1452,49.3165],[10.1401,49.3256],[10.1105,49.3289],[10.1039,49.347],[10.1174,49.369],[10.1073,49.3788],[10.112,49.3849]]]}},{"type":"Feature","properties":{"code":"DE-08128","name":"Landkreis Main-Tauber-Kreis","country":"DE","region":"Baden-Württemberg"},"geometry":{"type":"Polygon","coordinates":[[[10.0837,49.5436],[10.0614,49.5451],[10.0614,49.5375],[10.04,49.529],[10.0572,49.5193],[10.0524,49.5107],[10.0335,49.5037],[10.022,49.4886],[10.0101,49.4832],[9.992,49.4864],[9.97,49.4854],[9.9546,49.4807],[9.9266,49.4848],[9.9137,49.4933],[9.9251,49.5087],[9.917,49.5178],[9.9271,49.5361],[9.927,49.5495],[9.9208,49.5633],[9.8991,49.5611],[9.9068,49.5777],[9.8935,49.5835],[9.8757,49.5786],[9.8646,49.5679],[9.8666,49.5575],[9.8522,49.5454],[9.8102,49.5573],[9.837,49.5689],[9.8485,49.5777],[9.841,49.5913],[9.8459,49.5979],[9.8704,49.6089],[9.8675,49.621],[9.8549,49.6415],[9.8301,49.6517],[9.8239,49.6631],[9.8254,49.6733],[9.8371,49.6832],[9.8318,49.7038],[9.7965,49.7207],[9.7792,49.7225],[9.753,49.7101],[9.7508,49.6978],[9.7361,49.6877],[9.7193,49.7019],[9.7097,49.7271],[9.6959,49.7192],[9.6772,49.7162],[9.6741,49.6967],[9.6505,49.6881],[9.6325,49.6932],[9.6254,49.7037],[9.6346,49.7187],[9.639,49.7405],[9.638,49.7539],[9.6494,49.765],[9.6451,49.7774],[9.6487,49.7915],[9.6197,49.7832],[9.5811,49.778],[9.5761,49.7838],[9.5583,49.7777],[9.5584,49.7651],[9.5689,49.7506],[9.5551,49.7475],[9.5524,49.7604],[9.5376,49.7676],[9.5214,49.7612],[9.51,49.771],[9.5131,49.7808],[9.4998,49.7889],[9.4782,49.7864],[9.4715,49.7797],[9.4596,49.7698],[9.4463,49.773],[9.433,49.7884],[9.4203,49.7885],[9.3915,49.7701],[9.3726,49.779],[9.351,49.769],[9.318,49.7689],[9.3156,49.7573],[9.3238,49.7457],[9.323,49.7311],[9.3417,49.7342],[9.3716,49.7287],[9.3494,49.7215],[9.3532,49.7074],[9.3721,49.704],[9.3825,49.7075],[9.3814,49.7252],[9.4,49.7288],[9.4203,49.7066],[9.4201,49.6902],[9.3979,49.6707],[9.4109,49.6635],[9.4288,49.6578],[9.4516,49.656],[9.4503,49.6495],[9.4766,49.6424],[9.4877,49.6445],[9.526,49.6354],[9.539,49.6398],[9.5516,49.6216],[9.5372,49.6157],[9.5402,49.6026],[9.53,49.5971],[9.5116,49.6022],[9.4994,49.5874],[9.5037,49.5724],[9.5234,49.5442],[9.5235,49.5361],[9.5444,49.5303],[9.5243,49.5115],[9.5139,49.5102],[9.4993,49.5001],[9.4916,49.4879],[9.5129,49.48],[9.5146,49.4718],[9.5073,49.4499],[9.5306,49.4435],[9.5416,49.4492],[9.5547,49.4482],[9.5897,49.4396],[9.6038,49.4266],[9.619,49.4301],[9.6535,49.4164],[9.6871,49.4097],[9.7018,49.4178],[9.7129,49.4123],[9.7122,49.3988],[9.7407,49.3991],[9.7746,49.3936],[9.7924,49.4076],[9.8113,49.3885],[9.8304,49.3945],[9.8556,49.3684],[9.8781,49.3744],[9.9001,49.3672],[9.924,49.3734],[9.9336,49.3539],[9.9442,49.36],[9.9591,49.3595],[9.9734,49.3757],[10.0091,49.3703],[10.04,49.3693],[10.0322,49.3813],[10.0506,49.3894],[10.0793,49.3944],[10.106,49.3952],[10.112,49.3849],[10.1266,49.3879],[10.1449,49.3844],[10.1612,49.3904],[10.1496,49.4067],[10.1517,49.4123],[10.1374,49.4247],[10.1337,49.4371],[10.1188,49.4439],[10.0947,49.4479],[10.097,49.4559],[10.1223,49.4639],[10.1183,49.4732],[10.1012,49.4856],[10.1013,49.494],[10.1213,49.511],[10.1057,49.5151],[10.0841,49.5118],[10.0786,49.5273],[10.0901,49.534],[10.0837,49.5436]]]}},{"type":"Feature","properties":{"code":"DE-08135","name":"Landkreis Heidenheim","country":"DE","region":"Baden-Württemberg"},"geometry":{"type":"Polygon","coordinates":[[[10.4237,48.7442],[10.4048,48.7405],[10.3979,48.7472],[10.3574,48.73],[10.3351,48.734],[10.2922,48.747],[10.2879,48.7556],[10.2672,48.7566],[10.2512,48.7626],[10.2497,48.7709],[10.2275,48.7746],[10.2209,48.7832],[10.2002,48.7774],[10.1796,48.7769],[10.1759,48.7544],[10.1637,48.7557],[10.1603,48.7662],[10.1355,48.7758],[10.1329,48.7656],[10.1116,48.7591],[10.0975,48.761],[10.0709,48.7472],[10.0572,48.7468],[10.0467,48.7576],[10.0296,48.7661],[10.0169,48.7623],[10.0102,48.7521],[10.0183,48.7364],[9.9878,48.7273],[9.9945,48.7145],[9.9925,48.7054],[9.9729,48.7033],[9.9642,48.6948],[9.9708,48.6773],[9.9626,48.668],[9.9444,48.6627],[9.9318,48.6674],[9.9206,48.6403],[9.9441,48.6318],[9.9709,48.612],[9.9613,48.6036],[9.9648,48.5952],[9.9884,48.5971],[9.9929,48.6054],[10.0408,48.6044],[10.0521,48.592],[10.0966,48.5784],[10.1092,48.5691],[10.1133,48.5561],[10.135,48.5574],[10.1683,48.55],[10.1932,48.5514],[10.2101,48.536],[10.2133,48.5171],[10.2308,48.5105],[10.2647,48.5198],[10.2782,48.5161],[10.2963,48.5169],[10.312,48.5229],[10.3032,48.5298],[10.3008,48.5451],[10.3143,48.5556],[10.3091,48.5789],[10.2931,48.5898],[10.2971,48.6038],[10.3202,48.6039],[10.3231,48.6091],[10.2978,48.6242],[10.2965,48.6336],[10.2683,48.6466],[10.2624,48.6725],[10.2563,48.6807],[10.273,48.6859],[10.2687,48.7035],[10.2825,48.701],[10.2924,48.6926],[10.3175,48.6829],[10.3355,48.6887],[10.3474,48.6791],[10.351,48.6547],[10.3669,48.6623],[10.3894,48.6672],[10.3917,48.6856],[10.4089,48.6988],[10.4346,48.6876],[10.4079,48.6638],[10.4492,48.6652],[10.465,48.6705],[10.4812,48.6821],[10.4873,48.6967],[10.4834,48.7081],[10.4681,48.7166],[10.4644,48.7347],[10.4434,48.7294],[10.4387,48.7375],[10.4237,48.7442]]]}},{"type":"Feature","properties":{"code":"DE-08136","name":"Landkreis Ostalbkreis","country":"DE","region":"Baden-Württemberg"},"geometry":{"type":"Polygon","coordinates":[[[10.2568,49.0595],[10.2398,49.0568],[10.2313,49.0464],[10.2096,49.0416],[10.1885,49.0449],[10.1903,49.0542],[10.1698,49.0601],[10.135,49.0437],[10.1212,49.0464],[10.1149,49.0365],[10.0896,49.0436],[10.0699,49.0451],[10.047,49.0424],[10.0173,49.0441],[9.9973,49.0337],[9.987,49.0343],[9.9798,49.0243],[9.9915,49.0188],[9.9934,49.0038],[10.0011,48.991],[10.0145,48.9818],[9.9918,48.979],[9.9802,48.981],[9.943,48.9734],[9.9457,48.9626],[9.9315,48.9584],[9.923,48.9656],[9.9106,48.9654],[9.8941,48.952],[9.9008,48.9431],[9.8787,48.9189],[9.864,48.924],[9.8349,48.9179],[9.8449,48.9347],[9.8364,48.9385],[9.8118,48.9398],[9.7943,48.9506],[9.7488,48.9567],[9.7362,48.971],[9.7046,48.9576],[9.6933,48.964],[9.6879,48.9526],[9.6768,48.9441],[9.6862,48.9263],[9.7005,48.9287],[9.7017,48.9118],[9.7171,48.9153],[9.7453,48.8996],[9.751,48.8779],[9.7514,48.863],[9.7607,48.8557],[9.7664,48.8313],[9.7523,48.8231],[9.7198,48.8142],[9.7105,48.8283],[9.6708,48.8232],[9.659,48.8253],[9.6423,48.8055],[9.6432,48.7962],[9.62,48.7882],[9.6266,48.7744],[9.6572,48.7713],[9.6824,48.777],[9.7097,48.779],[9.7141,48.7722],[9.7296,48.7684],[9.7474,48.7697],[9.7528,48.7517],[9.7853,48.7407],[9.7938,48.7311],[9.7919,48.7203],[9.8075,48.72],[9.8379,48.7301],[9.8602,48.7257],[9.886,48.7147],[9.9029,48.716],[9.8973,48.7319],[9.8828,48.7378],[9.8826,48.7512],[9.9096,48.7439],[9.9321,48.741],[9.9489,48.7288],[9.9701,48.7252],[9.9878,48.7273],[10.0183,48.7364],[10.0102,48.7521],[10.0169,48.7623],[10.0296,48.7661],[10.0467,48.7576],[10.0572,48.7468],[10.0709,48.7472],[10.0975,48.761],[10.1116,48.7591],[10.1329,48.7656],[10.1355,48.7758],[10.1603,48.7662],[10.1637,48.7557],[10.1759,48.7544],[10.1796,48.7769],[10.2002,48.7774],[10.2209,48.7832],[10.2275,48.7746],[10.2497,48.7709],[10.2512,48.7626],[10.2672,48.7566],[10.2879,48.7556],[10.2922,48.747],[10.3351,48.734],[10.3574,48.73],[10.3979,48.7472],[10.4048,48.7405],[10.4237,48.7442],[10.4282,48.7559],[10.4168,48.7651],[10.428,48.7787],[10.4277,48.7916],[10.447,48.8126],[10.448,48.8319],[10.431,48.8372],[10.4292,48.8449],[10.4528,48.8519],[10.447,48.8773],[10.4502,48.8931],[10.4241,48.9029],[10.4438,48.9085],[10.4571,48.9205],[10.4399,48.9355],[10.4188,48.9686],[10.4098,48.9774],[10.4013,48.9862],[10.3818,48.9885],[10.3819,48.999],[10.3522,49.006],[10.3454,49.0166],[10.3503,49.0284],[10.3249,49.0255],[10.294,49.0428],[10.2848,49.0366],[10.2517,49.0496],[10.2568,49.0595]]]}},{"type":"Feature","properties":{"code":"DE-08211","name":"Stadtkreis Baden-Baden","country":"DE","region":"Baden-Württemberg"},"geometry":{"type":"Polygon","coordinates":[[[8.1552,48.8476],[8.1665,48.8352],[8.1859,48.8388],[8.1924,48.8349],[8.1696,48.8204],[8.1638,48.8014],[8.1465,48.79],[8.1528,48.7856],[8.1744,48.7837],[8.1853,48.7697],[8.2008,48.762],[8.2022,48.7526],[8.1818,48.7477],[8.1766,48.7412],[8.1471,48.7431],[8.1354,48.7278],[8.1469,48.7154],[8.1606,48.7175],[8.1778,48.7116],[8.1928,48.7161],[8.2095,48.7014],[8.2297,48.6904],[8.2343,48.6688],[8.2753,48.6686],[8.2988,48.6855],[8.2965,48.6934],[8.3135,48.7001],[8.3204,48.7082],[8.3206,48.7301],[8.2809,48.7674],[8.2897,48.7847],[8.2695,48.7977],[8.2553,48.7983],[8.25,48.8088],[8.2264,48.8195],[8.2122,48.831],[8.1876,48.84],[8.1552,48.8476]]]}},{"type":"Feature","properties":{"code":"DE-08212","name":"Stadtkreis Karlsruhe","country":"DE","region":"Baden-Württemberg"},"geometry":{"type":"Polygon","coordinates":[[[8.2773,48.9899],[8.2811,48.983],[8.2995,48.9909],[8.3118,48.9841],[8.3305,48.9894],[8.343,48.9824],[8.3782,48.9752],[8.3889,48.9633],[8.4119,48.9601],[8.4394,48.971],[8.4516,48.9633],[8.4441,48.9548],[8.4467,48.9443],[8.4622,48.9408],[8.5089,48.9424],[8.5429,48.9599],[8.5095,48.9673],[8.5025,48.9959],[8.5115,48.9988],[8.5209,49.0142],[8.5199,49.031],[8.4909,49.0515],[8.4811,49.0543],[8.4755,49.0417],[8.4495,49.0502],[8.4273,49.0717],[8.4356,49.0916],[8.4238,49.0915],[8.4115,49.0814],[8.4088,49.0626],[8.3934,49.0688],[8.3581,49.0711],[8.34,49.0802],[8.3164,49.0605],[8.3041,49.0407],[8.2974,49.0135],[8.2773,48.9899]]]}},{"type":"Feature","properties":{"code":"DE-08215","name":"Landkreis Karlsruhe","country":"DE","region":"Baden-Württemberg"},"geometry":{"type":"Polygon","coordinates":[[[8.8182,49.1945],[8.7841,49.198],[8.753,49.2064],[8.7465,49.2239],[8.7295,49.2281],[8.7255,49.2374],[8.7014,49.2268],[8.6399,49.2376],[8.6264,49.2435],[8.6143,49.2421],[8.5704,49.255],[8.575,49.2621],[8.5481,49.2697],[8.5426,49.2631],[8.5232,49.2684],[8.5202,49.2768],[8.4873,49.29],[8.467,49.283],[8.454,49.276],[8.4316,49.2577],[8.4131,49.2498],[8.4007,49.2442],[8.3876,49.2311],[8.4053,49.2206],[8.3985,49.2077],[8.385,49.1983],[8.3812,49.1857],[8.3676,49.1642],[8.3727,49.152],[8.3604,49.1032],[8.34,49.0802],[8.3581,49.0711],[8.3934,49.0688],[8.4088,49.0626],[8.4115,49.0814],[8.4238,49.0915],[8.4356,49.0916],[8.4273,49.0717],[8.4495,49.0502],[8.4755,49.0417],[8.4811,49.0543],[8.4909,49.0515],[8.5199,49.031],[8.5209,49.0142],[8.5115,48.9988],[8.5025,48.9959],[8.5095,48.9673],[8.5429,48.9599],[8.5089,48.9424],[8.4622,48.9408],[8.4467,48.9443],[8.4441,48.9548],[8.4516,48.9633],[8.4394,48.971],[8.4119,48.9601],[8.3889,48.9633],[8.3782,48.9752],[8.343,48.9824],[8.3305,48.9894],[8.3118,48.9841],[8.2995,48.9909],[8.2811,48.983],[8.2773,48.9899],[8.2613,48.9809],[8.259,48.9595],[8.2722,48.9533],[8.3108,48.9493],[8.3546,48.9349],[8.3481,48.9235],[8.3151,48.9225],[8.2953,48.9129],[8.2914,48.8843],[8.3004,48.8791],[8.3055,48.8627],[8.3549,48.8442],[8.3612,48.8517],[8.3765,48.8554],[8.3896,48.8497],[8.4038,48.858],[8.412,48.8532],[8.4166,48.8354],[8.4347,48.8193],[8.4581,48.8226],[8.4807,48.8185],[8.4936,48.8202],[8.4766,48.8307],[8.4754,48.8402],[8.5172,48.8656],[8.5264,48.8797],[8.5177,48.8879],[8.5181,48.8996],[8.5339,48.9035],[8.5541,48.9278],[8.5364,48.9441],[8.5593,48.9638],[8.5572,48.9702],[8.5697,48.9774],[8.5769,48.9897],[8.6017,48.9855],[8.6253,48.9935],[8.6478,48.9902],[8.6476,49.0024],[8.6607,49.0076],[8.6719,48.9934],[8.6984,48.9961],[8.7126,48.9886],[8.7346,48.9947],[8.7391,49.0018],[8.7298,49.0162],[8.7326,49.0273],[8.7439,49.037],[8.7789,49.046],[8.7967,49.0454],[8.8126,49.0335],[8.8363,49.0402],[8.8404,49.0605],[8.8668,49.0617],[8.8778,49.0585],[8.872,49.0786],[8.8933,49.0846],[8.8875,49.1173],[8.8745,49.1289],[8.8375,49.127],[8.8269,49.1327],[8.8378,49.1399],[8.8422,49.1502],[8.8279,49.1615],[8.8161,49.1616],[8.8241,49.1779],[8.8253,49.1907],[8.8182,49.1945]]]}},{"type":"Feature","properties":{"code":"DE-08216","name":"Landkreis Rastatt","country":"DE","region":"Baden-Württemberg"},"geometry":{"type":"Polygon","coordinates":[[[8.4166,48.8354],[8.412,48.8532],[8.4038,48.858],[8.3896,48.8497],[8.3765,48.8554],[8.3612,48.8517],[8.3549,48.8442],[8.3055,48.8627],[8.3004,48.8791],[8.2914,48.8843],[8.2953,48.9129],[8.3151,48.9225],[8.3481,48.9235],[8.3546,48.9349],[8.3108,48.9493],[8.2722,48.9533],[8.259,48.9595],[8.2613,48.9809],[8.2326,48.9666],[8.2029,48.9598],[8.1936,48.954],[8.1792,48.9346],[8.1558,48.9123],[8.1352,48.8875],[8.1108,48.8421],[8.1038,48.8201],[8.0943,48.8083],[8.0722,48.7924],[8.0589,48.7889],[8.0416,48.7908],[8.0258,48.7822],[8.0236,48.7697],[8.0078,48.7592],[7.9804,48.7609],[7.9672,48.7467],[7.967,48.7263],[7.9596,48.7186],[7.9812,48.7119],[7.9914,48.7052],[7.9772,48.698],[7.9819,48.6872],[8.0016,48.6873],[8.0198,48.6795],[8.0318,48.6832],[8.056,48.6732],[8.0732,48.6719],[8.1081,48.6512],[8.1214,48.6492],[8.1363,48.6571],[8.1567,48.6492],[8.1618,48.6403],[8.1806,48.64],[8.1997,48.6284],[8.2411,48.6292],[8.2408,48.6178],[8.2328,48.6062],[8.222,48.6032],[8.2441,48.5984],[8.2589,48.5897],[8.2915,48.5867],[8.3188,48.5886],[8.3583,48.6009],[8.3493,48.6083],[8.3828,48.6197],[8.3859,48.6321],[8.4093,48.6395],[8.4171,48.6463],[8.43,48.6446],[8.4379,48.6611],[8.4454,48.6661],[8.4484,48.6852],[8.4393,48.6951],[8.4588,48.6975],[8.4583,48.7171],[8.4718,48.7197],[8.4846,48.7567],[8.4652,48.7643],[8.4429,48.7571],[8.4428,48.7525],[8.4223,48.7436],[8.4209,48.7544],[8.4335,48.7703],[8.4157,48.7928],[8.3949,48.806],[8.4085,48.8089],[8.4042,48.8223],[8.3794,48.8309],[8.3817,48.8335],[8.4039,48.8305],[8.4166,48.8354]],[[8.1552,48.8476],[8.1876,48.84],[8.2122,48.831],[8.2264,48.8195],[8.25,48.8088],[8.2553,48.7983],[8.2695,48.7977],[8.2897,48.7847],[8.2809,48.7674],[8.3206,48.7301],[8.3204,48.7082],[8.3135,48.7001],[8.2965,48.6934],[8.2988,48.6855],[8.2753,48.6686],[8.2343,48.6688],[8.2297,48.6904],[8.2095,48.7014],[8.1928,48.7161],[8.1778,48.7116],[8.1606,48.7175],[8.1469,48.7154],[8.1354,48.7278],[8.1471,48.7431],[8.1766,48.7412],[8.1818,48.7477],[8.2022,48.7526],[8.2008,48.762],[8.1853,48.7697],[8.1744,48.7837],[8.1528,48.7856],[8.1465,48.79],[8.1638,48.8014],[8.1696,48.8204],[8.1924,48.8349],[8.1859,48.8388],[8.1665,48.8352],[8.1552,48.8476]]]}},{"type":"Feature","properties":{"code":"DE-08221","name":"Stadtkreis Heidelberg","country":"DE","region":"Baden-Württemberg"},"geometry":{"type":"Polygon","coordinates":[[[8.5735,49.4158],[8.5831,49.4109],[8.6116,49.4054],[8.6314,49.4141],[8.6363,49.3924],[8.6242,49.3807],[8.6073,49.377],[8.6078,49.365],[8.634,49.3524],[8.6403,49.3699],[8.6567,49.3624],[8.7079,49.357],[8.7255,49.3589],[8.7256,49.3701],[8.7689,49.3792],[8.7779,49.4024],[8.7937,49.4053],[8.787,49.4326],[8.7665,49.4374],[8.7549,49.4596],[8.7446,49.4502],[8.7095,49.4478],[8.6463,49.4371],[8.6286,49.443],[8.6102,49.4247],[8.5922,49.4294],[8.5829,49.4265],[8.5735,49.4158]]]}},{"type":"Feature","properties":{"code":"DE-08222","name":"Stadtkreis Mannheim","country":"DE","region":"Baden-Württemberg"},"geometry":{"type":"Polygon","coordinates":[[[8.5814,49.5198],[8.5669,49.5191],[8.5416,49.5286],[8.5263,49.548],[8.495,49.573],[8.4799,49.5786],[8.4643,49.5895],[8.4405,49.5894],[8.4224,49.5834],[8.4227,49.5742],[8.4146,49.562],[8.4231,49.5418],[8.4453,49.4895],[8.4629,49.4729],[8.4624,49.4663],[8.4473,49.461],[8.4427,49.4502],[8.4555,49.4438],[8.4725,49.4435],[8.4989,49.4427],[8.508,49.4311],[8.4973,49.4113],[8.5248,49.4179],[8.5312,49.4111],[8.5451,49.4174],[8.5735,49.4158],[8.5829,49.4265],[8.5876,49.4336],[8.5773,49.4436],[8.5901,49.4595],[8.5699,49.4631],[8.5615,49.4723],[8.5466,49.4774],[8.5559,49.4907],[8.5877,49.5018],[8.5814,49.5198]]]}},{"type":"Feature","properties":{"code":"DE-08225","name":"Landkreis Neckar-Odenwald-Kreis","country":"DE","region":"Baden-Württemberg"},"geometry":{"type":"Polygon","coordinates":[[[9.6038,49.4266],[9.5897,49.4396],[9.5547,49.4482],[9.5416,49.4492],[9.5306,49.4435],[9.5073,49.4499],[9.5146,49.4718],[9.5129,49.48],[9.4916,49.4879],[9.4993,49.5001],[9.5139,49.5102],[9.5243,49.5115],[9.5444,49.5303],[9.5235,49.5361],[9.5234,49.5442],[9.5037,49.5724],[9.4994,49.5874],[9.5116,49.6022],[9.53,49.5971],[9.5402,49.6026],[9.5372,49.6157],[9.5516,49.6216],[9.539,49.6398],[9.526,49.6354],[9.4877,49.6445],[9.4766,49.6424],[9.4503,49.6495],[9.4516,49.656],[9.4288,49.6578],[9.4109,49.6635],[9.4195,49.6589],[9.4077,49.6467],[9.3836,49.6428],[9.3681,49.655],[9.3369,49.6443],[9.3136,49.6537],[9.2783,49.6376],[9.2744,49.6251],[9.285,49.6148],[9.268,49.6089],[9.2602,49.5944],[9.2387,49.5813],[9.2137,49.5765],[9.1589,49.5796],[9.1205,49.5736],[9.103,49.5775],[9.0989,49.5606],[9.0882,49.5487],[9.0932,49.5419],[9.115,49.5339],[9.1265,49.5216],[9.1076,49.5099],[9.0996,49.5262],[9.0839,49.5263],[9.0702,49.5087],[9.0862,49.5001],[9.0433,49.4751],[9.0247,49.4715],[9.0485,49.4454],[9.0193,49.4264],[9.0089,49.4143],[8.9996,49.4227],[8.9844,49.4172],[8.99,49.4054],[8.978,49.3942],[8.9642,49.3979],[8.9479,49.3949],[8.938,49.3881],[8.9428,49.372],[8.9524,49.3708],[8.968,49.3595],[8.9662,49.3461],[8.9785,49.3399],[8.9902,49.3427],[9.0442,49.317],[9.0565,49.3055],[9.0491,49.2929],[9.0502,49.2865],[9.0715,49.2782],[9.1073,49.2791],[9.1209,49.2717],[9.1482,49.2742],[9.1543,49.2796],[9.1431,49.2928],[9.1587,49.3018],[9.1562,49.3085],[9.1625,49.3286],[9.1734,49.3235],[9.1928,49.3275],[9.2058,49.324],[9.2208,49.3077],[9.2308,49.31],[9.2435,49.2979],[9.2619,49.3062],[9.2691,49.3303],[9.2875,49.3299],[9.2947,49.3475],[9.3153,49.3571],[9.3103,49.3772],[9.3175,49.3842],[9.3328,49.3875],[9.3605,49.3665],[9.3751,49.3633],[9.3989,49.3664],[9.4269,49.3571],[9.4435,49.3643],[9.4508,49.3766],[9.4463,49.3907],[9.4647,49.3969],[9.4755,49.3852],[9.513,49.3754],[9.5201,49.381],[9.5714,49.3753],[9.5751,49.3849],[9.5889,49.3933],[9.571,49.417],[9.6038,49.4266]]]}},{"type":"Feature","properties":{"code":"DE-08226","name":"Landkreis Rhein-Neckar-Kreis","country":"DE","region":"Baden-Württemberg"},"geometry":{"type":"MultiPolygon","coordinates":[[[[9.0989,49.5606],[9.0826,49.5618],[9.0882,49.5487],[9.0989,49.5606]]],[[[8.8996,49.5037],[8.886,49.5058],[8.8485,49.5022],[8.8339,49.4907],[8.8182,49.5044],[8.8187,49.5212],[8.8114,49.5268],[8.7918,49.5143],[8.7246,49.5259],[8.7101,49.5322],[8.6911,49.5561],[8.6843,49.5702],[8.6835,49.5898],[8.698,49.5998],[8.6821,49.6035],[8.6923,49.6205],[8.6794,49.6257],[8.5939,49.6109],[8.5893,49.6045],[8.6032,49.5933],[8.6112,49.5634],[8.6213,49.545],[8.6069,49.5335],[8.5814,49.5198],[8.5877,49.5018],[8.5559,49.4907],[8.5466,49.4774],[8.5615,49.4723],[8.5699,49.4631],[8.5901,49.4595],[8.5773,49.4436],[8.5876,49.4336],[8.5829,49.4265],[8.5922,49.4294],[8.6102,49.4247],[8.6286,49.443],[8.6463,49.4371],[8.7095,49.4478],[8.7446,49.4502],[8.7549,49.4596],[8.7665,49.4374],[8.787,49.4326],[8.7937,49.4053],[8.7779,49.4024],[8.7689,49.3792],[8.7256,49.3701],[8.7255,49.3589],[8.7079,49.357],[8.6567,49.3624],[8.6403,49.3699],[8.634,49.3524],[8.6078,49.365],[8.6073,49.377],[8.6242,49.3807],[8.6363,49.3924],[8.6314,49.4141],[8.6116,49.4054],[8.5831,49.4109],[8.5735,49.4158],[8.5451,49.4174],[8.5312,49.4111],[8.5248,49.4179],[8.4973,49.4113],[8.4962,49.4021],[8.4654,49.3873],[8.4635,49.378],[8.4782,49.3751],[8.5004,49.389],[8.5009,49.3764],[8.4921,49.3572],[8.4709,49.3407],[8.4543,49.331],[8.4505,49.3217],[8.4586,49.3129],[8.4781,49.3083],[8.4872,49.3017],[8.4873,49.29],[8.5202,49.2768],[8.5232,49.2684],[8.5426,49.2631],[8.5481,49.2697],[8.575,49.2621],[8.5704,49.255],[8.6143,49.2421],[8.6264,49.2435],[8.6399,49.2376],[8.7014,49.2268],[8.7255,49.2374],[8.7295,49.2281],[8.7465,49.2239],[8.753,49.2064],[8.7841,49.198],[8.8182,49.1945],[8.8284,49.1928],[8.8635,49.1744],[8.8961,49.182],[8.8865,49.2025],[8.9573,49.2131],[8.9701,49.2269],[8.9842,49.2322],[8.9891,49.2406],[9.0042,49.2414],[9.0107,49.2491],[8.9977,49.2537],[9.0317,49.2694],[9.0418,49.2825],[9.0313,49.2865],[9.0215,49.2986],[9.0491,49.2929],[9.0565,49.3055],[9.0442,49.317],[8.9902,49.3427],[8.9785,49.3399],[8.9662,49.3461],[8.968,49.3595],[8.9524,49.3708],[8.9428,49.372],[8.938,49.3881],[8.9479,49.3949],[8.9642,49.3979],[8.978,49.3942],[8.99,49.4054],[8.9844,49.4172],[8.9996,49.4227],[9.0089,49.4143],[9.0193,49.4264],[9.0485,49.4454],[9.0247,49.4715],[9.0433,49.4751],[9.0862,49.5001],[9.0702,49.5087],[9.0839,49.5263],[9.065,49.5296],[9.0494,49.5183],[9.0408,49.4991],[9.016,49.4978],[9.0122,49.5027],[8.9876,49.5057],[8.9635,49.5015],[8.9435,49.4858],[8.9319,49.4706],[8.9503,49.455],[8.9283,49.4495],[8.9247,49.4413],[8.9092,49.4379],[8.8885,49.4183],[8.872,49.4118],[8.8546,49.3966],[8.8473,49.3959],[8.8319,49.4082],[8.8224,49.3956],[8.804,49.4039],[8.8066,49.4192],[8.8305,49.4232],[8.8346,49.4504],[8.8263,49.4695],[8.8519,49.4836],[8.8765,49.4667],[8.8994,49.4845],[8.8996,49.5037]]]]}},{"type":"Feature","properties":{"code":"DE-08231","name":"Stadtkreis Pforzheim","country":"DE","region":"Baden-Württemberg"},"geometry":{"type":"Polygon","coordinates":[[[8.6979,48.8373],[8.7166,48.8303],[8.7241,48.8199],[8.7421,48.8227],[8.7499,48.8301],[8.7694,48.8346],[8.768,48.8439],[8.7813,48.8542],[8.8069,48.8587],[8.795,48.8669],[8.7899,48.8885],[8.7573,48.8995],[8.7631,48.9085],[8.7556,48.9245],[8.7456,48.9277],[8.719,48.9227],[8.7006,48.9246],[8.6804,48.9141],[8.6644,48.9095],[8.6492,48.9201],[8.6317,48.9146],[8.633,48.8993],[8.6433,48.8923],[8.6481,48.8804],[8.6471,48.867],[8.6343,48.8454],[8.6589,48.835],[8.6743,48.8403],[8.691,48.8353],[8.6979,48.8373]]]}},{"type":"Feature","properties":{"code":"DE-08235","name":"Landkreis Calw","country":"DE","region":"Baden-Württemberg"},"geometry":{"type":"Polygon","coordinates":[[[8.4166,48.8354],[8.4039,48.8305],[8.3817,48.8335],[8.3794,48.8309],[8.4042,48.8223],[8.4085,48.8089],[8.3949,48.806],[8.4157,48.7928],[8.4335,48.7703],[8.4209,48.7544],[8.4223,48.7436],[8.4428,48.7525],[8.4429,48.7571],[8.4652,48.7643],[8.4846,48.7567],[8.4718,48.7197],[8.4583,48.7171],[8.4588,48.6975],[8.4393,48.6951],[8.4484,48.6852],[8.4454,48.6661],[8.4379,48.6611],[8.43,48.6446],[8.4171,48.6463],[8.4093,48.6395],[8.4228,48.636],[8.4439,48.6247],[8.4676,48.6054],[8.4714,48.6119],[8.4921,48.6042],[8.5011,48.5941],[8.53,48.5926],[8.5625,48.5691],[8.5761,48.5615],[8.5594,48.5497],[8.5867,48.5447],[8.595,48.5544],[8.6271,48.5402],[8.6044,48.5251],[8.5985,48.5122],[8.6056,48.5049],[8.6215,48.5015],[8.6566,48.5053],[8.674,48.5102],[8.6791,48.5001],[8.6916,48.492],[8.6933,48.4841],[8.7156,48.488],[8.7341,48.4871],[8.7415,48.4951],[8.7395,48.5044],[8.7557,48.5041],[8.7689,48.5218],[8.7595,48.5257],[8.7654,48.5483],[8.7582,48.556],[8.7515,48.6023],[8.7592,48.6038],[8.79,48.5966],[8.801,48.6112],[8.7956,48.6351],[8.7987,48.6586],[8.8187,48.6645],[8.8273,48.6769],[8.8472,48.6854],[8.8632,48.6972],[8.8606,48.7035],[8.8786,48.7248],[8.8545,48.7346],[8.8292,48.7365],[8.8356,48.7523],[8.8042,48.7778],[8.791,48.78],[8.7821,48.7743],[8.76,48.7827],[8.7559,48.7913],[8.7406,48.8033],[8.729,48.798],[8.716,48.8164],[8.713,48.8294],[8.6979,48.8373],[8.691,48.8353],[8.6973,48.8299],[8.6958,48.8166],[8.6777,48.8168],[8.6696,48.8115],[8.6534,48.8122],[8.6327,48.8224],[8.6121,48.8274],[8.6087,48.8104],[8.5965,48.8076],[8.5858,48.8169],[8.5584,48.8092],[8.5487,48.7883],[8.53,48.7849],[8.5168,48.7974],[8.533,48.8039],[8.5198,48.8129],[8.5052,48.8139],[8.4936,48.8202],[8.4807,48.8185],[8.4581,48.8226],[8.4347,48.8193],[8.4166,48.8354]]]}},{"type":"Feature","properties":{"code":"DE-08236","name":"Landkreis Enzkreis","country":"DE","region":"Baden-Württemberg"},"geometry":{"type":"Polygon","coordinates":[[[8.8778,49.0585],[8.8668,49.0617],[8.8404,49.0605],[8.8363,49.0402],[8.8126,49.0335],[8.7967,49.0454],[8.7789,49.046],[8.7439,49.037],[8.7326,49.0273],[8.7298,49.0162],[8.7391,49.0018],[8.7346,48.9947],[8.7126,48.9886],[8.6984,48.9961],[8.6719,48.9934],[8.6607,49.0076],[8.6476,49.0024],[8.6478,48.9902],[8.6253,48.9935],[8.6017,48.9855],[8.5769,48.9897],[8.5697,48.9774],[8.5572,48.9702],[8.5593,48.9638],[8.5364,48.9441],[8.5541,48.9278],[8.5339,48.9035],[8.5181,48.8996],[8.5177,48.8879],[8.5264,48.8797],[8.5172,48.8656],[8.4754,48.8402],[8.4766,48.8307],[8.4936,48.8202],[8.5052,48.8139],[8.5198,48.8129],[8.533,48.8039],[8.5168,48.7974],[8.53,48.7849],[8.5487,48.7883],[8.5584,48.8092],[8.5858,48.8169],[8.5965,48.8076],[8.6087,48.8104],[8.6121,48.8274],[8.6327,48.8224],[8.6534,48.8122],[8.6696,48.8115],[8.6777,48.8168],[8.6958,48.8166],[8.6973,48.8299],[8.691,48.8353],[8.6743,48.8403],[8.6589,48.835],[8.6343,48.8454],[8.6471,48.867],[8.6481,48.8804],[8.6433,48.8923],[8.633,48.8993],[8.6317,48.9146],[8.6492,48.9201],[8.6644,48.9095],[8.6804,48.9141],[8.7006,48.9246],[8.719,48.9227],[8.7456,48.9277],[8.7556,48.9245],[8.7631,48.9085],[8.7573,48.8995],[8.7899,48.8885],[8.795,48.8669],[8.8069,48.8587],[8.7813,48.8542],[8.768,48.8439],[8.7694,48.8346],[8.7499,48.8301],[8.7421,48.8227],[8.7241,48.8199],[8.7166,48.8303],[8.6979,48.8373],[8.713,48.8294],[8.716,48.8164],[8.729,48.798],[8.7406,48.8033],[8.7559,48.7913],[8.76,48.7827],[8.7821,48.7743],[8.791,48.78],[8.8042,48.7778],[8.831,48.7972],[8.8475,48.7926],[8.8678,48.7924],[8.8916,48.8035],[8.8928,48.8131],[8.8772,48.8206],[8.8833,48.8315],[8.873,48.8369],[8.8948,48.8469],[8.9053,48.8623],[8.9288,48.8666],[8.9175,48.8834],[8.9072,48.9099],[8.9229,48.9141],[8.9071,48.9221],[8.9046,48.9425],[8.9318,48.9388],[8.9482,48.9419],[8.9453,48.9618],[8.9203,48.9823],[8.9301,48.9956],[8.9023,49.0227],[8.876,49.0352],[8.8715,49.0501],[8.8778,49.0585]]]}},{"type":"Feature","properties":{"code":"DE-08237","name":"Landkreis Freudenstadt","country":"DE","region":"Baden-Württemberg"},"geometry":{"type":"Polygon","coordinates":[[[8.7557,48.5041],[8.7395,48.5044],[8.7415,48.4951],[8.7341,48.4871],[8.7156,48.488],[8.6933,48.4841],[8.6916,48.492],[8.6791,48.5001],[8.674,48.5102],[8.6566,48.5053],[8.6215,48.5015],[8.6056,48.5049],[8.5985,48.5122],[8.6044,48.5251],[8.6271,48.5402],[8.595,48.5544],[8.5867,48.5447],[8.5594,48.5497],[8.5761,48.5615],[8.5625,48.5691],[8.53,48.5926],[8.5011,48.5941],[8.4921,48.6042],[8.4714,48.6119],[8.4676,48.6054],[8.4439,48.6247],[8.4228,48.636],[8.4093,48.6395],[8.3859,48.6321],[8.3828,48.6197],[8.3493,48.6083],[8.3583,48.6009],[8.3188,48.5886],[8.2915,48.5867],[8.2589,48.5897],[8.2441,48.5984],[8.222,48.6032],[8.2208,48.5863],[8.2358,48.5802],[8.2351,48.5717],[8.2159,48.5523],[8.2134,48.5218],[8.2188,48.508],[8.2283,48.4978],[8.2667,48.4906],[8.2724,48.4816],[8.2647,48.4566],[8.2688,48.449],[8.2546,48.4139],[8.2411,48.4114],[8.233,48.4012],[8.2476,48.3951],[8.2475,48.3853],[8.264,48.3793],[8.2592,48.3658],[8.2914,48.3577],[8.304,48.3491],[8.3183,48.3562],[8.3151,48.3679],[8.3286,48.387],[8.3578,48.3793],[8.3559,48.3675],[8.3598,48.3384],[8.3954,48.3228],[8.431,48.3222],[8.4382,48.3045],[8.4464,48.3022],[8.4586,48.3127],[8.4941,48.3144],[8.5022,48.3308],[8.4874,48.3324],[8.4781,48.3479],[8.4992,48.3593],[8.4857,48.3683],[8.491,48.3835],[8.5186,48.3864],[8.5223,48.4006],[8.546,48.4056],[8.556,48.3997],[8.5967,48.4087],[8.606,48.3962],[8.6401,48.4023],[8.6547,48.3946],[8.6757,48.4009],[8.6901,48.3872],[8.7372,48.378],[8.7568,48.3818],[8.7568,48.3929],[8.7741,48.4163],[8.7643,48.428],[8.7875,48.447],[8.8252,48.463],[8.8213,48.4692],[8.8009,48.4781],[8.7953,48.4848],[8.7765,48.4865],[8.7653,48.5035],[8.7557,48.5041]]]}},{"type":"Feature","properties":{"code":"DE-08311","name":"Stadtkreis Freiburg im Breisgau","country":"DE","region":"Baden-Württemberg"},"geometry":{"type":"Polygon","coordinates":[[[7.8247,48.069],[7.815,48.0711],[7.7971,48.0591],[7.7893,48.0286],[7.7689,48.0175],[7.7582,48.0186],[7.7335,48.033],[7.7083,48.0353],[7.7038,48.0287],[7.7065,48.0101],[7.6796,47.9968],[7.6848,47.9879],[7.6786,47.9753],[7.6625,47.9656],[7.6777,47.9594],[7.6897,47.9634],[7.7012,47.9593],[7.7388,47.979],[7.7679,47.9784],[7.7802,47.9708],[7.8021,47.9641],[7.8228,47.9724],[7.8489,47.9608],[7.8582,47.9488],[7.879,47.9486],[7.8771,47.9348],[7.8625,47.9238],[7.8629,47.9134],[7.872,47.9045],[7.885,47.9042],[7.9092,47.9144],[7.9066,47.9246],[7.9247,47.94],[7.9247,47.9509],[7.9151,47.9628],[7.9241,47.9706],[7.9303,47.9908],[7.9283,48.0107],[7.8882,48.0102],[7.8724,48.0164],[7.8818,48.023],[7.8752,48.0314],[7.8548,48.0364],[7.8506,48.052],[7.8386,48.056],[7.8247,48.069]]]}},{"type":"Feature","properties":{"code":"DE-08315","name":"Landkreis Breisgau-Hochschwarzwald","country":"DE","region":"Baden-Württemberg"},"geometry":{"type":"Polygon","coordinates":[[[7.8247,48.069],[7.8079,48.0744],[7.7854,48.086],[7.7545,48.0866],[7.7627,48.1004],[7.7494,48.1128],[7.7337,48.1074],[7.7006,48.111],[7.6816,48.1157],[7.6735,48.1105],[7.6484,48.1075],[7.6432,48.112],[7.6026,48.1104],[7.5914,48.108],[7.5773,48.1157],[7.579,48.0998],[7.5692,48.08],[7.5739,48.0549],[7.5685,48.0352],[7.5717,48.0304],[7.6035,48.0052],[7.6134,47.9947],[7.6217,47.9765],[7.6209,47.969],[7.6096,47.9542],[7.588,47.9371],[7.5811,47.9268],[7.5829,47.9034],[7.5798,47.8949],[7.5589,47.8818],[7.556,47.867],[7.5629,47.8538],[7.5629,47.8427],[7.5489,47.8213],[7.5321,47.7878],[7.5334,47.766],[7.546,47.7436],[7.5534,47.7444],[7.5724,47.7703],[7.6157,47.7742],[7.6197,47.7571],[7.6495,47.7673],[7.6625,47.7768],[7.6723,47.7713],[7.7243,47.7892],[7.7759,47.7903],[7.7884,47.802],[7.822,47.819],[7.8368,47.8226],[7.8696,47.8477],[7.8878,47.8673],[7.8891,47.8775],[7.9055,47.8758],[7.954,47.8754],[7.9757,47.8669],[8.0126,47.8662],[8.0189,47.8605],[8.018,47.8411],[8.0281,47.8504],[8.0432,47.8552],[8.0672,47.8574],[8.0746,47.8541],[8.0935,47.8148],[8.0997,47.8067],[8.1246,47.802],[8.1349,47.7854],[8.1459,47.7865],[8.1544,47.7727],[8.1842,47.782],[8.1947,47.7628],[8.2235,47.7643],[8.2075,47.7855],[8.2221,47.8084],[8.2115,47.8194],[8.2276,47.8339],[8.2478,47.8353],[8.2647,47.8521],[8.2909,47.8532],[8.2924,47.8481],[8.3211,47.842],[8.3575,47.8448],[8.3904,47.8407],[8.412,47.8519],[8.439,47.8536],[8.4389,47.877],[8.422,47.8832],[8.4083,47.9051],[8.3562,47.9259],[8.3463,47.9357],[8.3177,47.9435],[8.3141,47.9519],[8.2821,47.9509],[8.2811,47.9584],[8.2963,47.9629],[8.3201,47.9787],[8.3197,47.9887],[8.308,47.9931],[8.2824,47.987],[8.2704,47.9933],[8.2395,47.9932],[8.2248,47.9975],[8.2144,47.989],[8.1965,47.9838],[8.191,47.9937],[8.1777,47.9925],[8.136,48.0093],[8.1225,48.0105],[8.1182,48.0215],[8.0926,48.0425],[8.0769,48.0442],[8.0732,48.058],[8.0578,48.0634],[8.0346,48.0576],[8.0041,48.0593],[7.9972,48.0627],[7.9559,48.0636],[7.9511,48.0574],[7.9283,48.0638],[7.9137,48.0558],[7.8861,48.0531],[7.8572,48.0558],[7.8506,48.052],[7.8548,48.0364],[7.8752,48.0314],[7.8818,48.023],[7.8724,48.0164],[7.8882,48.0102],[7.9283,48.0107],[7.9303,47.9908],[7.9241,47.9706],[7.9151,47.9628],[7.9247,47.9509],[7.9247,47.94],[7.9066,47.9246],[7.9092,47.9144],[7.885,47.9042],[7.872,47.9045],[7.8629,47.9134],[7.8625,47.9238],[7.8771,47.9348],[7.879,47.9486],[7.8582,47.9488],[7.8489,47.9608],[7.8228,47.9724],[7.8021,47.9641],[7.7802,47.9708],[7.7679,47.9784],[7.7388,47.979],[7.7012,47.9593],[7.6897,47.9634],[7.6777,47.9594],[7.6625,47.9656],[7.6786,47.9753],[7.6848,47.9879],[7.6796,47.9968],[7.7065,48.0101],[7.7038,48.0287],[7.7083,48.0353],[7.7335,48.033],[7.7582,48.0186],[7.7689,48.0175],[7.7893,48.0286],[7.7971,48.0591],[7.815,48.0711],[7.8247,48.069]]]}},{"type":"Feature","properties":{"code":"DE-08316","name":"Landkreis Emmendingen","country":"DE","region":"Baden-Württemberg"},"geometry":{"type":"Polygon","coordinates":[[[8.1803,48.1839],[8.1876,48.2023],[8.172,48.2107],[8.1657,48.2259],[8.1519,48.229],[8.1395,48.2201],[8.1043,48.2083],[8.0919,48.2126],[8.0805,48.2241],[8.0671,48.2273],[8.0514,48.2217],[8.0364,48.2226],[8.0291,48.2324],[8.0176,48.2342],[7.9928,48.2211],[8.0029,48.2127],[7.9807,48.2023],[7.9626,48.2067],[7.9488,48.2025],[7.9272,48.2085],[7.9048,48.2208],[7.8727,48.2245],[7.8468,48.2326],[7.8294,48.2344],[7.8155,48.2245],[7.7802,48.2362],[7.7724,48.2418],[7.7344,48.2368],[7.7114,48.2593],[7.6807,48.2573],[7.6685,48.2255],[7.661,48.2168],[7.6441,48.2073],[7.6295,48.1837],[7.6018,48.1592],[7.6002,48.1388],[7.5783,48.1223],[7.5773,48.1157],[7.5914,48.108],[7.6026,48.1104],[7.6432,48.112],[7.6484,48.1075],[7.6735,48.1105],[7.6816,48.1157],[7.7006,48.111],[7.7337,48.1074],[7.7494,48.1128],[7.7627,48.1004],[7.7545,48.0866],[7.7854,48.086],[7.8079,48.0744],[7.8247,48.069],[7.8386,48.056],[7.8506,48.052],[7.8572,48.0558],[7.8861,48.0531],[7.9137,48.0558],[7.9283,48.0638],[7.9511,48.0574],[7.9559,48.0636],[7.9972,48.0627],[8.0041,48.0593],[8.0346,48.0576],[8.0578,48.0634],[8.0732,48.058],[8.0769,48.0442],[8.0926,48.0425],[8.1182,48.0215],[8.1225,48.0105],[8.136,48.0093],[8.1274,48.0153],[8.1159,48.0359],[8.1259,48.0402],[8.1253,48.0523],[8.1141,48.0559],[8.1112,48.0646],[8.1279,48.0731],[8.1482,48.0673],[8.1606,48.0695],[8.1454,48.0854],[8.1521,48.0949],[8.1432,48.1127],[8.1327,48.1178],[8.1254,48.1317],[8.1421,48.1405],[8.1363,48.1639],[8.1546,48.1733],[8.1685,48.1752],[8.1803,48.1839]]]}},{"type":"Feature","properties":{"code":"DE-08317","name":"Landkreis Ortenaukreis","country":"DE","region":"Baden-Württemberg"},"geometry":{"type":"Polygon","coordinates":[[[8.222,48.6032],[8.2328,48.6062],[8.2408,48.6178],[8.2411,48.6292],[8.1997,48.6284],[8.1806,48.64],[8.1618,48.6403],[8.1567,48.6492],[8.1363,48.6571],[8.1214,48.6492],[8.1081,48.6512],[8.0732,48.6719],[8.056,48.6732],[8.0318,48.6832],[8.0198,48.6795],[8.0016,48.6873],[7.9819,48.6872],[7.9772,48.698],[7.9914,48.7052],[7.9812,48.7119],[7.9596,48.7186],[7.89,48.6626],[7.8481,48.6469],[7.838,48.6389],[7.8303,48.6199],[7.8048,48.5926],[7.8002,48.5787],[7.8054,48.5611],[7.8035,48.5383],[7.8061,48.5164],[7.7919,48.5002],[7.7669,48.4871],[7.766,48.4605],[7.7617,48.4485],[7.7358,48.4039],[7.7319,48.3764],[7.7456,48.3325],[7.7316,48.3172],[7.7104,48.3116],[7.6916,48.2991],[7.6892,48.2808],[7.6807,48.2573],[7.7114,48.2593],[7.7344,48.2368],[7.7724,48.2418],[7.7802,48.2362],[7.8155,48.2245],[7.8294,48.2344],[7.8468,48.2326],[7.8727,48.2245],[7.9048,48.2208],[7.9272,48.2085],[7.9488,48.2025],[7.9626,48.2067],[7.9807,48.2023],[8.0029,48.2127],[7.9928,48.2211],[8.0176,48.2342],[8.0291,48.2324],[8.0364,48.2226],[8.0514,48.2217],[8.0671,48.2273],[8.0805,48.2241],[8.0919,48.2126],[8.1043,48.2083],[8.1395,48.2201],[8.1519,48.229],[8.1657,48.2259],[8.172,48.2107],[8.1876,48.2023],[8.1803,48.1839],[8.2086,48.1703],[8.2162,48.1592],[8.2302,48.1611],[8.2389,48.1778],[8.2521,48.1829],[8.2827,48.1717],[8.2931,48.1837],[8.3091,48.1906],[8.3123,48.2136],[8.2983,48.2177],[8.2943,48.2317],[8.3009,48.2409],[8.2872,48.2477],[8.2967,48.2585],[8.2773,48.2852],[8.3059,48.294],[8.3226,48.2919],[8.3298,48.2996],[8.3239,48.3112],[8.3232,48.3269],[8.304,48.3491],[8.2914,48.3577],[8.2592,48.3658],[8.264,48.3793],[8.2475,48.3853],[8.2476,48.3951],[8.233,48.4012],[8.2411,48.4114],[8.2546,48.4139],[8.2688,48.449],[8.2647,48.4566],[8.2724,48.4816],[8.2667,48.4906],[8.2283,48.4978],[8.2188,48.508],[8.2134,48.5218],[8.2159,48.5523],[8.2351,48.5717],[8.2358,48.5802],[8.2208,48.5863],[8.222,48.6032]]]}},{"type":"Feature","properties":{"code":"DE-08325","name":"Landkreis Rottweil","country":"DE","region":"Baden-Württemberg"},"geometry":{"type":"Polygon","coordinates":[[[8.7372,48.378],[8.6901,48.3872],[8.6757,48.4009],[8.6547,48.3946],[8.6401,48.4023],[8.606,48.3962],[8.5967,48.4087],[8.556,48.3997],[8.546,48.4056],[8.5223,48.4006],[8.5186,48.3864],[8.491,48.3835],[8.4857,48.3683],[8.4992,48.3593],[8.4781,48.3479],[8.4874,48.3324],[8.5022,48.3308],[8.4941,48.3144],[8.4586,48.3127],[8.4464,48.3022],[8.4382,48.3045],[8.431,48.3222],[8.3954,48.3228],[8.3598,48.3384],[8.3559,48.3675],[8.3578,48.3793],[8.3286,48.387],[8.3151,48.3679],[8.3183,48.3562],[8.304,48.3491],[8.3232,48.3269],[8.3239,48.3112],[8.3298,48.2996],[8.3226,48.2919],[8.3059,48.294],[8.2773,48.2852],[8.2967,48.2585],[8.2872,48.2477],[8.3009,48.2409],[8.2943,48.2317],[8.2983,48.2177],[8.3123,48.2136],[8.3091,48.1906],[8.2931,48.1837],[8.2827,48.1717],[8.2977,48.1659],[8.3066,48.1729],[8.3274,48.1603],[8.3859,48.1741],[8.4075,48.1673],[8.4238,48.168],[8.4293,48.1592],[8.4438,48.1721],[8.4364,48.1818],[8.4707,48.18],[8.481,48.1687],[8.5176,48.1667],[8.5368,48.1364],[8.5517,48.132],[8.5436,48.1153],[8.5479,48.1078],[8.5701,48.0965],[8.574,48.0821],[8.5827,48.072],[8.6043,48.0747],[8.5997,48.0858],[8.6136,48.096],[8.6373,48.1016],[8.6412,48.1101],[8.657,48.1193],[8.6817,48.1175],[8.687,48.1275],[8.7056,48.1403],[8.7258,48.1389],[8.7456,48.1452],[8.7512,48.1595],[8.7491,48.1653],[8.7241,48.1725],[8.7192,48.1816],[8.7384,48.1896],[8.7442,48.2009],[8.7247,48.2035],[8.7136,48.2092],[8.7021,48.2252],[8.6975,48.2578],[8.6855,48.2668],[8.668,48.2685],[8.6835,48.2808],[8.6596,48.2833],[8.6676,48.3049],[8.6853,48.304],[8.7187,48.315],[8.7192,48.3211],[8.6999,48.3267],[8.7143,48.3396],[8.7434,48.35],[8.745,48.3587],[8.733,48.366],[8.7372,48.378]]]}},{"type":"Feature","properties":{"code":"DE-08326","name":"Landkreis Schwarzwald-Baar-Kreis","country":"DE","region":"Baden-Württemberg"},"geometry":{"type":"Polygon","coordinates":[[[8.2827,48.1717],[8.2521,48.1829],[8.2389,48.1778],[8.2302,48.1611],[8.2162,48.1592],[8.2086,48.1703],[8.1803,48.1839],[8.1685,48.1752],[8.1546,48.1733],[8.1363,48.1639],[8.1421,48.1405],[8.1254,48.1317],[8.1327,48.1178],[8.1432,48.1127],[8.1521,48.0949],[8.1454,48.0854],[8.1606,48.0695],[8.1482,48.0673],[8.1279,48.0731],[8.1112,48.0646],[8.1141,48.0559],[8.1253,48.0523],[8.1259,48.0402],[8.1159,48.0359],[8.1274,48.0153],[8.136,48.0093],[8.1777,47.9925],[8.191,47.9937],[8.1965,47.9838],[8.2144,47.989],[8.2248,47.9975],[8.2395,47.9932],[8.2704,47.9933],[8.2824,47.987],[8.308,47.9931],[8.3197,47.9887],[8.3201,47.9787],[8.2963,47.9629],[8.2811,47.9584],[8.2821,47.9509],[8.3141,47.9519],[8.3177,47.9435],[8.3463,47.9357],[8.3562,47.9259],[8.4083,47.9051],[8.422,47.8832],[8.4389,47.877],[8.439,47.8536],[8.4626,47.8503],[8.4733,47.8422],[8.4704,47.8314],[8.5059,47.8303],[8.5132,47.8111],[8.4919,47.7968],[8.5152,47.7957],[8.529,47.7859],[8.5102,47.7762],[8.5232,47.7757],[8.5526,47.7846],[8.566,47.7783],[8.575,47.7896],[8.5755,47.8017],[8.6139,47.8012],[8.6271,47.8224],[8.6288,47.84],[8.6401,47.8548],[8.6253,47.8686],[8.6078,47.877],[8.6207,47.8874],[8.6128,47.8953],[8.5922,47.9027],[8.5874,47.9254],[8.5885,47.9449],[8.6038,47.9515],[8.636,47.9501],[8.64,47.9655],[8.6582,47.9773],[8.6515,47.99],[8.6544,48.0006],[8.6415,48.0047],[8.6302,48.0149],[8.644,48.0339],[8.6319,48.044],[8.6366,48.0489],[8.6043,48.0747],[8.5827,48.072],[8.574,48.0821],[8.5701,48.0965],[8.5479,48.1078],[8.5436,48.1153],[8.5517,48.132],[8.5368,48.1364],[8.5176,48.1667],[8.481,48.1687],[8.4707,48.18],[8.4364,48.1818],[8.4438,48.1721],[8.4293,48.1592],[8.4238,48.168],[8.4075,48.1673],[8.3859,48.1741],[8.3274,48.1603],[8.3066,48.1729],[8.2977,48.1659],[8.2827,48.1717]]]}},{"type":"Feature","properties":{"code":"DE-08327","name":"Landkreis Tuttlingen","country":"DE","region":"Baden-Württemberg"},"geometry":{"type":"Polygon","coordinates":[[[8.9538,48.1073],[8.9392,48.1036],[8.9133,48.1106],[8.8851,48.1054],[8.8602,48.1438],[8.8359,48.1515],[8.8279,48.1711],[8.8168,48.1738],[8.8139,48.1826],[8.7942,48.1845],[8.7693,48.1827],[8.7643,48.1632],[8.7512,48.1595],[8.7456,48.1452],[8.7258,48.1389],[8.7056,48.1403],[8.687,48.1275],[8.6817,48.1175],[8.657,48.1193],[8.6412,48.1101],[8.6373,48.1016],[8.6136,48.096],[8.5997,48.0858],[8.6043,48.0747],[8.6366,48.0489],[8.6319,48.044],[8.644,48.0339],[8.6302,48.0149],[8.6415,48.0047],[8.6544,48.0006],[8.6515,47.99],[8.6582,47.9773],[8.64,47.9655],[8.636,47.9501],[8.6038,47.9515],[8.5885,47.9449],[8.5874,47.9254],[8.5922,47.9027],[8.6128,47.8953],[8.6207,47.8874],[8.6078,47.877],[8.6253,47.8686],[8.6401,47.8548],[8.6559,47.8485],[8.6873,47.8524],[8.6982,47.8638],[8.6904,47.8823],[8.7167,47.888],[8.7396,47.8847],[8.7736,47.8946],[8.7869,47.8947],[8.8043,47.9071],[8.8014,47.9172],[8.8133,47.9219],[8.819,47.9101],[8.8174,47.8872],[8.8257,47.8816],[8.8453,47.878],[8.8644,47.8932],[8.8637,47.8978],[8.8796,47.9121],[8.9029,47.9155],[8.9448,47.9289],[8.9529,47.9341],[8.9648,47.9242],[8.984,47.938],[8.9952,47.9326],[9.012,47.9369],[9.0207,47.9474],[9.0195,47.961],[9.0117,47.9742],[9.0214,47.9794],[9.0194,47.9886],[9.0063,47.9996],[9.0139,48.0035],[9.0076,48.0256],[8.9773,48.0326],[8.9715,48.0402],[8.9521,48.0297],[8.9487,48.0554],[8.9747,48.056],[8.9966,48.0679],[8.9799,48.0855],[8.9625,48.0911],[8.9538,48.1073]]]}},{"type":"Feature","properties":{"code":"DE-08335","name":"Landkreis Konstanz","country":"DE","region":"Baden-Württemberg"},"geometry":{"type":"MultiPolygon","coordinates":[[[[8.7013,47.7152],[8.6738,47.7048],[8.6777,47.6873],[8.6922,47.6952],[8.7149,47.6896],[8.7013,47.7152]]],[[[9.1286,47.8468],[9.1339,47.8681],[9.1459,47.8729],[9.1469,47.8979],[9.1262,47.9009],[9.0848,47.9163],[9.0656,47.9177],[9.0707,47.9422],[9.0494,47.9355],[9.012,47.9369],[8.9952,47.9326],[8.984,47.938],[8.9648,47.9242],[8.9529,47.9341],[8.9448,47.9289],[8.9029,47.9155],[8.8796,47.9121],[8.8637,47.8978],[8.8644,47.8932],[8.8453,47.878],[8.8257,47.8816],[8.8174,47.8872],[8.819,47.9101],[8.8133,47.9219],[8.8014,47.9172],[8.8043,47.9071],[8.7869,47.8947],[8.7736,47.8946],[8.7396,47.8847],[8.7167,47.888],[8.6904,47.8823],[8.6982,47.8638],[8.6873,47.8524],[8.6559,47.8485],[8.6401,47.8548],[8.6288,47.84],[8.6271,47.8224],[8.6139,47.8012],[8.622,47.7947],[8.6151,47.7832],[8.6233,47.7773],[8.6194,47.7677],[8.6316,47.7582],[8.6423,47.7653],[8.6499,47.7813],[8.6453,47.7872],[8.657,47.8003],[8.6676,47.7877],[8.6816,47.7835],[8.6886,47.7583],[8.6951,47.7557],[8.7142,47.7654],[8.7271,47.7623],[8.7398,47.7531],[8.7234,47.7455],[8.7113,47.7301],[8.7179,47.7216],[8.7332,47.7184],[8.728,47.6927],[8.7525,47.6905],[8.7902,47.6751],[8.7965,47.6878],[8.7977,47.7029],[8.7694,47.7069],[8.7698,47.7181],[8.7807,47.7217],[8.7966,47.7346],[8.8075,47.7371],[8.8128,47.7237],[8.8236,47.7109],[8.8336,47.7146],[8.8547,47.7049],[8.8576,47.6927],[8.8505,47.6845],[8.8735,47.6702],[8.8754,47.6562],[8.8937,47.6522],[8.9391,47.6617],[8.9983,47.6869],[9.0059,47.6968],[8.9923,47.7071],[8.9728,47.7115],[8.9426,47.724],[8.9472,47.7357],[8.9753,47.735],[8.9945,47.7272],[9.0015,47.7377],[9.1016,47.7017],[9.107,47.6906],[9.0878,47.688],[9.0604,47.7034],[9.0429,47.7015],[9.0433,47.6934],[9.0811,47.6833],[9.0926,47.6864],[9.1131,47.685],[9.1393,47.664],[9.1577,47.666],[9.1697,47.6561],[9.1784,47.667],[9.2073,47.6632],[9.2178,47.6667],[9.2114,47.6824],[9.1796,47.7052],[9.178,47.7256],[9.1491,47.7487],[9.1363,47.7471],[9.1183,47.7583],[9.0923,47.7664],[9.0663,47.7799],[9.0482,47.7957],[9.0305,47.8065],[9.0395,47.8175],[9.0621,47.8147],[9.0705,47.8073],[9.0798,47.8313],[9.0702,47.8395],[9.0657,47.8557],[9.0847,47.8578],[9.1034,47.8416],[9.1286,47.8468]]]]}},{"type":"Feature","properties":{"code":"DE-08336","name":"Landkreis Lörrach","country":"DE","region":"Baden-Württemberg"},"geometry":{"type":"Polygon","coordinates":[[[8.018,47.8411],[8.0189,47.8605],[8.0126,47.8662],[7.9757,47.8669],[7.954,47.8754],[7.9055,47.8758],[7.8891,47.8775],[7.8878,47.8673],[7.8696,47.8477],[7.8368,47.8226],[7.822,47.819],[7.7884,47.802],[7.7759,47.7903],[7.7243,47.7892],[7.6723,47.7713],[7.6625,47.7768],[7.6495,47.7673],[7.6197,47.7571],[7.6157,47.7742],[7.5724,47.7703],[7.5534,47.7444],[7.546,47.7436],[7.5476,47.7298],[7.534,47.7142],[7.5177,47.7051],[7.5123,47.6949],[7.5189,47.6847],[7.5211,47.6638],[7.5379,47.6492],[7.5674,47.6317],[7.5743,47.6158],[7.593,47.6008],[7.5892,47.5897],[7.6193,47.5769],[7.6458,47.5969],[7.6672,47.592],[7.6807,47.5827],[7.6837,47.574],[7.6701,47.5659],[7.6481,47.5599],[7.6492,47.5482],[7.6676,47.5362],[7.6964,47.5328],[7.7191,47.5418],[7.7457,47.5439],[7.7961,47.5577],[7.8098,47.5682],[7.8192,47.5872],[7.8408,47.5822],[7.8618,47.5878],[7.8941,47.5864],[7.9018,47.5902],[7.9013,47.6017],[7.8886,47.6056],[7.8782,47.617],[7.8806,47.6422],[7.9093,47.6499],[7.9172,47.6658],[7.9322,47.6738],[7.9624,47.6848],[7.9777,47.695],[7.9809,47.7115],[7.9683,47.7344],[7.975,47.7449],[7.9699,47.7522],[7.9791,47.7665],[8.0016,47.7699],[8.0046,47.7945],[7.9986,47.797],[7.9995,47.8276],[8.018,47.8411]]]}},{"type":"Feature","properties":{"code":"DE-08337","name":"Landkreis Waldshut","country":"DE","region":"Baden-Württemberg"},"geometry":{"type":"Polygon","coordinates":[[[8.439,47.8536],[8.412,47.8519],[8.3904,47.8407],[8.3575,47.8448],[8.3211,47.842],[8.2924,47.8481],[8.2909,47.8532],[8.2647,47.8521],[8.2478,47.8353],[8.2276,47.8339],[8.2115,47.8194],[8.2221,47.8084],[8.2075,47.7855],[8.2235,47.7643],[8.1947,47.7628],[8.1842,47.782],[8.1544,47.7727],[8.1459,47.7865],[8.1349,47.7854],[8.1246,47.802],[8.0997,47.8067],[8.0935,47.8148],[8.0746,47.8541],[8.0672,47.8574],[8.0432,47.8552],[8.0281,47.8504],[8.018,47.8411],[7.9995,47.8276],[7.9986,47.797],[8.0046,47.7945],[8.0016,47.7699],[7.9791,47.7665],[7.9699,47.7522],[7.975,47.7449],[7.9683,47.7344],[7.9809,47.7115],[7.9777,47.695],[7.9624,47.6848],[7.9322,47.6738],[7.9172,47.6658],[7.9093,47.6499],[7.8806,47.6422],[7.8782,47.617],[7.8886,47.6056],[7.9013,47.6017],[7.9018,47.5902],[7.8941,47.5864],[7.9109,47.571],[7.9078,47.5618],[7.9171,47.5478],[7.9483,47.5451],[7.9532,47.5553],[7.9992,47.5566],[8.0225,47.5505],[8.0466,47.5555],[8.0704,47.5644],[8.0913,47.5582],[8.1002,47.5638],[8.1031,47.5764],[8.1117,47.5833],[8.1352,47.5836],[8.1464,47.5946],[8.1668,47.5951],[8.1864,47.6063],[8.2041,47.6209],[8.2376,47.6123],[8.259,47.6153],[8.265,47.6095],[8.2801,47.6117],[8.2975,47.6057],[8.2979,47.5891],[8.3284,47.5712],[8.3847,47.5664],[8.396,47.577],[8.4287,47.5669],[8.4379,47.5672],[8.4942,47.5823],[8.4887,47.5878],[8.4669,47.5842],[8.457,47.5973],[8.4831,47.6138],[8.5083,47.6175],[8.5156,47.6338],[8.5389,47.6309],[8.5573,47.6246],[8.5709,47.6125],[8.5616,47.6013],[8.5825,47.5961],[8.6042,47.6122],[8.5957,47.6431],[8.6103,47.6515],[8.6275,47.6537],[8.6079,47.6646],[8.6066,47.6721],[8.5781,47.6616],[8.5605,47.6704],[8.527,47.6604],[8.534,47.6496],[8.4661,47.6428],[8.4536,47.6548],[8.4451,47.6538],[8.4237,47.6668],[8.4124,47.6663],[8.4056,47.6745],[8.4206,47.6839],[8.4044,47.6981],[8.4168,47.71],[8.4426,47.7217],[8.454,47.7235],[8.4498,47.7386],[8.4745,47.765],[8.489,47.7733],[8.5102,47.7762],[8.529,47.7859],[8.5152,47.7957],[8.4919,47.7968],[8.5132,47.8111],[8.5059,47.8303],[8.4704,47.8314],[8.4733,47.8422],[8.4626,47.8503],[8.439,47.8536]]]}},{"type":"Feature","properties":{"code":"DE-08415","name":"Landkreis Reutlingen","country":"DE","region":"Baden-Württemberg"},"geometry":{"type":"Polygon","coordinates":[[[9.5825,48.5391],[9.5658,48.5383],[9.5246,48.5158],[9.5107,48.5229],[9.5018,48.5127],[9.4795,48.5183],[9.4825,48.5353],[9.4514,48.5464],[9.4186,48.5363],[9.4087,48.5381],[9.393,48.531],[9.3692,48.5345],[9.3637,48.5417],[9.3436,48.5462],[9.3319,48.5408],[9.3146,48.5528],[9.3109,48.5647],[9.3216,48.569],[9.3148,48.5803],[9.2982,48.5739],[9.2953,48.5655],[9.2593,48.5663],[9.2374,48.5784],[9.2252,48.5664],[9.2072,48.5728],[9.2028,48.6042],[9.1883,48.5976],[9.1797,48.6046],[9.1512,48.6041],[9.1292,48.6013],[9.1261,48.5822],[9.1282,48.5697],[9.1507,48.5536],[9.1698,48.5506],[9.1757,48.5389],[9.1737,48.5277],[9.1384,48.5227],[9.1363,48.5097],[9.1533,48.4922],[9.1272,48.4833],[9.1206,48.4724],[9.1388,48.468],[9.133,48.4528],[9.1196,48.4449],[9.1169,48.4273],[9.1471,48.41],[9.1212,48.3887],[9.1295,48.3729],[9.1793,48.3676],[9.1671,48.3533],[9.1741,48.3444],[9.1891,48.338],[9.2126,48.3331],[9.2166,48.3168],[9.2106,48.3074],[9.1678,48.311],[9.1715,48.2999],[9.187,48.2808],[9.2011,48.2881],[9.221,48.2781],[9.2209,48.2686],[9.2451,48.2678],[9.2618,48.2721],[9.2789,48.2861],[9.2877,48.2845],[9.3102,48.259],[9.3305,48.2562],[9.3476,48.2395],[9.3869,48.1983],[9.3994,48.1968],[9.4109,48.2021],[9.4244,48.1955],[9.4381,48.1949],[9.441,48.2049],[9.4644,48.209],[9.4724,48.1984],[9.4981,48.2125],[9.4991,48.2232],[9.4901,48.2327],[9.4901,48.2422],[9.5257,48.2537],[9.5249,48.2689],[9.5065,48.269],[9.5059,48.2784],[9.5294,48.2841],[9.5418,48.2919],[9.5539,48.2919],[9.5552,48.3065],[9.5361,48.3123],[9.5584,48.3294],[9.5794,48.3319],[9.5914,48.3503],[9.5883,48.3574],[9.5993,48.3774],[9.5809,48.3946],[9.5928,48.3983],[9.6213,48.3957],[9.6237,48.4142],[9.6367,48.4186],[9.6322,48.4428],[9.6145,48.4707],[9.5902,48.4773],[9.5841,48.4999],[9.5912,48.5121],[9.5824,48.5291],[9.5852,48.5367],[9.5825,48.5391]]]}},{"type":"Feature","properties":{"code":"DE-08416","name":"Landkreis Tübingen","country":"DE","region":"Baden-Württemberg"},"geometry":{"type":"Polygon","coordinates":[[[9.1292,48.6013],[9.1104,48.6053],[9.1142,48.6115],[9.1078,48.6228],[9.0956,48.6217],[9.0896,48.6031],[9.0698,48.5933],[9.0521,48.5932],[9.0405,48.5874],[9.0348,48.5769],[9.004,48.588],[8.994,48.5844],[8.9789,48.5899],[8.9492,48.5871],[8.9357,48.5774],[8.9452,48.5675],[8.9322,48.5644],[8.9113,48.5722],[8.8898,48.5645],[8.887,48.5418],[8.8509,48.5372],[8.8609,48.5274],[8.8577,48.514],[8.8356,48.5032],[8.7964,48.5103],[8.7899,48.5201],[8.7689,48.5218],[8.7557,48.5041],[8.7653,48.5035],[8.7765,48.4865],[8.7953,48.4848],[8.8009,48.4781],[8.8213,48.4692],[8.8252,48.463],[8.7875,48.447],[8.7643,48.428],[8.7741,48.4163],[8.7946,48.4174],[8.8014,48.4069],[8.8318,48.4064],[8.8389,48.4124],[8.8677,48.4155],[8.876,48.397],[8.8944,48.3927],[8.9093,48.3948],[8.9424,48.3904],[8.9537,48.3808],[8.9697,48.3849],[8.9994,48.3799],[9.0047,48.3757],[9.0343,48.3707],[9.0619,48.3715],[9.0849,48.365],[9.1295,48.3729],[9.1212,48.3887],[9.1471,48.41],[9.1169,48.4273],[9.1196,48.4449],[9.133,48.4528],[9.1388,48.468],[9.1206,48.4724],[9.1272,48.4833],[9.1533,48.4922],[9.1363,48.5097],[9.1384,48.5227],[9.1737,48.5277],[9.1757,48.5389],[9.1698,48.5506],[9.1507,48.5536],[9.1282,48.5697],[9.1261,48.5822],[9.1292,48.6013]]]}},{"type":"Feature","properties":{"code":"DE-08417","name":"Landkreis Zollernalbkreis","country":"DE","region":"Baden-Württemberg"},"geometry":{"type":"Polygon","coordinates":[[[9.1295,48.3729],[9.0849,48.365],[9.0619,48.3715],[9.0343,48.3707],[9.0047,48.3757],[8.9994,48.3799],[8.9697,48.3849],[8.9537,48.3808],[8.9424,48.3904],[8.9093,48.3948],[8.8944,48.3927],[8.876,48.397],[8.8677,48.4155],[8.8389,48.4124],[8.8318,48.4064],[8.8014,48.4069],[8.7946,48.4174],[8.7741,48.4163],[8.7568,48.3929],[8.7568,48.3818],[8.7372,48.378],[8.733,48.366],[8.745,48.3587],[8.7434,48.35],[8.7143,48.3396],[8.6999,48.3267],[8.7192,48.3211],[8.7187,48.315],[8.6853,48.304],[8.6676,48.3049],[8.6596,48.2833],[8.6835,48.2808],[8.668,48.2685],[8.6855,48.2668],[8.6975,48.2578],[8.7021,48.2252],[8.7136,48.2092],[8.7247,48.2035],[8.7442,48.2009],[8.7384,48.1896],[8.7192,48.1816],[8.7241,48.1725],[8.7491,48.1653],[8.7512,48.1595],[8.7643,48.1632],[8.7693,48.1827],[8.7942,48.1845],[8.8139,48.1826],[8.8168,48.1738],[8.8279,48.1711],[8.8359,48.1515],[8.8602,48.1438],[8.8851,48.1054],[8.9133,48.1106],[8.9392,48.1036],[8.9538,48.1073],[8.9554,48.1199],[8.9839,48.124],[8.9873,48.1332],[9.0108,48.1596],[9.0364,48.1638],[9.0635,48.1519],[9.0874,48.1489],[9.1056,48.1528],[9.1208,48.145],[9.1556,48.1426],[9.1643,48.1456],[9.1808,48.1663],[9.181,48.1873],[9.1749,48.1983],[9.1868,48.2089],[9.1595,48.2223],[9.1273,48.2297],[9.1116,48.2365],[9.1092,48.2528],[9.1324,48.2627],[9.149,48.2621],[9.1878,48.2724],[9.187,48.2808],[9.1715,48.2999],[9.1678,48.311],[9.2106,48.3074],[9.2166,48.3168],[9.2126,48.3331],[9.1891,48.338],[9.1741,48.3444],[9.1671,48.3533],[9.1793,48.3676],[9.1295,48.3729]]]}},{"type":"Feature","properties":{"code":"DE-08421","name":"Stadtkreis Ulm","country":"DE","region":"Baden-Württemberg"},"geometry":{"type":"Polygon","coordinates":[[[10.0327,48.4572],[10.021,48.4643],[9.977,48.4645],[9.965,48.449],[9.9409,48.4513],[9.9154,48.4417],[9.9104,48.4221],[9.9266,48.4245],[9.9294,48.411],[9.9121,48.409],[9.901,48.3956],[9.8744,48.3949],[9.8692,48.3761],[9.8449,48.367],[9.85,48.3531],[9.8747,48.3541],[9.9264,48.3411],[9.9253,48.3252],[9.9069,48.3196],[9.9213,48.3122],[9.9484,48.3119],[9.9914,48.3281],[9.9832,48.3483],[9.9976,48.3501],[9.9995,48.3615],[9.9877,48.3706],[9.9777,48.3627],[9.9673,48.3744],[9.9849,48.3861],[9.9899,48.3937],[10.016,48.4051],[10.0188,48.4182],[10.0335,48.4268],[10.0281,48.4369],[10.0382,48.4445],[10.0327,48.4572]]]}},{"type":"Feature","properties":{"code":"DE-08425","name":"Landkreis Alb-Donau-Kreis","country":"DE","region":"Baden-Württemberg"},"geometry":{"type":"Polygon","coordinates":[[[10.2308,48.5105],[10.2133,48.5171],[10.2101,48.536],[10.1932,48.5514],[10.1683,48.55],[10.135,48.5574],[10.1133,48.5561],[10.1092,48.5691],[10.0966,48.5784],[10.0521,48.592],[10.0408,48.6044],[9.9929,48.6054],[9.9884,48.5971],[9.9648,48.5952],[9.9613,48.6036],[9.9709,48.612],[9.9441,48.6318],[9.9241,48.6299],[9.8991,48.6151],[9.8686,48.5907],[9.8514,48.5829],[9.8389,48.5858],[9.8361,48.575],[9.814,48.5579],[9.7624,48.5601],[9.7301,48.5635],[9.719,48.5571],[9.7199,48.5452],[9.7083,48.5452],[9.6905,48.5346],[9.6821,48.5246],[9.6525,48.5226],[9.6336,48.5348],[9.6112,48.5415],[9.5852,48.5367],[9.5824,48.5291],[9.5912,48.5121],[9.5841,48.4999],[9.5902,48.4773],[9.6145,48.4707],[9.6322,48.4428],[9.6367,48.4186],[9.6237,48.4142],[9.6213,48.3957],[9.5928,48.3983],[9.5809,48.3946],[9.5993,48.3774],[9.5883,48.3574],[9.5914,48.3503],[9.5794,48.3319],[9.5584,48.3294],[9.5361,48.3123],[9.5552,48.3065],[9.5539,48.2919],[9.5418,48.2919],[9.5294,48.2841],[9.5059,48.2784],[9.5065,48.269],[9.5249,48.2689],[9.5257,48.2537],[9.4901,48.2422],[9.4901,48.2327],[9.5238,48.2232],[9.5274,48.2084],[9.5389,48.2062],[9.5504,48.1936],[9.5626,48.1903],[9.5788,48.1933],[9.5959,48.2069],[9.6201,48.1996],[9.6332,48.185],[9.6428,48.1889],[9.6673,48.1609],[9.6809,48.1761],[9.7251,48.1711],[9.7443,48.1761],[9.7459,48.1926],[9.7415,48.2032],[9.7558,48.2067],[9.7668,48.2159],[9.7644,48.2268],[9.7949,48.2317],[9.7943,48.2453],[9.8283,48.2531],[9.8445,48.2463],[9.8477,48.2598],[9.8747,48.2764],[9.8849,48.2924],[9.9252,48.2814],[9.9262,48.2687],[9.9583,48.2699],[9.985,48.2631],[9.9907,48.2436],[10.0112,48.2477],[10.0192,48.2317],[10.0403,48.2281],[10.0355,48.2169],[10.0377,48.196],[10.0577,48.1966],[10.0685,48.1897],[10.0447,48.1818],[10.0473,48.1653],[10.0352,48.1529],[10.0499,48.1423],[10.0753,48.1514],[10.0954,48.164],[10.0857,48.1822],[10.0837,48.2096],[10.0783,48.2202],[10.0607,48.2401],[10.069,48.2538],[10.0624,48.2726],[10.0658,48.2818],[10.0425,48.2942],[10.0431,48.3004],[10.0259,48.3208],[10.0123,48.3306],[10.0084,48.3442],[9.9976,48.3501],[9.9832,48.3483],[9.9914,48.3281],[9.9484,48.3119],[9.9213,48.3122],[9.9069,48.3196],[9.9253,48.3252],[9.9264,48.3411],[9.8747,48.3541],[9.85,48.3531],[9.8449,48.367],[9.8692,48.3761],[9.8744,48.3949],[9.901,48.3956],[9.9121,48.409],[9.9294,48.411],[9.9266,48.4245],[9.9104,48.4221],[9.9154,48.4417],[9.9409,48.4513],[9.965,48.449],[9.977,48.4645],[10.021,48.4643],[10.0327,48.4572],[10.0712,48.4584],[10.1006,48.4705],[10.105,48.4775],[10.1339,48.4549],[10.1718,48.4578],[10.1847,48.4764],[10.2179,48.4885],[10.2354,48.489],[10.2375,48.5002],[10.2347,48.5053],[10.2308,48.5105]]]}},{"type":"Feature","properties":{"code":"DE-08426","name":"Landkreis Biberach","country":"DE","region":"Baden-Württemberg"},"geometry":{"type":"Polygon","coordinates":[[[10.0954,48.164],[10.0753,48.1514],[10.0499,48.1423],[10.0352,48.1529],[10.0473,48.1653],[10.0447,48.1818],[10.0685,48.1897],[10.0577,48.1966],[10.0377,48.196],[10.0355,48.2169],[10.0403,48.2281],[10.0192,48.2317],[10.0112,48.2477],[9.9907,48.2436],[9.985,48.2631],[9.9583,48.2699],[9.9262,48.2687],[9.9252,48.2814],[9.8849,48.2924],[9.8747,48.2764],[9.8477,48.2598],[9.8445,48.2463],[9.8283,48.2531],[9.7943,48.2453],[9.7949,48.2317],[9.7644,48.2268],[9.7668,48.2159],[9.7558,48.2067],[9.7415,48.2032],[9.7459,48.1926],[9.7443,48.1761],[9.7251,48.1711],[9.6809,48.1761],[9.6673,48.1609],[9.6428,48.1889],[9.6332,48.185],[9.6201,48.1996],[9.5959,48.2069],[9.5788,48.1933],[9.5626,48.1903],[9.5504,48.1936],[9.5389,48.2062],[9.5274,48.2084],[9.5238,48.2232],[9.4901,48.2327],[9.4991,48.2232],[9.4981,48.2125],[9.4724,48.1984],[9.4644,48.209],[9.441,48.2049],[9.4381,48.1949],[9.4244,48.1955],[9.4109,48.2021],[9.3994,48.1968],[9.3869,48.1983],[9.3476,48.2395],[9.3352,48.237],[9.3301,48.2273],[9.3078,48.2244],[9.3142,48.2135],[9.3114,48.2015],[9.3205,48.1893],[9.3045,48.1792],[9.2992,48.1634],[9.2892,48.1589],[9.2689,48.1596],[9.2733,48.15],[9.2918,48.1384],[9.3184,48.1289],[9.3272,48.1119],[9.3555,48.1045],[9.354,48.0943],[9.3759,48.0948],[9.3841,48.0905],[9.3988,48.0936],[9.4077,48.102],[9.4324,48.0856],[9.4835,48.0737],[9.5019,48.076],[9.5061,48.0698],[9.5274,48.0657],[9.5377,48.0525],[9.5551,48.0486],[9.5783,48.0346],[9.5805,48.0226],[9.5918,48.0217],[9.6043,48.0098],[9.6049,48.0023],[9.6162,47.9883],[9.6106,47.9846],[9.6245,47.9652],[9.6344,47.972],[9.6478,47.9664],[9.6629,47.9767],[9.6863,47.9681],[9.6858,47.9767],[9.7015,47.9829],[9.7119,47.971],[9.7275,47.9768],[9.7547,47.9747],[9.7709,47.9701],[9.7668,47.9567],[9.7874,47.9558],[9.8109,47.9618],[9.8267,47.9607],[9.8398,47.9539],[9.8598,47.9647],[9.8635,47.974],[9.8925,47.984],[9.9126,47.983],[9.9331,47.9683],[9.9567,47.9585],[9.9659,47.9645],[9.9869,47.9692],[10.0077,47.9702],[10.0065,47.9529],[10.0398,47.9465],[10.066,47.9672],[10.0698,47.975],[10.0948,47.9798],[10.1053,47.9746],[10.115,47.9763],[10.1196,48.0035],[10.1324,48.0154],[10.1357,48.0238],[10.1274,48.0314],[10.1413,48.0467],[10.1437,48.0744],[10.1377,48.0865],[10.1365,48.1085],[10.1226,48.117],[10.1071,48.1321],[10.0954,48.164]]]}},{"type":"Feature","properties":{"code":"DE-08435","name":"Landkreis Bodenseekreis","country":"DE","region":"Baden-Württemberg"},"geometry":{"type":"Polygon","coordinates":[[[9.4094,47.8216],[9.3792,47.8256],[9.3799,47.831],[9.3393,47.8574],[9.3206,47.8672],[9.302,47.8587],[9.2766,47.8639],[9.2666,47.8819],[9.2389,47.8775],[9.2469,47.8606],[9.2385,47.8527],[9.2237,47.8587],[9.2095,47.853],[9.2048,47.8455],[9.1896,47.841],[9.1286,47.8468],[9.1034,47.8416],[9.0847,47.8578],[9.0657,47.8557],[9.0702,47.8395],[9.0798,47.8313],[9.0705,47.8073],[9.1244,47.7824],[9.1393,47.769],[9.1517,47.7679],[9.1924,47.7508],[9.2248,47.7403],[9.2278,47.7241],[9.2393,47.7101],[9.2634,47.6948],[9.3127,47.6735],[9.324,47.6722],[9.3493,47.661],[9.3988,47.6684],[9.4221,47.6654],[9.4342,47.6572],[9.461,47.6511],[9.4953,47.6501],[9.5151,47.635],[9.5182,47.6214],[9.5293,47.6038],[9.5503,47.5877],[9.572,47.5842],[9.5955,47.5881],[9.6021,47.5843],[9.6141,47.5812],[9.6263,47.5925],[9.6427,47.5935],[9.6418,47.6037],[9.6577,47.6117],[9.6714,47.6114],[9.6839,47.6046],[9.6922,47.6104],[9.6838,47.6307],[9.7004,47.6363],[9.7304,47.6381],[9.7443,47.6544],[9.7304,47.6671],[9.7259,47.6842],[9.6966,47.6886],[9.6824,47.6825],[9.6663,47.6836],[9.6523,47.6912],[9.6565,47.7042],[9.6351,47.7049],[9.6278,47.7013],[9.6148,47.7158],[9.5981,47.726],[9.5811,47.7304],[9.5327,47.7353],[9.5269,47.7313],[9.4945,47.7395],[9.4963,47.7524],[9.4839,47.7538],[9.4782,47.764],[9.4527,47.7591],[9.4441,47.7614],[9.4336,47.7736],[9.4368,47.7821],[9.457,47.7916],[9.4631,47.8079],[9.4569,47.8129],[9.4383,47.8104],[9.439,47.8186],[9.4094,47.8216]]]}},{"type":"Feature","properties":{"code":"DE-08436","name":"Landkreis Ravensburg","country":"DE","region":"Baden-Württemberg"},"geometry":{"type":"Polygon","coordinates":[[[9.6049,48.0023],[9.5893,48.0025],[9.5755,47.9947],[9.5645,47.9969],[9.5627,47.967],[9.5355,47.9668],[9.522,47.9863],[9.4786,47.9592],[9.4687,47.9628],[9.4469,47.957],[9.4231,47.9589],[9.4225,47.9428],[9.4064,47.9409],[9.4117,47.9234],[9.3952,47.9168],[9.4011,47.9016],[9.376,47.8794],[9.3832,47.8643],[9.4013,47.8616],[9.3958,47.8529],[9.403,47.846],[9.4094,47.8216],[9.439,47.8186],[9.4383,47.8104],[9.4569,47.8129],[9.4631,47.8079],[9.457,47.7916],[9.4368,47.7821],[9.4336,47.7736],[9.4441,47.7614],[9.4527,47.7591],[9.4782,47.764],[9.4839,47.7538],[9.4963,47.7524],[9.4945,47.7395],[9.5269,47.7313],[9.5327,47.7353],[9.5811,47.7304],[9.5981,47.726],[9.6148,47.7158],[9.6278,47.7013],[9.6351,47.7049],[9.6565,47.7042],[9.6523,47.6912],[9.6663,47.6836],[9.6824,47.6825],[9.6966,47.6886],[9.7259,47.6842],[9.7304,47.6671],[9.7443,47.6544],[9.7304,47.6381],[9.7004,47.6363],[9.6838,47.6307],[9.6922,47.6104],[9.6946,47.6047],[9.7269,47.6067],[9.737,47.6132],[9.7549,47.614],[9.7782,47.6286],[9.7953,47.6357],[9.8002,47.6505],[9.8169,47.65],[9.8294,47.6586],[9.8342,47.6733],[9.8615,47.6776],[9.8804,47.6734],[9.8864,47.6661],[9.918,47.6604],[9.9315,47.6539],[9.9516,47.6562],[9.9601,47.6525],[9.9754,47.6569],[9.9807,47.667],[10.0019,47.682],[10.0212,47.6843],[10.0387,47.6778],[10.0593,47.6806],[10.0752,47.6583],[10.072,47.6434],[10.0773,47.6393],[10.0833,47.6555],[10.0932,47.6628],[10.1111,47.666],[10.1293,47.6761],[10.1283,47.6907],[10.1394,47.7033],[10.1225,47.7117],[10.1164,47.7193],[10.1184,47.7342],[10.1162,47.7614],[10.0825,47.7712],[10.0848,47.7766],[10.0647,47.7859],[10.1147,47.8058],[10.1319,47.8201],[10.1194,47.8281],[10.1036,47.8518],[10.1043,47.8637],[10.0829,47.8558],[10.0779,47.8664],[10.0916,47.8674],[10.1048,47.8776],[10.1017,47.8843],[10.1051,47.9234],[10.1101,47.9371],[10.0876,47.9502],[10.0875,47.9684],[10.1053,47.9746],[10.0948,47.9798],[10.0698,47.975],[10.066,47.9672],[10.0398,47.9465],[10.0065,47.9529],[10.0077,47.9702],[9.9869,47.9692],[9.9659,47.9645],[9.9567,47.9585],[9.9331,47.9683],[9.9126,47.983],[9.8925,47.984],[9.8635,47.974],[9.8598,47.9647],[9.8398,47.9539],[9.8267,47.9607],[9.8109,47.9618],[9.7874,47.9558],[9.7668,47.9567],[9.7709,47.9701],[9.7547,47.9747],[9.7275,47.9768],[9.7119,47.971],[9.7015,47.9829],[9.6858,47.9767],[9.6863,47.9681],[9.6629,47.9767],[9.6478,47.9664],[9.6344,47.972],[9.6245,47.9652],[9.6106,47.9846],[9.6162,47.9883],[9.6049,48.0023]]]}},{"type":"Feature","properties":{"code":"DE-08437","name":"Landkreis Sigmaringen","country":"DE","region":"Baden-Württemberg"},"geometry":{"type":"Polygon","coordinates":[[[9.3476,48.2395],[9.3305,48.2562],[9.3102,48.259],[9.2877,48.2845],[9.2789,48.2861],[9.2618,48.2721],[9.2451,48.2678],[9.2209,48.2686],[9.221,48.2781],[9.2011,48.2881],[9.187,48.2808],[9.1878,48.2724],[9.149,48.2621],[9.1324,48.2627],[9.1092,48.2528],[9.1116,48.2365],[9.1273,48.2297],[9.1595,48.2223],[9.1868,48.2089],[9.1749,48.1983],[9.181,48.1873],[9.1808,48.1663],[9.1643,48.1456],[9.1556,48.1426],[9.1208,48.145],[9.1056,48.1528],[9.0874,48.1489],[9.0635,48.1519],[9.0364,48.1638],[9.0108,48.1596],[8.9873,48.1332],[8.9839,48.124],[8.9554,48.1199],[8.9538,48.1073],[8.9625,48.0911],[8.9799,48.0855],[8.9966,48.0679],[8.9747,48.056],[8.9487,48.0554],[8.9521,48.0297],[8.9715,48.0402],[8.9773,48.0326],[9.0076,48.0256],[9.0139,48.0035],[9.0063,47.9996],[9.0194,47.9886],[9.0214,47.9794],[9.0117,47.9742],[9.0195,47.961],[9.0207,47.9474],[9.012,47.9369],[9.0494,47.9355],[9.0707,47.9422],[9.0656,47.9177],[9.0848,47.9163],[9.1262,47.9009],[9.1469,47.8979],[9.1459,47.8729],[9.1339,47.8681],[9.1286,47.8468],[9.1896,47.841],[9.2048,47.8455],[9.2095,47.853],[9.2237,47.8587],[9.2385,47.8527],[9.2469,47.8606],[9.2389,47.8775],[9.2666,47.8819],[9.2766,47.8639],[9.302,47.8587],[9.3206,47.8672],[9.3393,47.8574],[9.3799,47.831],[9.3792,47.8256],[9.4094,47.8216],[9.403,47.846],[9.3958,47.8529],[9.4013,47.8616],[9.3832,47.8643],[9.376,47.8794],[9.4011,47.9016],[9.3952,47.9168],[9.4117,47.9234],[9.4064,47.9409],[9.4225,47.9428],[9.4231,47.9589],[9.4469,47.957],[9.4687,47.9628],[9.4786,47.9592],[9.522,47.9863],[9.5355,47.9668],[9.5627,47.967],[9.5645,47.9969],[9.5755,47.9947],[9.5893,48.0025],[9.6049,48.0023],[9.6043,48.0098],[9.5918,48.0217],[9.5805,48.0226],[9.5783,48.0346],[9.5551,48.0486],[9.5377,48.0525],[9.5274,48.0657],[9.5061,48.0698],[9.5019,48.076],[9.4835,48.0737],[9.4324,48.0856],[9.4077,48.102],[9.3988,48.0936],[9.3841,48.0905],[9.3759,48.0948],[9.354,48.0943],[9.3555,48.1045],[9.3272,48.1119],[9.3184,48.1289],[9.2918,48.1384],[9.2733,48.15],[9.2689,48.1596],[9.2892,48.1589],[9.2992,48.1634],[9.3045,48.1792],[9.3205,48.1893],[9.3114,48.2015],[9.3142,48.2135],[9.3078,48.2244],[9.3301,48.2273],[9.3352,48.237],[9.3476,48.2395]]]}},{"type":"Feature","properties":{"code":"DE-09161","name":"Kreisfreie Stadt Ingolstadt","country":"DE","region":"Bayern"},"geometry":{"type":"Polygon","coordinates":[[[11.4893,48.745],[11.5033,48.7607],[11.4943,48.7761],[11.4933,48.7882],[11.458,48.7929],[11.4336,48.8048],[11.4306,48.8103],[11.3915,48.819],[11.3912,48.7918],[11.3873,48.7826],[11.3544,48.7788],[11.3386,48.7853],[11.3185,48.7823],[11.2602,48.7899],[11.2559,48.7794],[11.2698,48.7648],[11.291,48.7551],[11.3109,48.7408],[11.3151,48.7299],[11.3273,48.7215],[11.3466,48.7303],[11.3574,48.7114],[11.3683,48.7063],[11.3771,48.6888],[11.3928,48.6843],[11.4027,48.6947],[11.4197,48.6948],[11.4331,48.6994],[11.4325,48.7116],[11.4542,48.7277],[11.4868,48.7274],[11.4893,48.745]]]}},{"type":"Feature","properties":{"code":"DE-09162","name":"Kreisfreie Stadt München","country":"DE","region":"Bayern"},"geometry":{"type":"Polygon","coordinates":[[[11.4125,48.1271],[11.43,48.1376],[11.4599,48.132],[11.4718,48.1052],[11.471,48.0831],[11.5038,48.0692],[11.5087,48.0616],[11.5276,48.0685],[11.5423,48.0778],[11.586,48.0937],[11.5913,48.0843],[11.6137,48.0884],[11.633,48.086],[11.6636,48.0783],[11.6857,48.0775],[11.6825,48.0914],[11.7092,48.1022],[11.7129,48.1247],[11.72,48.1341],[11.7087,48.1487],[11.6781,48.1449],[11.6748,48.1568],[11.696,48.1745],[11.6869,48.18],[11.6415,48.174],[11.6283,48.1839],[11.6504,48.2173],[11.6379,48.2262],[11.6151,48.2292],[11.6119,48.2189],[11.6018,48.2136],[11.5853,48.2137],[11.5813,48.2298],[11.5471,48.2282],[11.5307,48.2321],[11.5262,48.2411],[11.4998,48.2481],[11.4907,48.2457],[11.4891,48.2227],[11.4609,48.215],[11.4567,48.2088],[11.4051,48.2016],[11.4029,48.2031],[11.3922,48.2005],[11.3924,48.184],[11.372,48.1779],[11.3676,48.1588],[11.3826,48.1533],[11.3914,48.1418],[11.3879,48.1291],[11.4125,48.1271]]]}},{"type":"Feature","properties":{"code":"DE-09163","name":"Kreisfreie Stadt Rosenheim","country":"DE","region":"Bayern"},"geometry":{"type":"Polygon","coordinates":[[[12.1345,47.8865],[12.1029,47.8853],[12.0981,47.871],[12.0782,47.8646],[12.0754,47.8327],[12.0572,47.8259],[12.0543,47.8177],[12.1095,47.8105],[12.1161,47.8173],[12.1295,47.8137],[12.1447,47.8273],[12.1529,47.8451],[12.1379,47.858],[12.1345,47.8865]]]}},{"type":"Feature","properties":{"code":"DE-09171","name":"Landkreis Altötting","country":"DE","region":"Bayern"},"geometry":{"type":"Polygon","coordinates":[[[12.9447,48.2067],[12.9161,48.2174],[12.9008,48.2327],[12.8919,48.2365],[12.9019,48.2531],[12.8942,48.2666],[12.8776,48.2647],[12.8537,48.2816],[12.845,48.2948],[12.8225,48.3022],[12.8171,48.3164],[12.7831,48.3275],[12.7334,48.321],[12.7276,48.3275],[12.6997,48.3327],[12.6827,48.3451],[12.6572,48.3371],[12.6396,48.3382],[12.6406,48.3481],[12.6073,48.3536],[12.5975,48.3524],[12.5967,48.339],[12.5702,48.3403],[12.5656,48.3343],[12.5756,48.317],[12.5618,48.3041],[12.5897,48.2926],[12.5997,48.2828],[12.6003,48.2692],[12.5743,48.267],[12.5623,48.2537],[12.5626,48.2432],[12.5854,48.2389],[12.6018,48.2315],[12.5835,48.2262],[12.5782,48.2034],[12.586,48.1803],[12.5662,48.1589],[12.5425,48.1395],[12.5482,48.125],[12.5659,48.124],[12.5736,48.1058],[12.5652,48.1],[12.5839,48.0677],[12.6163,48.0642],[12.6158,48.046],[12.6531,48.0493],[12.6809,48.0453],[12.6878,48.0551],[12.7075,48.0667],[12.7036,48.1061],[12.7156,48.1101],[12.7258,48.1021],[12.7441,48.1131],[12.7516,48.1128],[12.7585,48.1266],[12.7872,48.1238],[12.7977,48.1445],[12.8109,48.1513],[12.8264,48.1525],[12.8352,48.1639],[12.8477,48.1675],[12.8709,48.2019],[12.9134,48.2062],[12.9447,48.2067]]]}},{"type":"Feature","properties":{"code":"DE-09172","name":"Landkreis Berchtesgadener Land","country":"DE","region":"Bayern"},"geometry":{"type":"Polygon","coordinates":[[[12.6959,47.6822],[12.7152,47.6763],[12.7318,47.6796],[12.7447,47.6757],[12.7559,47.6664],[12.7733,47.6663],[12.7784,47.6608],[12.759,47.6509],[12.7807,47.6328],[12.7895,47.6334],[12.8107,47.6213],[12.8133,47.612],[12.7915,47.5975],[12.7953,47.5933],[12.7815,47.5825],[12.7843,47.5688],[12.8038,47.5499],[12.8177,47.5449],[12.8476,47.546],[12.8501,47.5327],[12.8572,47.527],[12.8804,47.5219],[12.8863,47.5123],[12.9087,47.497],[12.9638,47.4752],[12.9856,47.4815],[13.0011,47.4639],[13.022,47.4777],[13.0269,47.4867],[13.0475,47.4921],[13.0463,47.524],[13.0317,47.5356],[13.0557,47.5573],[13.0427,47.5738],[13.0436,47.5834],[13.0719,47.5884],[13.063,47.6021],[13.0956,47.628],[13.097,47.6407],[13.0772,47.6694],[13.0802,47.6864],[13.0608,47.6971],[13.0439,47.7138],[13.0083,47.7223],[13.002,47.7132],[12.9871,47.7074],[12.9567,47.7078],[12.9468,47.7121],[12.9331,47.7095],[12.9134,47.7171],[12.9047,47.7272],[12.9213,47.7441],[12.931,47.7456],[12.9448,47.7646],[12.94,47.7791],[12.9641,47.7999],[12.9871,47.8306],[13.004,47.8447],[13.0009,47.8548],[12.9806,47.8779],[12.963,47.9051],[12.9464,47.9218],[12.9388,47.9387],[12.9221,47.9394],[12.9209,47.9518],[12.9133,47.9566],[12.8758,47.9626],[12.8759,47.9373],[12.8623,47.9392],[12.8511,47.92],[12.8547,47.902],[12.88,47.8935],[12.8758,47.8775],[12.8622,47.8832],[12.8405,47.8851],[12.8066,47.8822],[12.8018,47.8899],[12.7764,47.8864],[12.7709,47.8913],[12.7456,47.8805],[12.7309,47.8464],[12.7318,47.829],[12.7367,47.8172],[12.7502,47.8043],[12.764,47.8043],[12.7731,47.788],[12.8323,47.7836],[12.8332,47.7699],[12.8458,47.7588],[12.823,47.7528],[12.8005,47.7567],[12.7852,47.7538],[12.7801,47.7459],[12.7358,47.7329],[12.7195,47.7344],[12.7138,47.7119],[12.7171,47.7005],[12.7014,47.6826],[12.6959,47.6822]]]}},{"type":"Feature","properties":{"code":"DE-09173","name":"Landkreis Bad Tölz-Wolfratshausen","country":"DE","region":"Bayern"},"geometry":{"type":"Polygon","coordinates":[[[11.6235,47.9203],[11.6025,47.9287],[11.6014,47.9377],[11.5708,47.9557],[11.5501,47.9551],[11.5358,47.9497],[11.5099,47.9522],[11.5178,47.9624],[11.4955,47.9732],[11.4765,47.9735],[11.4663,47.9614],[11.4528,47.973],[11.4286,47.9785],[11.4212,47.9664],[11.4091,47.9568],[11.3961,47.9399],[11.406,47.931],[11.3939,47.9202],[11.3821,47.9202],[11.3723,47.9305],[11.3549,47.9312],[11.3441,47.9257],[11.3324,47.9305],[11.3343,47.863],[11.3379,47.8469],[11.3373,47.827],[11.3292,47.8211],[11.3275,47.8136],[11.3417,47.8018],[11.3719,47.7938],[11.3896,47.7986],[11.4036,47.7647],[11.415,47.7558],[11.4071,47.7379],[11.3944,47.7322],[11.3801,47.7323],[11.3654,47.7187],[11.372,47.7068],[11.3441,47.6937],[11.348,47.6748],[11.3152,47.6726],[11.3044,47.6644],[11.2835,47.6651],[11.2742,47.6527],[11.2718,47.6415],[11.2782,47.6154],[11.263,47.5869],[11.2646,47.5791],[11.2917,47.5727],[11.2917,47.5529],[11.3117,47.553],[11.3225,47.5461],[11.3222,47.5364],[11.3433,47.525],[11.3539,47.5234],[11.3636,47.5133],[11.3751,47.5145],[11.3844,47.5007],[11.4102,47.4953],[11.4217,47.5061],[11.4417,47.5176],[11.4542,47.5087],[11.4876,47.509],[11.5125,47.5064],[11.5183,47.511],[11.5399,47.5095],[11.5688,47.5136],[11.588,47.5254],[11.5858,47.5456],[11.5905,47.5598],[11.601,47.5683],[11.605,47.5798],[11.6329,47.5924],[11.598,47.5918],[11.6085,47.6107],[11.6761,47.6294],[11.68,47.6424],[11.6695,47.645],[11.6703,47.6554],[11.6516,47.6697],[11.6436,47.6716],[11.651,47.6871],[11.6705,47.6886],[11.6614,47.7264],[11.6273,47.7212],[11.6257,47.7302],[11.6562,47.7397],[11.6625,47.7475],[11.6537,47.7657],[11.6316,47.7842],[11.6366,47.7915],[11.6619,47.7968],[11.6655,47.8025],[11.6492,47.8237],[11.6341,47.8218],[11.6081,47.8322],[11.6277,47.8475],[11.6357,47.8645],[11.6539,47.8747],[11.6638,47.8897],[11.6501,47.9069],[11.6339,47.9114],[11.6235,47.9203]]]}},{"type":"Feature","properties":{"code":"DE-09174","name":"Landkreis Dachau","country":"DE","region":"Bayern"},"geometry":{"type":"Polygon","coordinates":[[[11.4932,48.4405],[11.4717,48.4393],[11.4391,48.4284],[11.4372,48.4196],[11.4171,48.4102],[11.4024,48.4129],[11.4009,48.4238],[11.3809,48.4241],[11.3856,48.4378],[11.365,48.4407],[11.3451,48.455],[11.3243,48.4481],[11.3117,48.4523],[11.2876,48.4463],[11.2643,48.4444],[11.2456,48.4386],[11.2394,48.4307],[11.2143,48.4305],[11.1837,48.4128],[11.197,48.3849],[11.1838,48.3663],[11.168,48.3667],[11.1655,48.3405],[11.1736,48.3357],[11.1576,48.3233],[11.1282,48.3232],[11.1174,48.3097],[11.1139,48.2977],[11.1168,48.2685],[11.1438,48.2717],[11.1487,48.2857],[11.1746,48.2947],[11.1879,48.293],[11.2013,48.2788],[11.2263,48.2817],[11.2324,48.2745],[11.2481,48.27],[11.2526,48.2623],[11.2752,48.2642],[11.2937,48.2605],[11.3109,48.2321],[11.3249,48.2274],[11.3373,48.2337],[11.3787,48.2353],[11.3842,48.227],[11.3975,48.227],[11.405,48.219],[11.4029,48.2031],[11.4051,48.2016],[11.4567,48.2088],[11.4609,48.215],[11.4891,48.2227],[11.4907,48.2457],[11.4998,48.2481],[11.4998,48.2624],[11.5151,48.2684],[11.5185,48.279],[11.5572,48.2938],[11.5787,48.2995],[11.5732,48.3098],[11.573,48.3361],[11.5612,48.3409],[11.5339,48.3456],[11.5091,48.3539],[11.5243,48.3631],[11.5038,48.3763],[11.5107,48.3908],[11.5269,48.3909],[11.5252,48.4018],[11.513,48.4046],[11.5008,48.4158],[11.5091,48.4295],[11.4932,48.4405]]]}},{"type":"Feature","properties":{"code":"DE-09175","name":"Landkreis Ebersberg","country":"DE","region":"Bayern"},"geometry":{"type":"Polygon","coordinates":[[[12.0432,48.1417],[12.0141,48.1561],[12.0062,48.173],[11.9855,48.1635],[11.9759,48.1713],[11.9577,48.1726],[11.9399,48.1654],[11.9245,48.1795],[11.9097,48.1851],[11.9095,48.1942],[11.8656,48.2075],[11.8491,48.2065],[11.8105,48.2092],[11.797,48.2198],[11.7562,48.2211],[11.7601,48.1824],[11.7669,48.1814],[11.7758,48.1619],[11.7715,48.1547],[11.7498,48.1438],[11.7565,48.1268],[11.7593,48.1083],[11.7711,48.0935],[11.7816,48.0913],[11.7846,48.0696],[11.8027,48.0654],[11.8068,48.056],[11.7879,48.0572],[11.7836,48.0397],[11.7852,48.0225],[11.7668,48.0225],[11.769,48.0003],[11.7621,47.9919],[11.7845,47.9905],[11.8015,47.9793],[11.8194,47.9733],[11.8277,47.9622],[11.84,47.9643],[11.8521,47.9544],[11.848,47.9483],[11.8607,47.9547],[11.8805,47.9548],[11.8993,47.9419],[11.9273,47.9312],[11.9281,47.9389],[11.9426,47.9422],[11.9371,47.9617],[11.927,47.9824],[11.9327,47.9929],[11.9506,47.9852],[11.9686,47.9835],[11.9764,47.9737],[11.9877,47.9711],[11.9989,47.9609],[12.02,47.9612],[12.0271,47.9712],[12.0577,47.9701],[12.0729,47.9757],[12.0729,47.9886],[12.0918,47.9894],[12.0965,48.0091],[12.077,48.0181],[12.0796,48.0335],[12.0741,48.0688],[12.0745,48.0861],[12.0625,48.099],[12.0857,48.1223],[12.0658,48.1226],[12.0498,48.1294],[12.0432,48.1417]]]}},{"type":"Feature","properties":{"code":"DE-09176","name":"Landkreis Eichstätt","country":"DE","region":"Bayern"},"geometry":{"type":"Polygon","coordinates":[[[11.5993,48.9515],[11.5788,48.9743],[11.5783,48.9865],[11.5628,48.9894],[11.5411,49.01],[11.543,49.0251],[11.5163,49.032],[11.5304,49.0447],[11.538,49.0699],[11.499,49.0756],[11.4875,49.0634],[11.4364,49.065],[11.395,49.083],[11.3857,49.0789],[11.3968,49.0709],[11.4072,49.0381],[11.4006,49.0301],[11.3864,49.031],[11.3818,49.017],[11.3707,49.015],[11.3503,49.0213],[11.3325,48.9997],[11.2855,49.0045],[11.2666,49.0109],[11.2664,49.0249],[11.2464,49.0472],[11.2312,49.0497],[11.2014,49.0466],[11.1795,49.0286],[11.1896,49.0228],[11.161,49.0119],[11.1635,48.9993],[11.1481,48.9856],[11.143,48.969],[11.1362,48.9646],[11.1093,48.9669],[11.0862,48.9616],[11.0506,48.9319],[11.0665,48.9247],[11.0594,48.9136],[11.0294,48.8953],[11.0287,48.8878],[10.9956,48.8841],[10.9741,48.8787],[10.9518,48.8635],[10.9368,48.8633],[10.9618,48.8566],[10.9704,48.8415],[10.9883,48.8412],[11.0059,48.8219],[11.0448,48.8193],[11.0395,48.7995],[11.0557,48.7923],[11.0673,48.7934],[11.0731,48.8073],[11.1301,48.8042],[11.1713,48.7919],[11.2034,48.7891],[11.2049,48.781],[11.2342,48.7731],[11.2559,48.7794],[11.2602,48.7899],[11.3185,48.7823],[11.3386,48.7853],[11.3544,48.7788],[11.3873,48.7826],[11.3912,48.7918],[11.3915,48.819],[11.4306,48.8103],[11.4336,48.8048],[11.458,48.7929],[11.4933,48.7882],[11.4943,48.7761],[11.5033,48.7607],[11.4893,48.745],[11.4979,48.7362],[11.5106,48.7329],[11.535,48.737],[11.5356,48.7477],[11.5668,48.7504],[11.5667,48.7618],[11.5749,48.7724],[11.5719,48.7832],[11.6051,48.8083],[11.6168,48.8114],[11.6443,48.8121],[11.6474,48.8024],[11.6396,48.7969],[11.6538,48.7853],[11.6672,48.7828],[11.6742,48.7739],[11.6958,48.7896],[11.7196,48.7837],[11.7361,48.7905],[11.7388,48.801],[11.7259,48.8107],[11.7077,48.8126],[11.7023,48.8208],[11.7064,48.8403],[11.7188,48.8382],[11.7223,48.8696],[11.7435,48.8742],[11.7364,48.8838],[11.717,48.8988],[11.7205,48.912],[11.7025,48.9189],[11.6908,48.9311],[11.6671,48.9248],[11.6347,48.9326],[11.6229,48.9434],[11.5993,48.9515]]]}},{"type":"Feature","properties":{"code":"DE-09177","name":"Landkreis Erding","country":"DE","region":"Bayern"},"geometry":{"type":"Polygon","coordinates":[[[12.0171,48.4307],[11.9961,48.4312],[11.9948,48.4392],[11.9757,48.4456],[11.9756,48.4527],[11.9602,48.4548],[11.9351,48.4411],[11.9345,48.436],[11.8899,48.4209],[11.8753,48.4129],[11.8577,48.4148],[11.8398,48.4118],[11.8397,48.3953],[11.8077,48.389],[11.8089,48.3818],[11.7822,48.3588],[11.7705,48.3324],[11.7644,48.3257],[11.7662,48.2978],[11.7391,48.296],[11.7314,48.2888],[11.7382,48.2763],[11.7593,48.255],[11.7481,48.237],[11.7562,48.2211],[11.797,48.2198],[11.8105,48.2092],[11.8491,48.2065],[11.8656,48.2075],[11.9095,48.1942],[11.9097,48.1851],[11.9245,48.1795],[11.9399,48.1654],[11.9577,48.1726],[11.9759,48.1713],[11.9855,48.1635],[12.0062,48.173],[12.0141,48.1561],[12.0432,48.1417],[12.0432,48.1543],[12.0579,48.1642],[12.0993,48.1692],[12.1092,48.1785],[12.1355,48.1865],[12.1584,48.2006],[12.1779,48.2047],[12.1866,48.2175],[12.2011,48.2169],[12.2063,48.2042],[12.2244,48.2014],[12.2304,48.2136],[12.2151,48.2298],[12.2197,48.242],[12.2342,48.2495],[12.2217,48.262],[12.227,48.2765],[12.2425,48.2778],[12.2413,48.2876],[12.2535,48.2895],[12.2545,48.3092],[12.2506,48.3219],[12.233,48.3313],[12.2329,48.3492],[12.2189,48.3498],[12.2097,48.3608],[12.1873,48.3713],[12.196,48.377],[12.1887,48.3901],[12.1741,48.3958],[12.1653,48.4204],[12.1376,48.4251],[12.131,48.4162],[12.1177,48.4242],[12.085,48.4243],[12.0821,48.429],[12.0208,48.4163],[12.0171,48.4307]]]}},{"type":"Feature","properties":{"code":"DE-09178","name":"Landkreis Freising","country":"DE","region":"Bayern"},"geometry":{"type":"Polygon","coordinates":[[[11.9102,48.5852],[11.8984,48.5866],[11.8815,48.5811],[11.8545,48.5856],[11.814,48.6017],[11.799,48.6142],[11.7827,48.6111],[11.774,48.5996],[11.7515,48.6008],[11.7067,48.6166],[11.6967,48.6116],[11.7039,48.5836],[11.6762,48.5749],[11.6579,48.5626],[11.6608,48.555],[11.6599,48.5015],[11.6485,48.4977],[11.6368,48.4866],[11.6354,48.4757],[11.614,48.4632],[11.5959,48.4718],[11.5933,48.4785],[11.576,48.4826],[11.56,48.4908],[11.5453,48.4737],[11.5288,48.4685],[11.5353,48.4602],[11.518,48.4524],[11.5086,48.4417],[11.4932,48.4405],[11.5091,48.4295],[11.5008,48.4158],[11.513,48.4046],[11.5252,48.4018],[11.5269,48.3909],[11.5107,48.3908],[11.5038,48.3763],[11.5243,48.3631],[11.5091,48.3539],[11.5339,48.3456],[11.5612,48.3409],[11.573,48.3361],[11.5732,48.3098],[11.5787,48.2995],[11.5815,48.2949],[11.615,48.27],[11.6435,48.2731],[11.6769,48.2697],[11.7022,48.2763],[11.7382,48.2763],[11.7314,48.2888],[11.7391,48.296],[11.7662,48.2978],[11.7644,48.3257],[11.7705,48.3324],[11.7822,48.3588],[11.8089,48.3818],[11.8077,48.389],[11.8397,48.3953],[11.8398,48.4118],[11.8577,48.4148],[11.8753,48.4129],[11.8899,48.4209],[11.9345,48.436],[11.9351,48.4411],[11.9602,48.4548],[11.9756,48.4527],[11.9757,48.4456],[11.9948,48.4392],[11.9961,48.4312],[12.0171,48.4307],[12.0135,48.4444],[11.9953,48.4584],[12.0091,48.4892],[12.0077,48.4966],[11.9885,48.4918],[11.9719,48.4926],[11.9583,48.4992],[11.9706,48.5139],[11.9614,48.5323],[11.9687,48.5396],[11.963,48.5473],[11.9642,48.5677],[11.9588,48.5785],[11.9424,48.5737],[11.9102,48.5852]]]}},{"type":"Feature","properties":{"code":"DE-09179","name":"Landkreis Fürstenfeldbruck","country":"DE","region":"Bayern"},"geometry":{"type":"Polygon","coordinates":[[[11.4029,48.2031],[11.405,48.219],[11.3975,48.227],[11.3842,48.227],[11.3787,48.2353],[11.3373,48.2337],[11.3249,48.2274],[11.3109,48.2321],[11.2937,48.2605],[11.2752,48.2642],[11.2526,48.2623],[11.2481,48.27],[11.2324,48.2745],[11.2263,48.2817],[11.2013,48.2788],[11.1879,48.293],[11.1746,48.2947],[11.1487,48.2857],[11.1438,48.2717],[11.1168,48.2685],[11.0962,48.2603],[11.078,48.2784],[11.0595,48.2716],[11.0666,48.2553],[11.0571,48.2504],[11.0572,48.2412],[11.0402,48.236],[11.0427,48.2204],[11.0572,48.2123],[11.0592,48.1961],[11.0345,48.193],[11.025,48.1782],[11.0148,48.1804],[10.9929,48.176],[11.0276,48.1482],[11.0419,48.1482],[11.0478,48.1372],[11.0605,48.139],[11.0568,48.1155],[11.0685,48.0977],[11.0808,48.0965],[11.0907,48.0879],[11.1073,48.0938],[11.137,48.0976],[11.1432,48.109],[11.167,48.1022],[11.192,48.1006],[11.1987,48.1123],[11.2517,48.1355],[11.2749,48.1304],[11.288,48.1311],[11.3038,48.1258],[11.3075,48.1174],[11.335,48.1121],[11.345,48.1067],[11.3712,48.1152],[11.3852,48.112],[11.4004,48.1165],[11.4125,48.1271],[11.3879,48.1291],[11.3914,48.1418],[11.3826,48.1533],[11.3676,48.1588],[11.372,48.1779],[11.3924,48.184],[11.3922,48.2005],[11.4029,48.2031]]]}},{"type":"Feature","properties":{"code":"DE-09180","name":"Landkreis Garmisch-Partenkirchen","country":"DE","region":"Bayern"},"geometry":{"type":"Polygon","coordinates":[[[11.3441,47.6937],[11.3204,47.7044],[11.3221,47.7153],[11.3007,47.7084],[11.2849,47.7144],[11.2616,47.7186],[11.2475,47.7169],[11.2262,47.7253],[11.2147,47.7246],[11.2006,47.7328],[11.1865,47.7182],[11.175,47.7148],[11.1594,47.7296],[11.1368,47.7361],[11.1227,47.7366],[11.103,47.7268],[11.0941,47.7334],[11.0645,47.7278],[11.0422,47.7151],[11.0284,47.7107],[11.0014,47.7098],[10.9778,47.7132],[10.9737,47.6864],[10.9834,47.6825],[10.9877,47.6629],[10.9849,47.6502],[10.9655,47.6442],[10.9683,47.6318],[10.9528,47.6163],[10.9408,47.6097],[10.9423,47.5973],[10.9093,47.5806],[10.8907,47.5797],[10.8728,47.5725],[10.8714,47.5628],[10.8805,47.5414],[10.8863,47.5367],[10.9009,47.521],[10.915,47.5128],[10.8765,47.5028],[10.8702,47.4991],[10.871,47.4819],[10.8813,47.4793],[10.9101,47.4855],[10.9383,47.4798],[10.9281,47.4719],[10.9512,47.4563],[10.9836,47.43],[10.9848,47.421],[10.9723,47.4175],[10.9703,47.4],[11.0058,47.3941],[11.0241,47.397],[11.0491,47.394],[11.0615,47.3966],[11.0996,47.3943],[11.1155,47.3956],[11.1292,47.4128],[11.1797,47.4262],[11.1982,47.4275],[11.2052,47.4338],[11.2261,47.4309],[11.25,47.4323],[11.2534,47.4282],[11.2327,47.4111],[11.2224,47.3973],[11.2628,47.3993],[11.2729,47.3979],[11.29,47.4074],[11.2911,47.4272],[11.311,47.4302],[11.3362,47.4487],[11.3755,47.4491],[11.3884,47.4464],[11.4155,47.447],[11.4073,47.4667],[11.3902,47.4669],[11.3838,47.4722],[11.3917,47.4825],[11.4102,47.4953],[11.3844,47.5007],[11.3751,47.5145],[11.3636,47.5133],[11.3539,47.5234],[11.3433,47.525],[11.3222,47.5364],[11.3225,47.5461],[11.3117,47.553],[11.2917,47.5529],[11.2917,47.5727],[11.2646,47.5791],[11.263,47.5869],[11.2782,47.6154],[11.2718,47.6415],[11.2742,47.6527],[11.2835,47.6651],[11.3044,47.6644],[11.3152,47.6726],[11.348,47.6748],[11.3441,47.6937]]]}},{"type":"Feature","properties":{"code":"DE-09181","name":"Landkreis Landsberg am Lech","country":"DE","region":"Bayern"},"geometry":{"type":"Polygon","coordinates":[[[11.0345,48.193],[11.0252,48.1985],[10.9749,48.2081],[10.961,48.1989],[10.9457,48.2053],[10.947,48.2197],[10.9332,48.2247],[10.9281,48.2346],[10.9034,48.2367],[10.8905,48.1911],[10.8771,48.1824],[10.872,48.1697],[10.8486,48.1475],[10.8303,48.1476],[10.8139,48.1523],[10.7858,48.1499],[10.8015,48.1042],[10.8163,48.1021],[10.808,48.0867],[10.784,48.0764],[10.7657,48.0481],[10.7603,48.0345],[10.7758,48.0345],[10.7894,48.0395],[10.8157,48.0309],[10.8081,48.0204],[10.8118,48.0034],[10.8248,48.0005],[10.8257,47.9912],[10.8172,47.9824],[10.8065,47.9582],[10.7972,47.9517],[10.7898,47.9379],[10.773,47.93],[10.7834,47.9215],[10.7789,47.9062],[10.7859,47.9033],[10.7711,47.8879],[10.7838,47.8745],[10.7697,47.8656],[10.7535,47.8622],[10.7521,47.8537],[10.7674,47.8523],[10.7671,47.8438],[10.7817,47.8459],[10.7939,47.8539],[10.8286,47.8532],[10.8545,47.8671],[10.8719,47.8715],[10.8966,47.8694],[10.8974,47.8618],[10.9172,47.8582],[10.9215,47.8727],[10.9401,47.8812],[10.9508,47.8681],[10.9651,47.862],[10.9744,47.8742],[10.9746,47.8836],[10.9864,47.895],[10.996,47.8951],[11.0059,47.9047],[11.0268,47.9071],[11.0352,47.8986],[11.0477,47.9015],[11.0658,47.8986],[11.0836,47.9062],[11.072,47.9202],[11.1003,47.923],[11.119,47.9277],[11.1214,47.9352],[11.1394,47.9351],[11.1504,47.9437],[11.1496,47.9534],[11.1495,47.9731],[11.1686,47.9895],[11.1676,48.0017],[11.1536,47.9998],[11.1419,48.0051],[11.1358,48.0145],[11.1292,48.0454],[11.1386,48.0653],[11.1347,48.0815],[11.137,48.0976],[11.1073,48.0938],[11.0907,48.0879],[11.0808,48.0965],[11.0685,48.0977],[11.0568,48.1155],[11.0605,48.139],[11.0478,48.1372],[11.0419,48.1482],[11.0276,48.1482],[10.9929,48.176],[11.0148,48.1804],[11.025,48.1782],[11.0345,48.193]]]}},{"type":"Feature","properties":{"code":"DE-09182","name":"Landkreis Miesbach","country":"DE","region":"Bayern"},"geometry":{"type":"Polygon","coordinates":[[[11.8065,47.9257],[11.7877,47.9294],[11.777,47.9426],[11.7577,47.9384],[11.7575,47.9225],[11.7167,47.917],[11.7071,47.9368],[11.6848,47.9378],[11.6593,47.9227],[11.6552,47.9279],[11.6235,47.9203],[11.6339,47.9114],[11.6501,47.9069],[11.6638,47.8897],[11.6539,47.8747],[11.6357,47.8645],[11.6277,47.8475],[11.6081,47.8322],[11.6341,47.8218],[11.6492,47.8237],[11.6655,47.8025],[11.6619,47.7968],[11.6366,47.7915],[11.6316,47.7842],[11.6537,47.7657],[11.6625,47.7475],[11.6562,47.7397],[11.6257,47.7302],[11.6273,47.7212],[11.6614,47.7264],[11.6705,47.6886],[11.651,47.6871],[11.6436,47.6716],[11.6516,47.6697],[11.6703,47.6554],[11.6695,47.645],[11.68,47.6424],[11.6761,47.6294],[11.6085,47.6107],[11.598,47.5918],[11.6329,47.5924],[11.6412,47.5936],[11.6581,47.5841],[11.6813,47.5838],[11.6975,47.5886],[11.745,47.5877],[11.781,47.5912],[11.79,47.5877],[11.8294,47.5821],[11.8473,47.5823],[11.8549,47.6023],[11.8651,47.6019],[11.9027,47.6084],[11.9137,47.6138],[11.9331,47.6128],[12.0128,47.6232],[12.0194,47.6119],[12.0371,47.6176],[12.0607,47.6187],[12.0624,47.6281],[12.043,47.635],[12.0313,47.6441],[12.0295,47.6533],[12.0478,47.6705],[12.0298,47.6878],[12.0254,47.7009],[12.0087,47.7072],[12.0189,47.7154],[12.0123,47.7288],[12.0223,47.7362],[11.9974,47.7415],[11.992,47.7473],[11.9894,47.7768],[11.9626,47.7825],[11.9583,47.7932],[11.9208,47.8046],[11.9252,47.8166],[11.9498,47.8239],[11.9481,47.8449],[11.8834,47.8648],[11.8694,47.859],[11.8492,47.8696],[11.8309,47.8887],[11.8088,47.9057],[11.8018,47.9208],[11.8065,47.9257]]]}},{"type":"Feature","properties":{"code":"DE-09183","name":"Landkreis Mühldorf a.Inn","country":"DE","region":"Bayern"},"geometry":{"type":"Polygon","coordinates":[[[12.6073,48.3536],[12.6037,48.3696],[12.5931,48.3736],[12.5915,48.3868],[12.579,48.387],[12.5661,48.4037],[12.5432,48.3997],[12.5272,48.4206],[12.4904,48.4266],[12.4838,48.4297],[12.4825,48.4243],[12.4386,48.4048],[12.4381,48.3853],[12.4174,48.3726],[12.4135,48.361],[12.3855,48.3568],[12.369,48.3447],[12.3561,48.3301],[12.337,48.3343],[12.3241,48.3198],[12.3032,48.3169],[12.3022,48.3303],[12.2768,48.3275],[12.266,48.3293],[12.2506,48.3219],[12.2545,48.3092],[12.2535,48.2895],[12.2413,48.2876],[12.2425,48.2778],[12.227,48.2765],[12.2217,48.262],[12.2342,48.2495],[12.2197,48.242],[12.2151,48.2298],[12.2304,48.2136],[12.2244,48.2014],[12.2063,48.2042],[12.2011,48.2169],[12.1866,48.2175],[12.1779,48.2047],[12.1584,48.2006],[12.1355,48.1865],[12.1092,48.1785],[12.0993,48.1692],[12.0579,48.1642],[12.0432,48.1543],[12.0432,48.1417],[12.0498,48.1294],[12.0658,48.1226],[12.0857,48.1223],[12.0958,48.1252],[12.1211,48.1249],[12.1342,48.1308],[12.1445,48.1123],[12.1343,48.0978],[12.1626,48.0831],[12.1805,48.0957],[12.178,48.1015],[12.198,48.1225],[12.2193,48.14],[12.2439,48.1267],[12.2615,48.1259],[12.2709,48.115],[12.2851,48.1157],[12.2872,48.1064],[12.3052,48.1097],[12.3273,48.1052],[12.3428,48.1139],[12.3501,48.1261],[12.3713,48.1281],[12.3876,48.1174],[12.4061,48.1196],[12.4216,48.1312],[12.4441,48.1117],[12.4681,48.1171],[12.4666,48.1226],[12.4872,48.1355],[12.4946,48.145],[12.4894,48.1557],[12.5292,48.1448],[12.5297,48.152],[12.5555,48.1639],[12.5662,48.1589],[12.586,48.1803],[12.5782,48.2034],[12.5835,48.2262],[12.6018,48.2315],[12.5854,48.2389],[12.5626,48.2432],[12.5623,48.2537],[12.5743,48.267],[12.6003,48.2692],[12.5997,48.2828],[12.5897,48.2926],[12.5618,48.3041],[12.5756,48.317],[12.5656,48.3343],[12.5702,48.3403],[12.5967,48.339],[12.5975,48.3524],[12.6073,48.3536]]]}},{"type":"Feature","properties":{"code":"DE-09184","name":"Landkreis München","country":"DE","region":"Bayern"},"geometry":{"type":"Polygon","coordinates":[[[11.7382,48.2763],[11.7022,48.2763],[11.6769,48.2697],[11.6435,48.2731],[11.615,48.27],[11.5815,48.2949],[11.5787,48.2995],[11.5572,48.2938],[11.5185,48.279],[11.5151,48.2684],[11.4998,48.2624],[11.4998,48.2481],[11.5262,48.2411],[11.5307,48.2321],[11.5471,48.2282],[11.5813,48.2298],[11.5853,48.2137],[11.6018,48.2136],[11.6119,48.2189],[11.6151,48.2292],[11.6379,48.2262],[11.6504,48.2173],[11.6283,48.1839],[11.6415,48.174],[11.6869,48.18],[11.696,48.1745],[11.6748,48.1568],[11.6781,48.1449],[11.7087,48.1487],[11.72,48.1341],[11.7129,48.1247],[11.7092,48.1022],[11.6825,48.0914],[11.6857,48.0775],[11.6636,48.0783],[11.633,48.086],[11.6137,48.0884],[11.5913,48.0843],[11.586,48.0937],[11.5423,48.0778],[11.5276,48.0685],[11.5087,48.0616],[11.5038,48.0692],[11.471,48.0831],[11.4718,48.1052],[11.4599,48.132],[11.43,48.1376],[11.4125,48.1271],[11.4004,48.1165],[11.3852,48.112],[11.4213,48.1014],[11.4241,48.0964],[11.4022,48.0728],[11.4133,48.0685],[11.4189,48.0545],[11.418,48.0322],[11.429,48.0289],[11.4326,48.0161],[11.4207,48.0013],[11.4079,47.9989],[11.4063,47.9894],[11.4286,47.9785],[11.4528,47.973],[11.4663,47.9614],[11.4765,47.9735],[11.4955,47.9732],[11.5178,47.9624],[11.5099,47.9522],[11.5358,47.9497],[11.5501,47.9551],[11.5708,47.9557],[11.6014,47.9377],[11.6025,47.9287],[11.6235,47.9203],[11.6552,47.9279],[11.6593,47.9227],[11.6848,47.9378],[11.7071,47.9368],[11.7167,47.917],[11.7575,47.9225],[11.7577,47.9384],[11.777,47.9426],[11.7877,47.9294],[11.8065,47.9257],[11.8272,47.9251],[11.8298,47.9388],[11.848,47.9483],[11.8521,47.9544],[11.84,47.9643],[11.8277,47.9622],[11.8194,47.9733],[11.8015,47.9793],[11.7845,47.9905],[11.7621,47.9919],[11.769,48.0003],[11.7668,48.0225],[11.7852,48.0225],[11.7836,48.0397],[11.7879,48.0572],[11.8068,48.056],[11.8027,48.0654],[11.7846,48.0696],[11.7816,48.0913],[11.7711,48.0935],[11.7593,48.1083],[11.7565,48.1268],[11.7498,48.1438],[11.7715,48.1547],[11.7758,48.1619],[11.7669,48.1814],[11.7601,48.1824],[11.7562,48.2211],[11.7481,48.237],[11.7593,48.255],[11.7382,48.2763]]]}},{"type":"Feature","properties":{"code":"DE-09185","name":"Landkreis Neuburg-Schrobenhausen","country":"DE","region":"Bayern"},"geometry":{"type":"Polygon","coordinates":[[[11.2559,48.7794],[11.2342,48.7731],[11.2049,48.781],[11.2034,48.7891],[11.1713,48.7919],[11.1301,48.8042],[11.0731,48.8073],[11.0673,48.7934],[11.0557,48.7923],[11.0395,48.7995],[11.0448,48.8193],[11.0059,48.8219],[10.9612,48.8024],[10.978,48.7983],[10.9857,48.7884],[10.9704,48.7712],[10.9951,48.7651],[10.9965,48.7514],[10.9857,48.7462],[10.9997,48.7344],[10.9842,48.718],[10.988,48.7021],[10.984,48.6931],[10.9938,48.6859],[11.0024,48.6659],[11.0218,48.6517],[11.0396,48.6454],[11.0316,48.6391],[11.0385,48.6266],[11.023,48.6202],[11.0507,48.6012],[11.0709,48.6038],[11.09,48.6018],[11.12,48.6075],[11.1219,48.5968],[11.135,48.5911],[11.1549,48.5939],[11.1656,48.5794],[11.1553,48.5618],[11.129,48.5613],[11.1268,48.5535],[11.1824,48.539],[11.2051,48.5269],[11.2109,48.5136],[11.2101,48.5003],[11.2204,48.491],[11.2486,48.4859],[11.2586,48.4734],[11.2954,48.4746],[11.3032,48.4837],[11.3143,48.4839],[11.3188,48.5052],[11.3139,48.5164],[11.3311,48.522],[11.3378,48.5317],[11.3616,48.5463],[11.3501,48.5527],[11.3359,48.5706],[11.3437,48.577],[11.3647,48.5722],[11.3749,48.5634],[11.3757,48.5909],[11.3484,48.5998],[11.3453,48.6065],[11.3612,48.615],[11.3743,48.6166],[11.3833,48.634],[11.4037,48.6428],[11.4273,48.643],[11.4395,48.6488],[11.4479,48.6735],[11.4452,48.684],[11.4574,48.6919],[11.4558,48.6984],[11.4331,48.6994],[11.4197,48.6948],[11.4027,48.6947],[11.3928,48.6843],[11.3771,48.6888],[11.3683,48.7063],[11.3574,48.7114],[11.3466,48.7303],[11.3273,48.7215],[11.3151,48.7299],[11.3109,48.7408],[11.291,48.7551],[11.2698,48.7648],[11.2559,48.7794]]]}},{"type":"Feature","properties":{"code":"DE-09186","name":"Landkreis Pfaffenhofen a.d.Ilm","country":"DE","region":"Bayern"},"geometry":{"type":"Polygon","coordinates":[[[11.7196,48.7837],[11.6958,48.7896],[11.6742,48.7739],[11.6672,48.7828],[11.6538,48.7853],[11.6396,48.7969],[11.6474,48.8024],[11.6443,48.8121],[11.6168,48.8114],[11.6051,48.8083],[11.5719,48.7832],[11.5749,48.7724],[11.5667,48.7618],[11.5668,48.7504],[11.5356,48.7477],[11.535,48.737],[11.5106,48.7329],[11.4979,48.7362],[11.4893,48.745],[11.4868,48.7274],[11.4542,48.7277],[11.4325,48.7116],[11.4331,48.6994],[11.4558,48.6984],[11.4574,48.6919],[11.4452,48.684],[11.4479,48.6735],[11.4395,48.6488],[11.4273,48.643],[11.4037,48.6428],[11.3833,48.634],[11.3743,48.6166],[11.3612,48.615],[11.3453,48.6065],[11.3484,48.5998],[11.3757,48.5909],[11.3749,48.5634],[11.3647,48.5722],[11.3437,48.577],[11.3359,48.5706],[11.3501,48.5527],[11.3616,48.5463],[11.3378,48.5317],[11.3311,48.522],[11.3139,48.5164],[11.3188,48.5052],[11.3143,48.4839],[11.3032,48.4837],[11.2954,48.4746],[11.3013,48.4527],[11.3117,48.4523],[11.3243,48.4481],[11.3451,48.455],[11.365,48.4407],[11.3856,48.4378],[11.3809,48.4241],[11.4009,48.4238],[11.4024,48.4129],[11.4171,48.4102],[11.4372,48.4196],[11.4391,48.4284],[11.4717,48.4393],[11.4932,48.4405],[11.5086,48.4417],[11.518,48.4524],[11.5353,48.4602],[11.5288,48.4685],[11.5453,48.4737],[11.56,48.4908],[11.576,48.4826],[11.5933,48.4785],[11.5959,48.4718],[11.614,48.4632],[11.6354,48.4757],[11.6368,48.4866],[11.6485,48.4977],[11.6599,48.5015],[11.6608,48.555],[11.6579,48.5626],[11.6762,48.5749],[11.7039,48.5836],[11.6967,48.6116],[11.7067,48.6166],[11.6943,48.618],[11.6921,48.6303],[11.7041,48.637],[11.7126,48.6482],[11.6901,48.6627],[11.6955,48.6837],[11.6753,48.6885],[11.656,48.699],[11.6551,48.7057],[11.6684,48.7166],[11.6688,48.7243],[11.6571,48.7297],[11.6554,48.7441],[11.6662,48.7484],[11.7149,48.7557],[11.695,48.7808],[11.7196,48.7837]]]}},{"type":"Feature","properties":{"code":"DE-09187","name":"Landkreis Rosenheim","country":"DE","region":"Bayern"},"geometry":{"type":"MultiPolygon","coordinates":[[[[12.4078,47.8624],[12.3949,47.8709],[12.385,47.8627],[12.3904,47.8538],[12.4095,47.8541],[12.4078,47.8624]]],[[[12.3876,48.1174],[12.3713,48.1281],[12.3501,48.1261],[12.3428,48.1139],[12.3273,48.1052],[12.3052,48.1097],[12.2872,48.1064],[12.2851,48.1157],[12.2709,48.115],[12.2615,48.1259],[12.2439,48.1267],[12.2193,48.14],[12.198,48.1225],[12.178,48.1015],[12.1805,48.0957],[12.1626,48.0831],[12.1343,48.0978],[12.1445,48.1123],[12.1342,48.1308],[12.1211,48.1249],[12.0958,48.1252],[12.0857,48.1223],[12.0625,48.099],[12.0745,48.0861],[12.0741,48.0688],[12.0796,48.0335],[12.077,48.0181],[12.0965,48.0091],[12.0918,47.9894],[12.0729,47.9886],[12.0729,47.9757],[12.0577,47.9701],[12.0271,47.9712],[12.02,47.9612],[11.9989,47.9609],[11.9877,47.9711],[11.9764,47.9737],[11.9686,47.9835],[11.9506,47.9852],[11.9327,47.9929],[11.927,47.9824],[11.9371,47.9617],[11.9426,47.9422],[11.9281,47.9389],[11.9273,47.9312],[11.8993,47.9419],[11.8805,47.9548],[11.8607,47.9547],[11.848,47.9483],[11.8298,47.9388],[11.8272,47.9251],[11.8065,47.9257],[11.8018,47.9208],[11.8088,47.9057],[11.8309,47.8887],[11.8492,47.8696],[11.8694,47.859],[11.8834,47.8648],[11.9481,47.8449],[11.9498,47.8239],[11.9252,47.8166],[11.9208,47.8046],[11.9583,47.7932],[11.9626,47.7825],[11.9894,47.7768],[11.992,47.7473],[11.9974,47.7415],[12.0223,47.7362],[12.0123,47.7288],[12.0189,47.7154],[12.0087,47.7072],[12.0254,47.7009],[12.0298,47.6878],[12.0478,47.6705],[12.0295,47.6533],[12.0313,47.6441],[12.043,47.635],[12.0624,47.6281],[12.0607,47.6187],[12.0824,47.6097],[12.1152,47.6114],[12.1398,47.6053],[12.1617,47.613],[12.179,47.6144],[12.1875,47.6049],[12.2059,47.6081],[12.2079,47.6148],[12.1988,47.6414],[12.183,47.6667],[12.1669,47.6838],[12.1626,47.7011],[12.1839,47.7004],[12.1977,47.7088],[12.2266,47.7183],[12.2496,47.7414],[12.2649,47.7325],[12.2469,47.7108],[12.2412,47.6941],[12.2552,47.6793],[12.2632,47.6782],[12.2775,47.6879],[12.338,47.6971],[12.3326,47.7015],[12.3331,47.7213],[12.3479,47.7447],[12.3756,47.7541],[12.3812,47.7615],[12.3785,47.7814],[12.3978,47.7945],[12.3891,47.8141],[12.3953,47.82],[12.4129,47.8146],[12.4346,47.8154],[12.4355,47.8291],[12.4277,47.835],[12.3751,47.8347],[12.3639,47.8699],[12.3803,47.8737],[12.3724,47.8858],[12.3931,47.8822],[12.407,47.8747],[12.431,47.8946],[12.4335,47.9078],[12.4416,47.9165],[12.4324,47.9382],[12.4146,47.9555],[12.4007,47.9428],[12.3908,47.9429],[12.384,47.9544],[12.3703,47.9588],[12.3502,47.9596],[12.3332,47.9704],[12.3402,48.0057],[12.333,48.0124],[12.3574,48.0404],[12.3426,48.0546],[12.3273,48.0578],[12.3246,48.0661],[12.3387,48.0786],[12.3354,48.0901],[12.3501,48.0919],[12.3608,48.1036],[12.3814,48.104],[12.3876,48.1174]],[[12.1345,47.8865],[12.1379,47.858],[12.1529,47.8451],[12.1447,47.8273],[12.1295,47.8137],[12.1161,47.8173],[12.1095,47.8105],[12.0543,47.8177],[12.0572,47.8259],[12.0754,47.8327],[12.0782,47.8646],[12.0981,47.871],[12.1029,47.8853],[12.1345,47.8865]]]]}},{"type":"Feature","properties":{"code":"DE-09188","name":"Landkreis Starnberg","country":"DE","region":"Bayern"},"geometry":{"type":"Polygon","coordinates":[[[11.3852,48.112],[11.3712,48.1152],[11.345,48.1067],[11.335,48.1121],[11.3075,48.1174],[11.3038,48.1258],[11.288,48.1311],[11.2749,48.1304],[11.2517,48.1355],[11.1987,48.1123],[11.192,48.1006],[11.167,48.1022],[11.1432,48.109],[11.137,48.0976],[11.1347,48.0815],[11.1386,48.0653],[11.1292,48.0454],[11.1358,48.0145],[11.1419,48.0051],[11.1536,47.9998],[11.1676,48.0017],[11.1686,47.9895],[11.1495,47.9731],[11.1496,47.9534],[11.1816,47.95],[11.1909,47.9336],[11.2132,47.9346],[11.2296,47.9259],[11.1898,47.8997],[11.1917,47.8853],[11.2232,47.881],[11.2526,47.8832],[11.2595,47.8751],[11.2741,47.8796],[11.2892,47.8732],[11.3022,47.8594],[11.293,47.8506],[11.2897,47.8338],[11.3139,47.8213],[11.3292,47.8211],[11.3373,47.827],[11.3379,47.8469],[11.3343,47.863],[11.3324,47.9305],[11.3441,47.9257],[11.3549,47.9312],[11.3723,47.9305],[11.3821,47.9202],[11.3939,47.9202],[11.406,47.931],[11.3961,47.9399],[11.4091,47.9568],[11.4212,47.9664],[11.4286,47.9785],[11.4063,47.9894],[11.4079,47.9989],[11.4207,48.0013],[11.4326,48.0161],[11.429,48.0289],[11.418,48.0322],[11.4189,48.0545],[11.4133,48.0685],[11.4022,48.0728],[11.4241,48.0964],[11.4213,48.1014],[11.3852,48.112]]]}},{"type":"Feature","properties":{"code":"DE-09189","name":"Landkreis Traunstein","country":"DE","region":"Bayern"},"geometry":{"type":"Polygon","coordinates":[[[12.5662,48.1589],[12.5555,48.1639],[12.5297,48.152],[12.5292,48.1448],[12.4894,48.1557],[12.4946,48.145],[12.4872,48.1355],[12.4666,48.1226],[12.4681,48.1171],[12.4441,48.1117],[12.4216,48.1312],[12.4061,48.1196],[12.3876,48.1174],[12.3814,48.104],[12.3608,48.1036],[12.3501,48.0919],[12.3354,48.0901],[12.3387,48.0786],[12.3246,48.0661],[12.3273,48.0578],[12.3426,48.0546],[12.3574,48.0404],[12.333,48.0124],[12.3402,48.0057],[12.3332,47.9704],[12.3502,47.9596],[12.3703,47.9588],[12.384,47.9544],[12.3908,47.9429],[12.4007,47.9428],[12.4146,47.9555],[12.4324,47.9382],[12.4416,47.9165],[12.4335,47.9078],[12.431,47.8946],[12.407,47.8747],[12.3931,47.8822],[12.3724,47.8858],[12.3803,47.8737],[12.3639,47.8699],[12.3751,47.8347],[12.4277,47.835],[12.4355,47.8291],[12.4346,47.8154],[12.4129,47.8146],[12.3953,47.82],[12.3891,47.8141],[12.3978,47.7945],[12.3785,47.7814],[12.3812,47.7615],[12.3756,47.7541],[12.3479,47.7447],[12.3331,47.7213],[12.3326,47.7015],[12.338,47.6971],[12.357,47.6905],[12.3637,47.6838],[12.4,47.692],[12.4292,47.6962],[12.443,47.6918],[12.4389,47.6761],[12.4528,47.6678],[12.4651,47.6496],[12.4911,47.637],[12.4992,47.625],[12.512,47.6253],[12.5363,47.6365],[12.575,47.6323],[12.5828,47.6475],[12.603,47.672],[12.6291,47.676],[12.6388,47.671],[12.6549,47.6721],[12.6661,47.6808],[12.6959,47.6822],[12.7014,47.6826],[12.7171,47.7005],[12.7138,47.7119],[12.7195,47.7344],[12.7358,47.7329],[12.7801,47.7459],[12.7852,47.7538],[12.8005,47.7567],[12.823,47.7528],[12.8458,47.7588],[12.8332,47.7699],[12.8323,47.7836],[12.7731,47.788],[12.764,47.8043],[12.7502,47.8043],[12.7367,47.8172],[12.7318,47.829],[12.7309,47.8464],[12.7456,47.8805],[12.7709,47.8913],[12.7764,47.8864],[12.8018,47.8899],[12.8066,47.8822],[12.8405,47.8851],[12.8622,47.8832],[12.8758,47.8775],[12.88,47.8935],[12.8547,47.902],[12.8511,47.92],[12.8623,47.9392],[12.8759,47.9373],[12.8758,47.9626],[12.8671,47.9753],[12.8573,48.0075],[12.8325,48.0291],[12.7682,48.0675],[12.7527,48.0882],[12.7516,48.1128],[12.7441,48.1131],[12.7258,48.1021],[12.7156,48.1101],[12.7036,48.1061],[12.7075,48.0667],[12.6878,48.0551],[12.6809,48.0453],[12.6531,48.0493],[12.6158,48.046],[12.6163,48.0642],[12.5839,48.0677],[12.5652,48.1],[12.5736,48.1058],[12.5659,48.124],[12.5482,48.125],[12.5425,48.1395],[12.5662,48.1589]],[[12.4078,47.8624],[12.4095,47.8541],[12.3904,47.8538],[12.385,47.8627],[12.3949,47.8709],[12.4078,47.8624]]]}},{"type":"Feature","properties":{"code":"DE-09190","name":"Landkreis Weilheim-Schongau","country":"DE","region":"Bayern"},"geometry":{"type":"Polygon","coordinates":[[[11.3292,47.8211],[11.3139,47.8213],[11.2897,47.8338],[11.293,47.8506],[11.3022,47.8594],[11.2892,47.8732],[11.2741,47.8796],[11.2595,47.8751],[11.2526,47.8832],[11.2232,47.881],[11.1917,47.8853],[11.1898,47.8997],[11.2296,47.9259],[11.2132,47.9346],[11.1909,47.9336],[11.1816,47.95],[11.1496,47.9534],[11.1504,47.9437],[11.1394,47.9351],[11.1214,47.9352],[11.119,47.9277],[11.1003,47.923],[11.072,47.9202],[11.0836,47.9062],[11.0658,47.8986],[11.0477,47.9015],[11.0352,47.8986],[11.0268,47.9071],[11.0059,47.9047],[10.996,47.8951],[10.9864,47.895],[10.9746,47.8836],[10.9744,47.8742],[10.9651,47.862],[10.9508,47.8681],[10.9401,47.8812],[10.9215,47.8727],[10.9172,47.8582],[10.8974,47.8618],[10.8966,47.8694],[10.8719,47.8715],[10.8545,47.8671],[10.8286,47.8532],[10.7939,47.8539],[10.7817,47.8459],[10.7671,47.8438],[10.7644,47.8309],[10.7476,47.8114],[10.7489,47.7953],[10.7809,47.7807],[10.7743,47.7653],[10.757,47.7689],[10.7408,47.7678],[10.7314,47.7195],[10.7159,47.7055],[10.7341,47.697],[10.7468,47.6867],[10.757,47.6943],[10.7837,47.7065],[10.7939,47.7186],[10.8073,47.725],[10.8291,47.7278],[10.8288,47.7189],[10.8157,47.7088],[10.8023,47.7067],[10.8007,47.6935],[10.7905,47.6745],[10.7781,47.6622],[10.7988,47.6562],[10.8242,47.6571],[10.848,47.6672],[10.8766,47.656],[10.9152,47.6606],[10.9176,47.6554],[10.9032,47.6373],[10.9258,47.6302],[10.9352,47.6169],[10.9528,47.6163],[10.9683,47.6318],[10.9655,47.6442],[10.9849,47.6502],[10.9877,47.6629],[10.9834,47.6825],[10.9737,47.6864],[10.9778,47.7132],[11.0014,47.7098],[11.0284,47.7107],[11.0422,47.7151],[11.0645,47.7278],[11.0941,47.7334],[11.103,47.7268],[11.1227,47.7366],[11.1368,47.7361],[11.1594,47.7296],[11.175,47.7148],[11.1865,47.7182],[11.2006,47.7328],[11.2147,47.7246],[11.2262,47.7253],[11.2475,47.7169],[11.2616,47.7186],[11.2849,47.7144],[11.3007,47.7084],[11.3221,47.7153],[11.3204,47.7044],[11.3441,47.6937],[11.372,47.7068],[11.3654,47.7187],[11.3801,47.7323],[11.3944,47.7322],[11.4071,47.7379],[11.415,47.7558],[11.4036,47.7647],[11.3896,47.7986],[11.3719,47.7938],[11.3417,47.8018],[11.3275,47.8136],[11.3292,47.8211]]]}},{"type":"Feature","properties":{"code":"DE-09261","name":"Kreisfreie Stadt Landshut","country":"DE","region":"Bayern"},"geometry":{"type":"Polygon","coordinates":[[[12.2447,48.5923],[12.2206,48.5832],[12.217,48.5763],[12.1937,48.5652],[12.1694,48.5504],[12.1334,48.5755],[12.1217,48.5727],[12.1258,48.5591],[12.1171,48.5462],[12.1058,48.5465],[12.0635,48.5351],[12.0528,48.5288],[12.0261,48.5219],[12.0269,48.5099],[12.0465,48.5128],[12.058,48.5104],[12.0754,48.5152],[12.0889,48.5139],[12.1172,48.5174],[12.1277,48.5229],[12.1364,48.5114],[12.1807,48.5176],[12.1875,48.5304],[12.2117,48.5338],[12.2166,48.5429],[12.2517,48.5577],[12.2507,48.5688],[12.2666,48.581],[12.278,48.5812],[12.2822,48.5905],[12.2713,48.5955],[12.2447,48.5923]]]}},{"type":"Feature","properties":{"code":"DE-09262","name":"Kreisfreie Stadt Passau","country":"DE","region":"Bayern"},"geometry":{"type":"Polygon","coordinates":[[[13.5134,48.591],[13.5143,48.6001],[13.5053,48.606],[13.4822,48.6043],[13.473,48.596],[13.4544,48.5979],[13.4449,48.605],[13.4133,48.61],[13.4076,48.6044],[13.3839,48.6123],[13.3518,48.6095],[13.3508,48.6016],[13.319,48.6047],[13.3025,48.6028],[13.317,48.5886],[13.326,48.5909],[13.3368,48.5816],[13.3567,48.5721],[13.3691,48.556],[13.386,48.5555],[13.3929,48.545],[13.4083,48.5409],[13.4149,48.5472],[13.4384,48.5489],[13.4385,48.5582],[13.4501,48.564],[13.4637,48.554],[13.4754,48.5561],[13.5069,48.5764],[13.5134,48.591]]]}},{"type":"Feature","properties":{"code":"DE-09263","name":"Kreisfreie Stadt Straubing","country":"DE","region":"Bayern"},"geometry":{"type":"Polygon","coordinates":[[[12.5531,48.9191],[12.5377,48.924],[12.524,48.9105],[12.5237,48.8785],[12.5084,48.873],[12.4802,48.8713],[12.4891,48.8555],[12.5105,48.8535],[12.5442,48.8427],[12.5612,48.8503],[12.5898,48.853],[12.6228,48.8687],[12.6478,48.8636],[12.6626,48.8727],[12.6665,48.8884],[12.6584,48.8975],[12.6273,48.9075],[12.6159,48.8965],[12.5715,48.9161],[12.5531,48.9191]]]}},{"type":"Feature","properties":{"code":"DE-09271","name":"Landkreis Deggendorf","country":"DE","region":"Bayern"},"geometry":{"type":"Polygon","coordinates":[[[13.1955,48.8628],[13.1936,48.8732],[13.1744,48.8653],[13.1227,48.8881],[13.1158,48.8841],[13.0855,48.8801],[13.0587,48.8838],[13.042,48.902],[13.0282,48.9059],[13.0139,48.9206],[13.0273,48.9243],[13.0252,48.9419],[13.0093,48.9493],[12.9786,48.9515],[12.931,48.9363],[12.9133,48.9359],[12.8914,48.9545],[12.8699,48.9494],[12.862,48.9305],[12.8626,48.918],[12.8747,48.9066],[12.8452,48.8982],[12.8368,48.8902],[12.8475,48.8745],[12.8386,48.8655],[12.8488,48.8397],[12.8346,48.8283],[12.8067,48.8226],[12.7899,48.8266],[12.7694,48.8366],[12.7496,48.8186],[12.7657,48.8104],[12.764,48.7979],[12.7682,48.7858],[12.7781,48.778],[12.7699,48.7661],[12.7831,48.7452],[12.8081,48.7393],[12.8139,48.7242],[12.7952,48.721],[12.8118,48.6998],[12.8179,48.6973],[12.8329,48.6777],[12.8464,48.682],[12.8563,48.6645],[12.8739,48.6677],[12.9057,48.6543],[12.948,48.6498],[12.9504,48.6362],[12.9435,48.6285],[12.9564,48.6152],[12.9674,48.6113],[12.9838,48.6102],[12.9943,48.6006],[13.0184,48.6079],[13.0256,48.6263],[13.0448,48.6262],[13.0643,48.6218],[13.1032,48.6298],[13.097,48.638],[13.1051,48.646],[13.0963,48.655],[13.101,48.6714],[13.1139,48.6898],[13.1299,48.6895],[13.1415,48.6954],[13.1455,48.7053],[13.2017,48.6986],[13.2241,48.715],[13.2496,48.7134],[13.2586,48.7412],[13.2489,48.7491],[13.2556,48.7621],[13.226,48.7726],[13.225,48.7846],[13.2416,48.7912],[13.2456,48.8031],[13.2122,48.8213],[13.1917,48.8178],[13.2073,48.8426],[13.1937,48.8565],[13.1955,48.8628]]]}},{"type":"Feature","properties":{"code":"DE-09272","name":"Landkreis Freyung-Grafenau","country":"DE","region":"Bayern"},"geometry":{"type":"Polygon","coordinates":[[[13.4167,48.98],[13.3713,48.9834],[13.3578,48.9654],[13.3444,48.9606],[13.3299,48.9465],[13.3098,48.9492],[13.3016,48.9551],[13.2832,48.958],[13.2817,48.9385],[13.296,48.9263],[13.2806,48.9116],[13.286,48.9021],[13.2856,48.8771],[13.279,48.8729],[13.2524,48.8776],[13.2466,48.861],[13.2216,48.8574],[13.2042,48.8648],[13.1955,48.8628],[13.1937,48.8565],[13.2073,48.8426],[13.1917,48.8178],[13.2122,48.8213],[13.2456,48.8031],[13.2416,48.7912],[13.225,48.7846],[13.226,48.7726],[13.2556,48.7621],[13.2489,48.7491],[13.2586,48.7412],[13.2969,48.7307],[13.3224,48.744],[13.3449,48.7359],[13.3518,48.7425],[13.3517,48.7543],[13.3834,48.7535],[13.3959,48.7608],[13.4115,48.7553],[13.4246,48.7564],[13.4478,48.7196],[13.4661,48.7167],[13.501,48.7289],[13.5199,48.7256],[13.5322,48.7129],[13.5496,48.7105],[13.5537,48.7],[13.5902,48.6835],[13.6206,48.6847],[13.6407,48.6912],[13.6597,48.6835],[13.7054,48.6911],[13.7172,48.6861],[13.7297,48.6946],[13.7217,48.7085],[13.7312,48.7139],[13.752,48.7164],[13.7579,48.7122],[13.7785,48.7247],[13.7961,48.7136],[13.8108,48.7291],[13.8177,48.7309],[13.823,48.7566],[13.8361,48.7627],[13.8393,48.7707],[13.8132,48.774],[13.8039,48.7811],[13.8153,48.7969],[13.7957,48.815],[13.7902,48.831],[13.7739,48.8306],[13.7501,48.8583],[13.7437,48.8757],[13.7273,48.883],[13.7161,48.8782],[13.7026,48.8817],[13.6891,48.8784],[13.6716,48.8801],[13.6696,48.8903],[13.6552,48.8935],[13.638,48.9257],[13.6223,48.939],[13.6055,48.9417],[13.5907,48.9528],[13.5855,48.9685],[13.5633,48.9705],[13.5435,48.9683],[13.5292,48.9741],[13.5071,48.9691],[13.5083,48.9422],[13.4956,48.9413],[13.4836,48.9513],[13.4694,48.9544],[13.4602,48.9622],[13.4431,48.9658],[13.4167,48.98]]]}},{"type":"Feature","properties":{"code":"DE-09273","name":"Landkreis Kelheim","country":"DE","region":"Bayern"},"geometry":{"type":"Polygon","coordinates":[[[12.0975,48.772],[12.097,48.7905],[12.1087,48.8031],[12.1022,48.8265],[12.1008,48.8508],[12.1195,48.8645],[12.13,48.8619],[12.1327,48.8806],[12.1158,48.882],[12.1208,48.8981],[12.1098,48.9065],[12.0844,48.9031],[12.0819,48.9236],[12.0691,48.9424],[12.0491,48.9435],[12.0203,48.9611],[12.0141,48.9536],[11.9872,48.9526],[11.9804,48.9645],[11.9594,48.9536],[11.9275,48.9458],[11.9312,48.9636],[11.9026,48.9776],[11.9181,48.9817],[11.8973,49.0001],[11.8906,49.0131],[11.8785,49.0087],[11.8584,49.0217],[11.8072,49.0187],[11.7858,48.9982],[11.7746,48.9833],[11.7398,48.9915],[11.7228,49.0115],[11.7121,49.0121],[11.6891,49.0216],[11.6825,49.0156],[11.6598,49.0161],[11.6462,49.0046],[11.6137,49.0084],[11.6127,48.9951],[11.6216,48.984],[11.61,48.9774],[11.5993,48.9515],[11.6229,48.9434],[11.6347,48.9326],[11.6671,48.9248],[11.6908,48.9311],[11.7025,48.9189],[11.7205,48.912],[11.717,48.8988],[11.7364,48.8838],[11.7435,48.8742],[11.7223,48.8696],[11.7188,48.8382],[11.7064,48.8403],[11.7023,48.8208],[11.7077,48.8126],[11.7259,48.8107],[11.7388,48.801],[11.7361,48.7905],[11.7196,48.7837],[11.695,48.7808],[11.7149,48.7557],[11.6662,48.7484],[11.6554,48.7441],[11.6571,48.7297],[11.6688,48.7243],[11.6684,48.7166],[11.6551,48.7057],[11.656,48.699],[11.6753,48.6885],[11.6955,48.6837],[11.6901,48.6627],[11.7126,48.6482],[11.7041,48.637],[11.6921,48.6303],[11.6943,48.618],[11.7067,48.6166],[11.7515,48.6008],[11.774,48.5996],[11.7827,48.6111],[11.799,48.6142],[11.814,48.6017],[11.8545,48.5856],[11.8815,48.5811],[11.8984,48.5866],[11.9102,48.5852],[11.9048,48.6043],[11.8943,48.6136],[11.897,48.627],[11.8878,48.6305],[11.8905,48.6431],[11.8805,48.6657],[11.893,48.6673],[11.8981,48.6822],[11.8868,48.6892],[11.8906,48.7001],[11.9083,48.7023],[11.9112,48.7099],[11.9257,48.7108],[11.9465,48.7269],[11.9699,48.7297],[11.9918,48.7523],[12.005,48.7507],[12.0315,48.7571],[12.0833,48.7527],[12.0912,48.769],[12.0975,48.772]]]}},{"type":"Feature","properties":{"code":"DE-09274","name":"Landkreis Landshut","country":"DE","region":"Bayern"},"geometry":{"type":"Polygon","coordinates":[[[12.1353,48.7659],[12.0975,48.772],[12.0912,48.769],[12.0833,48.7527],[12.0315,48.7571],[12.005,48.7507],[11.9918,48.7523],[11.9699,48.7297],[11.9465,48.7269],[11.9257,48.7108],[11.9112,48.7099],[11.9083,48.7023],[11.8906,48.7001],[11.8868,48.6892],[11.8981,48.6822],[11.893,48.6673],[11.8805,48.6657],[11.8905,48.6431],[11.8878,48.6305],[11.897,48.627],[11.8943,48.6136],[11.9048,48.6043],[11.9102,48.5852],[11.9424,48.5737],[11.9588,48.5785],[11.9642,48.5677],[11.963,48.5473],[11.9687,48.5396],[11.9614,48.5323],[11.9706,48.5139],[11.9583,48.4992],[11.9719,48.4926],[11.9885,48.4918],[12.0077,48.4966],[12.0091,48.4892],[11.9953,48.4584],[12.0135,48.4444],[12.0171,48.4307],[12.0208,48.4163],[12.0821,48.429],[12.085,48.4243],[12.1177,48.4242],[12.131,48.4162],[12.1376,48.4251],[12.1653,48.4204],[12.1741,48.3958],[12.1887,48.3901],[12.196,48.377],[12.1873,48.3713],[12.2097,48.3608],[12.2189,48.3498],[12.2329,48.3492],[12.233,48.3313],[12.2506,48.3219],[12.266,48.3293],[12.2768,48.3275],[12.3022,48.3303],[12.3032,48.3169],[12.3241,48.3198],[12.337,48.3343],[12.3561,48.3301],[12.369,48.3447],[12.3855,48.3568],[12.4135,48.361],[12.4174,48.3726],[12.4381,48.3853],[12.4386,48.4048],[12.4825,48.4243],[12.4838,48.4297],[12.4773,48.4491],[12.4813,48.4547],[12.4706,48.4864],[12.5082,48.503],[12.5082,48.5153],[12.495,48.5164],[12.4861,48.5344],[12.5084,48.5433],[12.4869,48.5596],[12.4398,48.5573],[12.4361,48.5512],[12.4099,48.5356],[12.3978,48.5418],[12.3993,48.5536],[12.3718,48.5698],[12.3489,48.5714],[12.3556,48.5995],[12.3714,48.6042],[12.3557,48.6232],[12.375,48.635],[12.3709,48.6423],[12.3941,48.6458],[12.3902,48.6603],[12.3832,48.6636],[12.387,48.6765],[12.3774,48.6848],[12.3488,48.6861],[12.3455,48.7019],[12.3297,48.713],[12.3294,48.7214],[12.3149,48.7249],[12.2963,48.7432],[12.2817,48.7422],[12.2698,48.7359],[12.2641,48.7231],[12.2251,48.7265],[12.2181,48.7366],[12.1983,48.745],[12.1871,48.7452],[12.1649,48.7584],[12.1353,48.7659]],[[12.2447,48.5923],[12.2713,48.5955],[12.2822,48.5905],[12.278,48.5812],[12.2666,48.581],[12.2507,48.5688],[12.2517,48.5577],[12.2166,48.5429],[12.2117,48.5338],[12.1875,48.5304],[12.1807,48.5176],[12.1364,48.5114],[12.1277,48.5229],[12.1172,48.5174],[12.0889,48.5139],[12.0754,48.5152],[12.058,48.5104],[12.0465,48.5128],[12.0269,48.5099],[12.0261,48.5219],[12.0528,48.5288],[12.0635,48.5351],[12.1058,48.5465],[12.1171,48.5462],[12.1258,48.5591],[12.1217,48.5727],[12.1334,48.5755],[12.1694,48.5504],[12.1937,48.5652],[12.217,48.5763],[12.2206,48.5832],[12.2447,48.5923]]]}},{"type":"Feature","properties":{"code":"DE-09275","name":"Landkreis Passau","country":"DE","region":"Bayern"},"geometry":{"type":"Polygon","coordinates":[[[13.7961,48.7136],[13.7785,48.7247],[13.7579,48.7122],[13.752,48.7164],[13.7312,48.7139],[13.7217,48.7085],[13.7297,48.6946],[13.7172,48.6861],[13.7054,48.6911],[13.6597,48.6835],[13.6407,48.6912],[13.6206,48.6847],[13.5902,48.6835],[13.5537,48.7],[13.5496,48.7105],[13.5322,48.7129],[13.5199,48.7256],[13.501,48.7289],[13.4661,48.7167],[13.4478,48.7196],[13.4246,48.7564],[13.4115,48.7553],[13.3959,48.7608],[13.3834,48.7535],[13.3517,48.7543],[13.3518,48.7425],[13.3449,48.7359],[13.3224,48.744],[13.2969,48.7307],[13.2586,48.7412],[13.2496,48.7134],[13.2241,48.715],[13.2017,48.6986],[13.1455,48.7053],[13.1415,48.6954],[13.1299,48.6895],[13.1139,48.6898],[13.101,48.6714],[13.0963,48.655],[13.1051,48.646],[13.097,48.638],[13.1032,48.6298],[13.0643,48.6218],[13.0448,48.6262],[13.0256,48.6263],[13.0184,48.6079],[12.9943,48.6006],[12.9837,48.5871],[12.9986,48.5795],[13.0113,48.5834],[13.0232,48.5612],[13.0004,48.5472],[13.0006,48.5339],[13.0431,48.5499],[13.0764,48.5541],[13.1001,48.5438],[13.091,48.5139],[13.0949,48.5089],[13.0854,48.489],[13.114,48.485],[13.1183,48.4685],[13.1176,48.4481],[13.1335,48.4433],[13.1533,48.429],[13.1719,48.424],[13.1747,48.4145],[13.1534,48.4105],[13.1433,48.3976],[13.1276,48.3971],[13.091,48.3857],[13.0821,48.3672],[13.0926,48.353],[13.1158,48.3429],[13.1329,48.3452],[13.1538,48.3351],[13.151,48.3246],[13.1731,48.3114],[13.177,48.2944],[13.1914,48.2956],[13.2498,48.2929],[13.2614,48.295],[13.3251,48.3209],[13.3531,48.3404],[13.3679,48.3533],[13.4059,48.371],[13.4176,48.3838],[13.4232,48.407],[13.4383,48.429],[13.438,48.4401],[13.427,48.4553],[13.4471,48.4922],[13.4567,48.5143],[13.4465,48.5232],[13.4487,48.5396],[13.4384,48.5489],[13.4149,48.5472],[13.4083,48.5409],[13.3929,48.545],[13.386,48.5555],[13.3691,48.556],[13.3567,48.5721],[13.3368,48.5816],[13.326,48.5909],[13.317,48.5886],[13.3025,48.6028],[13.319,48.6047],[13.3508,48.6016],[13.3518,48.6095],[13.3839,48.6123],[13.4076,48.6044],[13.4133,48.61],[13.4449,48.605],[13.4544,48.5979],[13.473,48.596],[13.4822,48.6043],[13.5053,48.606],[13.5143,48.6001],[13.5134,48.591],[13.5306,48.5854],[13.5423,48.5757],[13.5658,48.5625],[13.5782,48.5596],[13.5995,48.5694],[13.6258,48.554],[13.6546,48.5478],[13.6628,48.5349],[13.6853,48.5287],[13.7066,48.5173],[13.7274,48.513],[13.735,48.5261],[13.7456,48.5283],[13.7437,48.5441],[13.7541,48.5638],[13.7679,48.5541],[13.7905,48.5719],[13.8005,48.5734],[13.8072,48.5847],[13.8081,48.5997],[13.8159,48.6144],[13.8252,48.6179],[13.8231,48.6427],[13.8145,48.6493],[13.8191,48.6753],[13.8153,48.6939],[13.8199,48.6994],[13.7961,48.7136]]]}},{"type":"Feature","properties":{"code":"DE-09276","name":"Landkreis Regen","country":"DE","region":"Bayern"},"geometry":{"type":"Polygon","coordinates":[[[13.4167,48.98],[13.4029,48.9873],[13.4093,49.0031],[13.4003,49.0162],[13.4031,49.0265],[13.3923,49.0543],[13.3759,49.0584],[13.344,49.0889],[13.3278,49.0962],[13.2892,49.1186],[13.2764,49.1205],[13.2364,49.1136],[13.2057,49.1221],[13.1703,49.144],[13.1769,49.1642],[13.1709,49.1736],[13.1598,49.1575],[13.1648,49.1488],[13.1587,49.1398],[13.1472,49.1381],[13.1358,49.1277],[13.1279,49.1109],[13.106,49.1147],[13.0682,49.1295],[13.0657,49.1463],[13.0483,49.1552],[13.0044,49.1612],[12.9949,49.1576],[12.9679,49.1612],[12.9452,49.1391],[12.9178,49.1493],[12.9121,49.1319],[12.8989,49.1275],[12.8795,49.1376],[12.8636,49.1298],[12.8369,49.1341],[12.794,49.1221],[12.7673,49.1265],[12.7682,49.1148],[12.7871,49.0966],[12.797,49.0804],[12.7979,49.0612],[12.8115,49.0462],[12.8088,49.0384],[12.8195,49.0332],[12.8225,49.0238],[12.8384,49.0089],[12.847,49.0071],[12.8733,48.99],[12.8808,48.9764],[12.8777,48.9678],[12.8914,48.9545],[12.9133,48.9359],[12.931,48.9363],[12.9786,48.9515],[13.0093,48.9493],[13.0252,48.9419],[13.0273,48.9243],[13.0139,48.9206],[13.0282,48.9059],[13.042,48.902],[13.0587,48.8838],[13.0855,48.8801],[13.1158,48.8841],[13.1227,48.8881],[13.1744,48.8653],[13.1936,48.8732],[13.1955,48.8628],[13.2042,48.8648],[13.2216,48.8574],[13.2466,48.861],[13.2524,48.8776],[13.279,48.8729],[13.2856,48.8771],[13.286,48.9021],[13.2806,48.9116],[13.296,48.9263],[13.2817,48.9385],[13.2832,48.958],[13.3016,48.9551],[13.3098,48.9492],[13.3299,48.9465],[13.3444,48.9606],[13.3578,48.9654],[13.3713,48.9834],[13.4167,48.98]]]}},{"type":"Feature","properties":{"code":"DE-09277","name":"Landkreis Rottal-Inn","country":"DE","region":"Bayern"},"geometry":{"type":"Polygon","coordinates":[[[12.9674,48.6113],[12.9386,48.6059],[12.9109,48.6171],[12.9066,48.6061],[12.8885,48.6032],[12.8751,48.6057],[12.8406,48.6031],[12.8423,48.5912],[12.8248,48.5929],[12.8148,48.6022],[12.7856,48.5996],[12.7706,48.587],[12.7609,48.5566],[12.7694,48.5435],[12.7579,48.5368],[12.7493,48.5419],[12.7203,48.5468],[12.714,48.5324],[12.7193,48.5232],[12.7079,48.5199],[12.6896,48.522],[12.6948,48.5097],[12.6735,48.5098],[12.6686,48.5009],[12.6426,48.4915],[12.6246,48.4819],[12.6233,48.4957],[12.6341,48.4976],[12.6282,48.5112],[12.582,48.5217],[12.5662,48.5165],[12.5502,48.5163],[12.5625,48.4967],[12.5554,48.4845],[12.5348,48.4807],[12.522,48.4835],[12.5082,48.503],[12.4706,48.4864],[12.4813,48.4547],[12.4773,48.4491],[12.4838,48.4297],[12.4904,48.4266],[12.5272,48.4206],[12.5432,48.3997],[12.5661,48.4037],[12.579,48.387],[12.5915,48.3868],[12.5931,48.3736],[12.6037,48.3696],[12.6073,48.3536],[12.6406,48.3481],[12.6396,48.3382],[12.6572,48.3371],[12.6827,48.3451],[12.6997,48.3327],[12.7276,48.3275],[12.7334,48.321],[12.7831,48.3275],[12.8171,48.3164],[12.8225,48.3022],[12.845,48.2948],[12.8537,48.2816],[12.8776,48.2647],[12.8942,48.2666],[12.9019,48.2531],[12.8919,48.2365],[12.9008,48.2327],[12.9161,48.2174],[12.9447,48.2067],[12.962,48.2118],[13.0034,48.2411],[13.0102,48.2503],[13.0245,48.2587],[13.0524,48.2647],[13.0783,48.2765],[13.1315,48.2792],[13.177,48.2944],[13.1731,48.3114],[13.151,48.3246],[13.1538,48.3351],[13.1329,48.3452],[13.1158,48.3429],[13.0926,48.353],[13.0821,48.3672],[13.091,48.3857],[13.1276,48.3971],[13.1433,48.3976],[13.1534,48.4105],[13.1747,48.4145],[13.1719,48.424],[13.1533,48.429],[13.1335,48.4433],[13.1176,48.4481],[13.1183,48.4685],[13.114,48.485],[13.0854,48.489],[13.0949,48.5089],[13.091,48.5139],[13.1001,48.5438],[13.0764,48.5541],[13.0431,48.5499],[13.0006,48.5339],[13.0004,48.5472],[13.0232,48.5612],[13.0113,48.5834],[12.9986,48.5795],[12.9837,48.5871],[12.9943,48.6006],[12.9838,48.6102],[12.9674,48.6113]]]}},{"type":"Feature","properties":{"code":"DE-09278","name":"Landkreis Straubing-Bogen","country":"DE","region":"Bayern"},"geometry":{"type":"Polygon","coordinates":[[[12.7682,49.1148],[12.7518,49.1112],[12.7245,49.1145],[12.6857,49.1014],[12.653,49.11],[12.6427,49.1031],[12.6204,49.1029],[12.5876,49.0937],[12.5548,49.0887],[12.5319,49.0747],[12.5273,49.0577],[12.5142,49.0563],[12.5027,49.0619],[12.4726,49.0364],[12.479,49.032],[12.4894,49.022],[12.4837,48.9921],[12.4892,48.9806],[12.4772,48.9746],[12.4519,48.9828],[12.4375,48.9714],[12.4527,48.9653],[12.4429,48.9535],[12.4396,48.9353],[12.4539,48.9169],[12.4271,48.8993],[12.422,48.8765],[12.4037,48.8638],[12.3722,48.8466],[12.3591,48.8479],[12.3484,48.8557],[12.328,48.8568],[12.3142,48.8631],[12.3004,48.8551],[12.3025,48.8464],[12.2849,48.8472],[12.2596,48.8562],[12.2575,48.8364],[12.2461,48.8306],[12.2331,48.8374],[12.2264,48.8148],[12.2103,48.8044],[12.1946,48.806],[12.1917,48.793],[12.1714,48.7997],[12.1667,48.7893],[12.1297,48.7796],[12.1353,48.7659],[12.1649,48.7584],[12.1871,48.7452],[12.1983,48.745],[12.2181,48.7366],[12.2251,48.7265],[12.2641,48.7231],[12.2698,48.7359],[12.2817,48.7422],[12.2963,48.7432],[12.3149,48.7249],[12.3294,48.7214],[12.3444,48.7249],[12.3594,48.7366],[12.3746,48.733],[12.3903,48.7348],[12.3855,48.7498],[12.4182,48.7648],[12.4288,48.7665],[12.4504,48.7456],[12.4586,48.756],[12.4938,48.7623],[12.5105,48.7597],[12.5253,48.75],[12.5252,48.7377],[12.5458,48.7274],[12.5544,48.7301],[12.5962,48.7237],[12.6013,48.7345],[12.621,48.7355],[12.6284,48.7432],[12.6517,48.7423],[12.6645,48.7574],[12.6745,48.7505],[12.6873,48.759],[12.6983,48.7583],[12.7255,48.778],[12.7327,48.79],[12.7529,48.7993],[12.764,48.7979],[12.7657,48.8104],[12.7496,48.8186],[12.7694,48.8366],[12.7899,48.8266],[12.8067,48.8226],[12.8346,48.8283],[12.8488,48.8397],[12.8386,48.8655],[12.8475,48.8745],[12.8368,48.8902],[12.8452,48.8982],[12.8747,48.9066],[12.8626,48.918],[12.862,48.9305],[12.8699,48.9494],[12.8914,48.9545],[12.8777,48.9678],[12.8808,48.9764],[12.8733,48.99],[12.847,49.0071],[12.8384,49.0089],[12.8225,49.0238],[12.8195,49.0332],[12.8088,49.0384],[12.8115,49.0462],[12.7979,49.0612],[12.797,49.0804],[12.7871,49.0966],[12.7682,49.1148]],[[12.5531,48.9191],[12.5715,48.9161],[12.6159,48.8965],[12.6273,48.9075],[12.6584,48.8975],[12.6665,48.8884],[12.6626,48.8727],[12.6478,48.8636],[12.6228,48.8687],[12.5898,48.853],[12.5612,48.8503],[12.5442,48.8427],[12.5105,48.8535],[12.4891,48.8555],[12.4802,48.8713],[12.5084,48.873],[12.5237,48.8785],[12.524,48.9105],[12.5377,48.924],[12.5531,48.9191]]]}},{"type":"Feature","properties":{"code":"DE-09279","name":"Landkreis Dingolfing-Landau","country":"DE","region":"Bayern"},"geometry":{"type":"Polygon","coordinates":[[[12.764,48.7979],[12.7529,48.7993],[12.7327,48.79],[12.7255,48.778],[12.6983,48.7583],[12.6873,48.759],[12.6745,48.7505],[12.6645,48.7574],[12.6517,48.7423],[12.6284,48.7432],[12.621,48.7355],[12.6013,48.7345],[12.5962,48.7237],[12.5544,48.7301],[12.5458,48.7274],[12.5252,48.7377],[12.5253,48.75],[12.5105,48.7597],[12.4938,48.7623],[12.4586,48.756],[12.4504,48.7456],[12.4288,48.7665],[12.4182,48.7648],[12.3855,48.7498],[12.3903,48.7348],[12.3746,48.733],[12.3594,48.7366],[12.3444,48.7249],[12.3294,48.7214],[12.3297,48.713],[12.3455,48.7019],[12.3488,48.6861],[12.3774,48.6848],[12.387,48.6765],[12.3832,48.6636],[12.3902,48.6603],[12.3941,48.6458],[12.3709,48.6423],[12.375,48.635],[12.3557,48.6232],[12.3714,48.6042],[12.3556,48.5995],[12.3489,48.5714],[12.3718,48.5698],[12.3993,48.5536],[12.3978,48.5418],[12.4099,48.5356],[12.4361,48.5512],[12.4398,48.5573],[12.4869,48.5596],[12.5084,48.5433],[12.4861,48.5344],[12.495,48.5164],[12.5082,48.5153],[12.5082,48.503],[12.522,48.4835],[12.5348,48.4807],[12.5554,48.4845],[12.5625,48.4967],[12.5502,48.5163],[12.5662,48.5165],[12.582,48.5217],[12.6282,48.5112],[12.6341,48.4976],[12.6233,48.4957],[12.6246,48.4819],[12.6426,48.4915],[12.6686,48.5009],[12.6735,48.5098],[12.6948,48.5097],[12.6896,48.522],[12.7079,48.5199],[12.7193,48.5232],[12.714,48.5324],[12.7203,48.5468],[12.7493,48.5419],[12.7579,48.5368],[12.7694,48.5435],[12.7609,48.5566],[12.7706,48.587],[12.7856,48.5996],[12.8148,48.6022],[12.8248,48.5929],[12.8423,48.5912],[12.8406,48.6031],[12.8751,48.6057],[12.8885,48.6032],[12.9066,48.6061],[12.9109,48.6171],[12.9386,48.6059],[12.9674,48.6113],[12.9564,48.6152],[12.9435,48.6285],[12.9504,48.6362],[12.948,48.6498],[12.9057,48.6543],[12.8739,48.6677],[12.8563,48.6645],[12.8464,48.682],[12.8329,48.6777],[12.8179,48.6973],[12.8118,48.6998],[12.7952,48.721],[12.8139,48.7242],[12.8081,48.7393],[12.7831,48.7452],[12.7699,48.7661],[12.7781,48.778],[12.7682,48.7858],[12.764,48.7979]]]}},{"type":"Feature","properties":{"code":"DE-09361","name":"Kreisfreie Stadt Amberg","country":"DE","region":"Bayern"},"geometry":{"type":"Polygon","coordinates":[[[11.8767,49.4948],[11.8647,49.4886],[11.8445,49.4864],[11.8461,49.469],[11.8315,49.4721],[11.8156,49.4663],[11.7937,49.471],[11.7787,49.4642],[11.7869,49.4547],[11.7768,49.4425],[11.7834,49.4254],[11.8062,49.4244],[11.8364,49.4118],[11.8389,49.4195],[11.8602,49.4206],[11.877,49.4306],[11.9065,49.4417],[11.9135,49.4626],[11.8945,49.4623],[11.889,49.4766],[11.8767,49.4948]]]}},{"type":"Feature","properties":{"code":"DE-09362","name":"Kreisfreie Stadt Regensburg","country":"DE","region":"Bayern"},"geometry":{"type":"Polygon","coordinates":[[[12.1317,49.0762],[12.1324,49.0687],[12.1153,49.0681],[12.0985,49.0626],[12.0909,49.036],[12.0748,49.0329],[12.0581,49.0371],[12.0522,49.0508],[12.0372,49.0365],[12.0452,49.0243],[12.0294,49.0097],[12.0397,49.0007],[12.0574,49.0015],[12.0656,48.9957],[12.0749,48.9742],[12.0997,48.9669],[12.1175,48.9757],[12.1268,48.9669],[12.1528,48.9787],[12.1743,48.9724],[12.1892,48.9908],[12.1849,49.0081],[12.1589,49.0193],[12.1659,49.0401],[12.1644,49.0485],[12.1454,49.047],[12.1357,49.0554],[12.1391,49.0688],[12.1317,49.0762]]]}},{"type":"Feature","properties":{"code":"DE-09363","name":"Kreisfreie Stadt Weiden i.d.OPf.","country":"DE","region":"Bayern"},"geometry":{"type":"Polygon","coordinates":[[[12.1196,49.7037],[12.1138,49.6951],[12.0981,49.7017],[12.0789,49.7017],[12.0843,49.6906],[12.0739,49.6753],[12.0816,49.6627],[12.0976,49.6533],[12.0954,49.6418],[12.1137,49.6423],[12.1157,49.6247],[12.1371,49.6186],[12.1467,49.6268],[12.1622,49.655],[12.1781,49.6628],[12.1861,49.6533],[12.2022,49.6533],[12.2092,49.6626],[12.2462,49.6322],[12.2578,49.6395],[12.2634,49.6529],[12.2573,49.6643],[12.2474,49.6644],[12.2236,49.6727],[12.2235,49.686],[12.1936,49.6857],[12.1858,49.6992],[12.1669,49.7072],[12.1521,49.7044],[12.1306,49.7119],[12.1196,49.7037]]]}},{"type":"Feature","properties":{"code":"DE-09371","name":"Landkreis Amberg-Sulzbach","country":"DE","region":"Bayern"},"geometry":{"type":"Polygon","coordinates":[[[11.6307,49.7606],[11.594,49.7536],[11.5956,49.7354],[11.5638,49.7236],[11.5604,49.7143],[11.5605,49.6993],[11.5527,49.6913],[11.5647,49.6864],[11.5612,49.6788],[11.5756,49.6642],[11.5646,49.6611],[11.5739,49.6474],[11.5933,49.6386],[11.5988,49.6196],[11.5905,49.6117],[11.5783,49.6147],[11.5606,49.6124],[11.5568,49.5979],[11.5697,49.5927],[11.5729,49.58],[11.5515,49.5738],[11.5541,49.5651],[11.5424,49.5598],[11.5252,49.5636],[11.5109,49.5532],[11.5155,49.548],[11.5491,49.5445],[11.5425,49.5358],[11.5436,49.5176],[11.5375,49.5056],[11.5664,49.5039],[11.5698,49.491],[11.5924,49.4844],[11.5962,49.4741],[11.5572,49.433],[11.5578,49.419],[11.5731,49.415],[11.5732,49.402],[11.5888,49.3897],[11.5977,49.3881],[11.613,49.397],[11.638,49.3829],[11.6384,49.3727],[11.6293,49.3621],[11.6292,49.343],[11.6366,49.3363],[11.658,49.3338],[11.6618,49.3195],[11.6781,49.3197],[11.7022,49.3138],[11.7087,49.3357],[11.7221,49.3377],[11.7424,49.3243],[11.7406,49.3177],[11.7597,49.3147],[11.7766,49.3076],[11.8001,49.2917],[11.8598,49.2851],[11.8789,49.277],[11.9143,49.2679],[11.9284,49.2568],[11.9342,49.2211],[11.9467,49.2408],[11.9834,49.2519],[11.9672,49.2572],[11.966,49.2641],[11.9464,49.2714],[11.9497,49.2787],[11.9732,49.2839],[11.9666,49.3044],[11.9739,49.3146],[11.9881,49.3185],[12.006,49.3429],[12.0178,49.3526],[12.0622,49.3529],[12.0567,49.3666],[12.0632,49.3734],[12.0493,49.3825],[12.047,49.3938],[12.0218,49.3972],[11.9771,49.4222],[11.9833,49.4337],[12.0338,49.4297],[12.0412,49.4611],[12.0304,49.4925],[12.047,49.4948],[12.0817,49.4845],[12.0962,49.4939],[12.0724,49.5286],[12.088,49.5328],[12.086,49.5415],[12.1155,49.548],[12.1192,49.5588],[12.0683,49.5649],[12.0673,49.5775],[12.0534,49.5789],[11.9846,49.5777],[11.9884,49.5875],[11.9827,49.597],[11.9932,49.6032],[11.9854,49.6107],[11.9744,49.6402],[11.9352,49.644],[11.9357,49.6393],[11.8957,49.6389],[11.8758,49.6348],[11.8408,49.6417],[11.8321,49.641],[11.8094,49.6529],[11.7797,49.6486],[11.772,49.6396],[11.7457,49.6327],[11.7366,49.6246],[11.7174,49.6234],[11.7054,49.6282],[11.6908,49.6236],[11.6634,49.6246],[11.6403,49.6315],[11.6536,49.6545],[11.6486,49.6845],[11.6547,49.7019],[11.6661,49.7089],[11.6536,49.7152],[11.6473,49.7492],[11.6307,49.7606]],[[11.8767,49.4948],[11.889,49.4766],[11.8945,49.4623],[11.9135,49.4626],[11.9065,49.4417],[11.877,49.4306],[11.8602,49.4206],[11.8389,49.4195],[11.8364,49.4118],[11.8062,49.4244],[11.7834,49.4254],[11.7768,49.4425],[11.7869,49.4547],[11.7787,49.4642],[11.7937,49.471],[11.8156,49.4663],[11.8315,49.4721],[11.8461,49.469],[11.8445,49.4864],[11.8647,49.4886],[11.8767,49.4948]]]}},{"type":"Feature","properties":{"code":"DE-09372","name":"Landkreis Cham","country":"DE","region":"Bayern"},"geometry":{"type":"Polygon","coordinates":[[[12.6338,49.4762],[12.6148,49.4882],[12.6111,49.4761],[12.5974,49.4739],[12.5554,49.4608],[12.5434,49.4612],[12.5369,49.4445],[12.5479,49.4233],[12.5424,49.4107],[12.5306,49.4117],[12.4964,49.4019],[12.4853,49.3939],[12.5021,49.3797],[12.4816,49.3599],[12.4769,49.3385],[12.4855,49.3315],[12.4819,49.3198],[12.5102,49.3159],[12.4805,49.2958],[12.4873,49.2858],[12.4793,49.2725],[12.4222,49.2755],[12.4229,49.263],[12.4015,49.2611],[12.3837,49.2637],[12.3747,49.2584],[12.3742,49.2394],[12.3835,49.2287],[12.3599,49.2287],[12.3638,49.2196],[12.3525,49.2164],[12.3269,49.1841],[12.3193,49.1594],[12.311,49.1525],[12.3231,49.1317],[12.308,49.1286],[12.3235,49.111],[12.3393,49.1109],[12.3423,49.1032],[12.3227,49.0978],[12.329,49.0879],[12.3493,49.0907],[12.3682,49.0884],[12.3853,49.0942],[12.3846,49.1012],[12.4119,49.0991],[12.4253,49.0927],[12.4249,49.0684],[12.4387,49.0587],[12.414,49.0511],[12.4473,49.0357],[12.479,49.032],[12.4726,49.0364],[12.5027,49.0619],[12.5142,49.0563],[12.5273,49.0577],[12.5319,49.0747],[12.5548,49.0887],[12.5876,49.0937],[12.6204,49.1029],[12.6427,49.1031],[12.653,49.11],[12.6857,49.1014],[12.7245,49.1145],[12.7518,49.1112],[12.7682,49.1148],[12.7673,49.1265],[12.794,49.1221],[12.8369,49.1341],[12.8636,49.1298],[12.8795,49.1376],[12.8989,49.1275],[12.9121,49.1319],[12.9178,49.1493],[12.9452,49.1391],[12.9679,49.1612],[12.9949,49.1576],[13.0044,49.1612],[13.0483,49.1552],[13.0657,49.1463],[13.0682,49.1295],[13.106,49.1147],[13.1279,49.1109],[13.1358,49.1277],[13.1472,49.1381],[13.1587,49.1398],[13.1648,49.1488],[13.1598,49.1575],[13.1709,49.1736],[13.1619,49.1746],[13.1293,49.1969],[13.11,49.2032],[13.1131,49.2192],[13.086,49.2294],[13.0808,49.2474],[13.0578,49.2532],[13.05,49.2649],[13.0339,49.2639],[13.0257,49.2789],[13.0306,49.2876],[13.0291,49.3043],[13.0106,49.3053],[12.9726,49.3339],[12.95,49.3429],[12.9199,49.3434],[12.9066,49.3485],[12.8802,49.3505],[12.8889,49.333],[12.8768,49.3324],[12.8479,49.3443],[12.837,49.3407],[12.8025,49.3416],[12.7788,49.3481],[12.7823,49.3592],[12.7581,49.3752],[12.7576,49.3948],[12.7329,49.4099],[12.7147,49.414],[12.7087,49.4247],[12.6792,49.4263],[12.6559,49.4345],[12.658,49.4505],[12.6485,49.4683],[12.6338,49.4762]]]}},{"type":"Feature","properties":{"code":"DE-09373","name":"Landkreis Neumarkt i.d.OPf.","country":"DE","region":"Bayern"},"geometry":{"type":"Polygon","coordinates":[[[11.5578,49.419],[11.5369,49.4106],[11.4913,49.4203],[11.4779,49.4271],[11.4648,49.4218],[11.4481,49.4275],[11.4498,49.4135],[11.4381,49.3957],[11.4185,49.3831],[11.4209,49.3759],[11.3937,49.3566],[11.3717,49.3561],[11.3896,49.3421],[11.3831,49.3276],[11.3655,49.3265],[11.3274,49.3026],[11.3038,49.309],[11.2926,49.3173],[11.2836,49.3146],[11.2665,49.3244],[11.2472,49.3254],[11.2514,49.3089],[11.2436,49.3067],[11.2198,49.3154],[11.1872,49.2978],[11.1988,49.2893],[11.2151,49.2872],[11.2063,49.2741],[11.2389,49.2761],[11.2462,49.2695],[11.2616,49.2737],[11.2804,49.2732],[11.275,49.2604],[11.2864,49.2575],[11.303,49.2438],[11.2933,49.2355],[11.3025,49.2233],[11.319,49.2101],[11.3119,49.2069],[11.2922,49.2106],[11.2631,49.2112],[11.2696,49.1888],[11.287,49.1874],[11.3136,49.1781],[11.308,49.1631],[11.3248,49.1565],[11.3278,49.143],[11.3187,49.129],[11.3251,49.1173],[11.3552,49.1167],[11.3672,49.0917],[11.3857,49.0789],[11.395,49.083],[11.4364,49.065],[11.4875,49.0634],[11.499,49.0756],[11.538,49.0699],[11.5304,49.0447],[11.5163,49.032],[11.543,49.0251],[11.5411,49.01],[11.5628,48.9894],[11.5783,48.9865],[11.5788,48.9743],[11.5993,48.9515],[11.61,48.9774],[11.6216,48.984],[11.6127,48.9951],[11.6137,49.0084],[11.6462,49.0046],[11.6598,49.0161],[11.6633,49.0323],[11.675,49.0511],[11.6743,49.0729],[11.6884,49.0774],[11.6983,49.0878],[11.719,49.0964],[11.7514,49.1062],[11.7462,49.1192],[11.7646,49.1259],[11.7657,49.1321],[11.7855,49.1413],[11.7946,49.1649],[11.8109,49.1744],[11.8231,49.157],[11.8434,49.1509],[11.8583,49.1607],[11.8613,49.1703],[11.8816,49.17],[11.8908,49.1753],[11.9065,49.1734],[11.9359,49.1951],[11.9424,49.2037],[11.9342,49.2211],[11.9284,49.2568],[11.9143,49.2679],[11.8789,49.277],[11.8598,49.2851],[11.8001,49.2917],[11.7766,49.3076],[11.7597,49.3147],[11.7406,49.3177],[11.7424,49.3243],[11.7221,49.3377],[11.7087,49.3357],[11.7022,49.3138],[11.6781,49.3197],[11.6618,49.3195],[11.658,49.3338],[11.6366,49.3363],[11.6292,49.343],[11.6293,49.3621],[11.6384,49.3727],[11.638,49.3829],[11.613,49.397],[11.5977,49.3881],[11.5888,49.3897],[11.5732,49.402],[11.5731,49.415],[11.5578,49.419]]]}},{"type":"Feature","properties":{"code":"DE-09374","name":"Landkreis Neustadt a.d.Waldnaab","country":"DE","region":"Bayern"},"geometry":{"type":"Polygon","coordinates":[[[12.4015,49.7584],[12.3878,49.7538],[12.3733,49.771],[12.3514,49.7666],[12.3352,49.7584],[12.3233,49.7587],[12.2858,49.7715],[12.265,49.7637],[12.2367,49.7711],[12.2311,49.7948],[12.2263,49.8007],[12.2085,49.8008],[12.1907,49.8172],[12.1916,49.8327],[12.175,49.847],[12.1455,49.8394],[12.1329,49.8221],[12.1087,49.8227],[12.0939,49.8139],[12.0995,49.8012],[12.0883,49.7859],[12.078,49.784],[12.0618,49.7899],[12.0454,49.7853],[12.0254,49.7923],[12.0186,49.8059],[12.005,49.8165],[11.9859,49.8212],[11.9789,49.8149],[11.9513,49.8055],[11.9353,49.8122],[11.9098,49.7998],[11.8944,49.8053],[11.8586,49.8288],[11.8548,49.8471],[11.8382,49.8525],[11.8334,49.845],[11.8039,49.849],[11.7965,49.8393],[11.7687,49.8411],[11.7382,49.8403],[11.721,49.8275],[11.7243,49.8195],[11.7004,49.82],[11.6997,49.8072],[11.692,49.8036],[11.6737,49.8111],[11.6589,49.8021],[11.6464,49.8068],[11.6298,49.7783],[11.6307,49.7606],[11.6473,49.7492],[11.6536,49.7152],[11.6661,49.7089],[11.6547,49.7019],[11.6486,49.6845],[11.6536,49.6545],[11.6403,49.6315],[11.6634,49.6246],[11.6908,49.6236],[11.7054,49.6282],[11.7174,49.6234],[11.7366,49.6246],[11.7457,49.6327],[11.772,49.6396],[11.7797,49.6486],[11.8094,49.6529],[11.8321,49.641],[11.8408,49.6417],[11.8758,49.6348],[11.8957,49.6389],[11.9357,49.6393],[11.9352,49.644],[11.9744,49.6402],[11.9854,49.6107],[11.9932,49.6032],[11.9827,49.597],[11.9884,49.5875],[11.9846,49.5777],[12.0534,49.5789],[12.0673,49.5775],[12.0683,49.5649],[12.1192,49.5588],[12.1155,49.548],[12.1315,49.5502],[12.1295,49.5617],[12.1614,49.5686],[12.1847,49.5708],[12.1894,49.5894],[12.2159,49.5881],[12.2459,49.575],[12.2362,49.5635],[12.2551,49.5519],[12.2651,49.5387],[12.302,49.5361],[12.303,49.5191],[12.3169,49.5134],[12.3476,49.5122],[12.374,49.5216],[12.3965,49.5205],[12.4038,49.5303],[12.4307,49.529],[12.4414,49.5216],[12.4665,49.5402],[12.4719,49.5486],[12.4901,49.545],[12.5031,49.5479],[12.5286,49.5349],[12.5467,49.5428],[12.5776,49.5477],[12.5938,49.5422],[12.5742,49.5594],[12.5713,49.5685],[12.5771,49.5863],[12.5642,49.5962],[12.5637,49.6059],[12.546,49.6213],[12.5282,49.6182],[12.5179,49.6435],[12.5298,49.6662],[12.5216,49.6868],[12.4852,49.6879],[12.4809,49.695],[12.4403,49.7058],[12.4257,49.7305],[12.4064,49.7395],[12.4015,49.7584]],[[12.1196,49.7037],[12.1306,49.7119],[12.1521,49.7044],[12.1669,49.7072],[12.1858,49.6992],[12.1936,49.6857],[12.2235,49.686],[12.2236,49.6727],[12.2474,49.6644],[12.2573,49.6643],[12.2634,49.6529],[12.2578,49.6395],[12.2462,49.6322],[12.2092,49.6626],[12.2022,49.6533],[12.1861,49.6533],[12.1781,49.6628],[12.1622,49.655],[12.1467,49.6268],[12.1371,49.6186],[12.1157,49.6247],[12.1137,49.6423],[12.0954,49.6418],[12.0976,49.6533],[12.0816,49.6627],[12.0739,49.6753],[12.0843,49.6906],[12.0789,49.7017],[12.0981,49.7017],[12.1138,49.6951],[12.1196,49.7037]]]}},{"type":"Feature","properties":{"code":"DE-09375","name":"Landkreis Regensburg","country":"DE","region":"Bayern"},"geometry":{"type":"Polygon","coordinates":[[[12.311,49.1525],[12.289,49.166],[12.263,49.1557],[12.2487,49.158],[12.24,49.1511],[12.2284,49.161],[12.2277,49.1767],[12.1996,49.1811],[12.1867,49.1987],[12.1805,49.2231],[12.172,49.2218],[12.1469,49.2032],[12.1514,49.1812],[12.1233,49.1685],[12.1237,49.1623],[12.1045,49.1583],[12.0953,49.1435],[12.0726,49.15],[12.0583,49.1634],[12.0449,49.1708],[12.0273,49.1593],[11.9995,49.1621],[12.0116,49.1742],[11.9985,49.186],[11.9548,49.1855],[11.9489,49.1943],[11.9359,49.1951],[11.9065,49.1734],[11.8908,49.1753],[11.8816,49.17],[11.8613,49.1703],[11.8583,49.1607],[11.8434,49.1509],[11.8231,49.157],[11.8109,49.1744],[11.7946,49.1649],[11.7855,49.1413],[11.7657,49.1321],[11.7646,49.1259],[11.7462,49.1192],[11.7514,49.1062],[11.719,49.0964],[11.6983,49.0878],[11.6884,49.0774],[11.6743,49.0729],[11.675,49.0511],[11.6633,49.0323],[11.6598,49.0161],[11.6825,49.0156],[11.6891,49.0216],[11.7121,49.0121],[11.7228,49.0115],[11.7398,48.9915],[11.7746,48.9833],[11.7858,48.9982],[11.8072,49.0187],[11.8584,49.0217],[11.8785,49.0087],[11.8906,49.0131],[11.8973,49.0001],[11.9181,48.9817],[11.9026,48.9776],[11.9312,48.9636],[11.9275,48.9458],[11.9594,48.9536],[11.9804,48.9645],[11.9872,48.9526],[12.0141,48.9536],[12.0203,48.9611],[12.0491,48.9435],[12.0691,48.9424],[12.0819,48.9236],[12.0844,48.9031],[12.1098,48.9065],[12.1208,48.8981],[12.1158,48.882],[12.1327,48.8806],[12.13,48.8619],[12.1195,48.8645],[12.1008,48.8508],[12.1022,48.8265],[12.1087,48.8031],[12.097,48.7905],[12.0975,48.772],[12.1353,48.7659],[12.1297,48.7796],[12.1667,48.7893],[12.1714,48.7997],[12.1917,48.793],[12.1946,48.806],[12.2103,48.8044],[12.2264,48.8148],[12.2331,48.8374],[12.2461,48.8306],[12.2575,48.8364],[12.2596,48.8562],[12.2849,48.8472],[12.3025,48.8464],[12.3004,48.8551],[12.3142,48.8631],[12.328,48.8568],[12.3484,48.8557],[12.3591,48.8479],[12.3722,48.8466],[12.4037,48.8638],[12.422,48.8765],[12.4271,48.8993],[12.4539,48.9169],[12.4396,48.9353],[12.4429,48.9535],[12.4527,48.9653],[12.4375,48.9714],[12.4519,48.9828],[12.4772,48.9746],[12.4892,48.9806],[12.4837,48.9921],[12.4894,49.022],[12.479,49.032],[12.4473,49.0357],[12.414,49.0511],[12.4387,49.0587],[12.4249,49.0684],[12.4253,49.0927],[12.4119,49.0991],[12.3846,49.1012],[12.3853,49.0942],[12.3682,49.0884],[12.3493,49.0907],[12.329,49.0879],[12.3227,49.0978],[12.3423,49.1032],[12.3393,49.1109],[12.3235,49.111],[12.308,49.1286],[12.3231,49.1317],[12.311,49.1525]],[[12.1317,49.0762],[12.1391,49.0688],[12.1357,49.0554],[12.1454,49.047],[12.1644,49.0485],[12.1659,49.0401],[12.1589,49.0193],[12.1849,49.0081],[12.1892,48.9908],[12.1743,48.9724],[12.1528,48.9787],[12.1268,48.9669],[12.1175,48.9757],[12.0997,48.9669],[12.0749,48.9742],[12.0656,48.9957],[12.0574,49.0015],[12.0397,49.0007],[12.0294,49.0097],[12.0452,49.0243],[12.0372,49.0365],[12.0522,49.0508],[12.0581,49.0371],[12.0748,49.0329],[12.0909,49.036],[12.0985,49.0626],[12.1153,49.0681],[12.1324,49.0687],[12.1317,49.0762]]]}},{"type":"Feature","properties":{"code":"DE-09376","name":"Landkreis Schwandorf","country":"DE","region":"Bayern"},"geometry":{"type":"Polygon","coordinates":[[[12.5938,49.5422],[12.5776,49.5477],[12.5467,49.5428],[12.5286,49.5349],[12.5031,49.5479],[12.4901,49.545],[12.4719,49.5486],[12.4665,49.5402],[12.4414,49.5216],[12.4307,49.529],[12.4038,49.5303],[12.3965,49.5205],[12.374,49.5216],[12.3476,49.5122],[12.3169,49.5134],[12.303,49.5191],[12.302,49.5361],[12.2651,49.5387],[12.2551,49.5519],[12.2362,49.5635],[12.2459,49.575],[12.2159,49.5881],[12.1894,49.5894],[12.1847,49.5708],[12.1614,49.5686],[12.1295,49.5617],[12.1315,49.5502],[12.1155,49.548],[12.086,49.5415],[12.088,49.5328],[12.0724,49.5286],[12.0962,49.4939],[12.0817,49.4845],[12.047,49.4948],[12.0304,49.4925],[12.0412,49.4611],[12.0338,49.4297],[11.9833,49.4337],[11.9771,49.4222],[12.0218,49.3972],[12.047,49.3938],[12.0493,49.3825],[12.0632,49.3734],[12.0567,49.3666],[12.0622,49.3529],[12.0178,49.3526],[12.006,49.3429],[11.9881,49.3185],[11.9739,49.3146],[11.9666,49.3044],[11.9732,49.2839],[11.9497,49.2787],[11.9464,49.2714],[11.966,49.2641],[11.9672,49.2572],[11.9834,49.2519],[11.9467,49.2408],[11.9342,49.2211],[11.9424,49.2037],[11.9359,49.1951],[11.9489,49.1943],[11.9548,49.1855],[11.9985,49.186],[12.0116,49.1742],[11.9995,49.1621],[12.0273,49.1593],[12.0449,49.1708],[12.0583,49.1634],[12.0726,49.15],[12.0953,49.1435],[12.1045,49.1583],[12.1237,49.1623],[12.1233,49.1685],[12.1514,49.1812],[12.1469,49.2032],[12.172,49.2218],[12.1805,49.2231],[12.1867,49.1987],[12.1996,49.1811],[12.2277,49.1767],[12.2284,49.161],[12.24,49.1511],[12.2487,49.158],[12.263,49.1557],[12.289,49.166],[12.311,49.1525],[12.3193,49.1594],[12.3269,49.1841],[12.3525,49.2164],[12.3638,49.2196],[12.3599,49.2287],[12.3835,49.2287],[12.3742,49.2394],[12.3747,49.2584],[12.3837,49.2637],[12.4015,49.2611],[12.4229,49.263],[12.4222,49.2755],[12.4793,49.2725],[12.4873,49.2858],[12.4805,49.2958],[12.5102,49.3159],[12.4819,49.3198],[12.4855,49.3315],[12.4769,49.3385],[12.4816,49.3599],[12.5021,49.3797],[12.4853,49.3939],[12.4964,49.4019],[12.5306,49.4117],[12.5424,49.4107],[12.5479,49.4233],[12.5369,49.4445],[12.5434,49.4612],[12.5554,49.4608],[12.5974,49.4739],[12.6111,49.4761],[12.6148,49.4882],[12.6338,49.4762],[12.6439,49.4844],[12.6399,49.499],[12.6443,49.523],[12.6017,49.5325],[12.5938,49.5422]]]}},{"type":"Feature","properties":{"code":"DE-09377","name":"Landkreis Tirschenreuth","country":"DE","region":"Bayern"},"geometry":{"type":"Polygon","coordinates":[[[12.4015,49.7584],[12.4032,49.7619],[12.467,49.7854],[12.4733,49.8151],[12.4729,49.8336],[12.4826,49.8417],[12.498,49.8376],[12.4978,49.8569],[12.5107,49.8584],[12.5219,49.8817],[12.54,49.8912],[12.5506,49.9026],[12.5477,49.9203],[12.5385,49.9248],[12.5122,49.9276],[12.4784,49.9357],[12.4705,49.949],[12.4906,49.9586],[12.4939,49.9698],[12.4899,49.9818],[12.4765,49.9808],[12.4607,49.9949],[12.4352,49.9938],[12.4244,50.0008],[12.3674,50.0194],[12.3376,50.0399],[12.3289,50.0322],[12.3192,50.0488],[12.2991,50.0587],[12.2832,50.0564],[12.2609,50.0584],[12.2579,50.0491],[12.2412,50.0354],[12.1976,50.0328],[12.2012,50.0168],[12.1923,50.0008],[12.147,49.9929],[12.1196,49.9862],[12.1082,49.9782],[12.0934,49.9779],[12.0771,49.9854],[12.0698,49.9954],[12.0497,49.9805],[12.0284,49.9836],[11.9719,49.9809],[11.9354,49.973],[11.9138,49.9707],[11.9037,49.979],[11.8986,49.9694],[11.8702,49.9653],[11.8678,49.9606],[11.8221,49.9629],[11.8116,49.9606],[11.8126,49.9464],[11.8268,49.9358],[11.8381,49.9138],[11.8404,49.8932],[11.8541,49.8861],[11.8393,49.8787],[11.8419,49.8687],[11.862,49.8523],[11.8548,49.8471],[11.8586,49.8288],[11.8944,49.8053],[11.9098,49.7998],[11.9353,49.8122],[11.9513,49.8055],[11.9789,49.8149],[11.9859,49.8212],[12.005,49.8165],[12.0186,49.8059],[12.0254,49.7923],[12.0454,49.7853],[12.0618,49.7899],[12.078,49.784],[12.0883,49.7859],[12.0995,49.8012],[12.0939,49.8139],[12.1087,49.8227],[12.1329,49.8221],[12.1455,49.8394],[12.175,49.847],[12.1916,49.8327],[12.1907,49.8172],[12.2085,49.8008],[12.2263,49.8007],[12.2311,49.7948],[12.2367,49.7711],[12.265,49.7637],[12.2858,49.7715],[12.3233,49.7587],[12.3352,49.7584],[12.3514,49.7666],[12.3733,49.771],[12.3878,49.7538],[12.4015,49.7584]]]}},{"type":"Feature","properties":{"code":"DE-09461","name":"Kreisfreie Stadt Bamberg","country":"DE","region":"Bayern"},"geometry":{"type":"Polygon","coordinates":[[[10.9166,49.927],[10.8864,49.9207],[10.868,49.9124],[10.8419,49.9169],[10.8436,49.9042],[10.8264,49.8984],[10.8396,49.8839],[10.8666,49.8682],[10.8831,49.8557],[10.9265,49.8425],[10.9284,49.8508],[10.9511,49.856],[10.9521,49.8913],[10.947,49.906],[10.9381,49.9166],[10.9166,49.927]]]}},{"type":"Feature","properties":{"code":"DE-09462","name":"Kreisfreie Stadt Bayreuth","country":"DE","region":"Bayern"},"geometry":{"type":"Polygon","coordinates":[[[11.5846,49.9759],[11.5728,49.9765],[11.5484,49.9679],[11.546,49.9611],[11.5104,49.956],[11.5104,49.9455],[11.5271,49.9365],[11.5351,49.9238],[11.5442,49.9201],[11.5605,49.9038],[11.5547,49.8927],[11.6003,49.8898],[11.6258,49.9055],[11.6191,49.9145],[11.6385,49.9313],[11.6686,49.9397],[11.6379,49.9569],[11.6513,49.9657],[11.6471,49.973],[11.6293,49.9692],[11.6078,49.9696],[11.5846,49.9759]]]}},{"type":"Feature","properties":{"code":"DE-09463","name":"Kreisfreie Stadt Coburg","country":"DE","region":"Bayern"},"geometry":{"type":"Polygon","coordinates":[[[10.9503,50.2966],[10.9358,50.2926],[10.9203,50.2947],[10.9059,50.2861],[10.8913,50.2845],[10.9209,50.2598],[10.9146,50.2538],[10.892,50.2506],[10.9139,50.2398],[10.9282,50.2432],[10.9602,50.244],[10.9841,50.222],[10.9943,50.2395],[11.01,50.2472],[11.0293,50.2493],[11.0332,50.2567],[11.0605,50.2653],[11.0435,50.2751],[11.0126,50.2666],[11.0057,50.2739],[10.9804,50.2815],[10.9503,50.2966]]]}},{"type":"Feature","properties":{"code":"DE-09464","name":"Kreisfreie Stadt Hof","country":"DE","region":"Bayern"},"geometry":{"type":"Polygon","coordinates":[[[11.8802,50.3541],[11.8757,50.3382],[11.8804,50.3272],[11.8419,50.3157],[11.8336,50.3196],[11.808,50.3136],[11.8397,50.2873],[11.8634,50.2855],[11.8893,50.2688],[11.9096,50.2677],[11.9358,50.285],[11.9383,50.3021],[11.9719,50.3158],[11.9688,50.3288],[11.9548,50.3433],[11.9416,50.3448],[11.9253,50.3402],[11.9188,50.3525],[11.8993,50.3487],[11.8802,50.3541]]]}},{"type":"Feature","properties":{"code":"DE-09471","name":"Landkreis Bamberg","country":"DE","region":"Bayern"},"geometry":{"type":"Polygon","coordinates":[[[10.8848,50.0931],[10.8601,50.0918],[10.8593,50.0736],[10.8437,50.076],[10.8324,50.0647],[10.8376,50.0605],[10.824,50.0402],[10.8059,50.0376],[10.7918,50.0472],[10.7758,50.0433],[10.7726,50.0251],[10.7537,50.0231],[10.7653,50.0134],[10.7648,50.0004],[10.7483,49.987],[10.7611,49.9682],[10.7545,49.9623],[10.7315,49.9622],[10.7255,49.9573],[10.743,49.9481],[10.7187,49.9264],[10.6968,49.9185],[10.6915,49.9125],[10.7024,49.904],[10.6866,49.8967],[10.6841,49.885],[10.6555,49.8849],[10.632,49.8736],[10.6293,49.8641],[10.5968,49.8555],[10.587,49.8587],[10.5759,49.8738],[10.5592,49.8675],[10.5551,49.8772],[10.5052,49.8767],[10.4905,49.8726],[10.4594,49.8788],[10.4493,49.8555],[10.4419,49.8462],[10.4611,49.8354],[10.449,49.8222],[10.4623,49.8084],[10.4828,49.8058],[10.4662,49.7916],[10.4778,49.7854],[10.4949,49.7917],[10.5203,49.7966],[10.5319,49.7937],[10.5388,49.7715],[10.5537,49.7701],[10.5514,49.7558],[10.5765,49.7512],[10.5891,49.7445],[10.6306,49.7379],[10.6544,49.7211],[10.6698,49.7237],[10.6859,49.7332],[10.7028,49.733],[10.7066,49.7461],[10.6719,49.7566],[10.6775,49.7643],[10.6968,49.7756],[10.7312,49.784],[10.7499,49.7724],[10.7757,49.7674],[10.8007,49.7479],[10.8049,49.7379],[10.8234,49.7406],[10.8364,49.7529],[10.8653,49.7587],[10.8705,49.7704],[10.9115,49.7816],[10.9273,49.7684],[10.9346,49.7791],[10.9662,49.7708],[10.989,49.7859],[11.0123,49.7818],[11.0492,49.795],[11.0813,49.7941],[11.1002,49.8059],[11.1032,49.8338],[11.1079,49.839],[11.1262,49.8377],[11.1412,49.8449],[11.1592,49.8436],[11.1751,49.8323],[11.2032,49.8387],[11.2236,49.835],[11.2345,49.8526],[11.2276,49.8622],[11.2381,49.8705],[11.1985,49.8812],[11.1978,49.8932],[11.1856,49.9035],[11.2028,49.913],[11.2152,49.9366],[11.1955,49.9541],[11.2164,49.9627],[11.2187,49.9732],[11.2372,49.9738],[11.2464,49.9896],[11.2207,50.0043],[11.2126,50.0159],[11.1909,50.0082],[11.1875,50.0246],[11.1687,50.0161],[11.1474,50.0214],[11.1536,50.0319],[11.1732,50.0335],[11.1904,50.0438],[11.1938,50.0522],[11.1794,50.0583],[11.1437,50.044],[11.1237,50.0484],[11.0855,50.0355],[11.0656,50.0368],[11.046,50.0246],[11.0219,50.0292],[11.0027,50.0158],[10.9842,50.0201],[10.994,50.0297],[10.9803,50.0408],[10.9658,50.0393],[10.9348,50.046],[10.9301,50.0369],[10.9024,50.048],[10.896,50.0581],[10.8818,50.0654],[10.8919,50.0877],[10.8848,50.0931]],[[10.9166,49.927],[10.9381,49.9166],[10.947,49.906],[10.9521,49.8913],[10.9511,49.856],[10.9284,49.8508],[10.9265,49.8425],[10.8831,49.8557],[10.8666,49.8682],[10.8396,49.8839],[10.8264,49.8984],[10.8436,49.9042],[10.8419,49.9169],[10.868,49.9124],[10.8864,49.9207],[10.9166,49.927]]]}},{"type":"Feature","properties":{"code":"DE-09472","name":"Landkreis Bayreuth","country":"DE","region":"Bayern"},"geometry":{"type":"Polygon","coordinates":[[[11.7891,50.1032],[11.7753,50.1268],[11.7449,50.117],[11.7322,50.1243],[11.7174,50.1197],[11.7066,50.1233],[11.6781,50.1246],[11.6802,50.0916],[11.6555,50.0749],[11.6324,50.0691],[11.6379,50.0576],[11.6501,50.0514],[11.6469,50.042],[11.6322,50.0354],[11.6026,50.0309],[11.5958,50.0182],[11.5777,50.0083],[11.567,50.0129],[11.5495,50.0033],[11.5048,49.9943],[11.4803,49.9958],[11.4658,49.9824],[11.4477,49.9794],[11.4417,49.9908],[11.4171,49.9873],[11.416,49.9735],[11.4294,49.9626],[11.425,49.9572],[11.3965,49.9613],[11.3853,49.9346],[11.3624,49.9407],[11.3429,49.9535],[11.3108,49.9629],[11.2783,49.9671],[11.287,49.9783],[11.285,49.9879],[11.2645,49.9922],[11.2568,50],[11.2464,49.9896],[11.2372,49.9738],[11.2187,49.9732],[11.2164,49.9627],[11.1955,49.9541],[11.2152,49.9366],[11.2028,49.913],[11.1856,49.9035],[11.1978,49.8932],[11.1985,49.8812],[11.2381,49.8705],[11.2612,49.8741],[11.2704,49.8605],[11.2634,49.8447],[11.2973,49.8048],[11.3205,49.8017],[11.3381,49.8145],[11.3669,49.8034],[11.3538,49.7907],[11.3546,49.7836],[11.3765,49.7773],[11.3838,49.7667],[11.384,49.7556],[11.3632,49.7392],[11.3597,49.7184],[11.3672,49.7126],[11.3765,49.6891],[11.3631,49.6807],[11.3687,49.6667],[11.3711,49.6589],[11.3875,49.6542],[11.3983,49.6247],[11.4217,49.6159],[11.4306,49.6274],[11.456,49.627],[11.4606,49.6356],[11.4901,49.641],[11.5005,49.6485],[11.5135,49.6499],[11.5507,49.6407],[11.5601,49.6466],[11.5585,49.6601],[11.5643,49.6649],[11.5557,49.6774],[11.5634,49.6858],[11.5467,49.6902],[11.5568,49.6978],[11.5604,49.7143],[11.5638,49.7236],[11.5956,49.7354],[11.594,49.7536],[11.6307,49.7606],[11.6298,49.7783],[11.6464,49.8068],[11.6589,49.8021],[11.6737,49.8111],[11.692,49.8036],[11.6997,49.8072],[11.7004,49.82],[11.7243,49.8195],[11.721,49.8275],[11.7382,49.8403],[11.7687,49.8411],[11.7965,49.8393],[11.8039,49.849],[11.8334,49.845],[11.8382,49.8525],[11.8548,49.8471],[11.862,49.8523],[11.8419,49.8687],[11.8393,49.8787],[11.8541,49.8861],[11.8404,49.8932],[11.8381,49.9138],[11.8268,49.9358],[11.8126,49.9464],[11.8116,49.9606],[11.8221,49.9629],[11.8678,49.9606],[11.8702,49.9653],[11.8986,49.9694],[11.9037,49.979],[11.8981,49.9992],[11.8589,50.0231],[11.8716,50.031],[11.8672,50.0419],[11.846,50.047],[11.8354,50.0543],[11.8347,50.0653],[11.7971,50.0764],[11.8015,50.0843],[11.8172,50.0848],[11.8092,50.0974],[11.7891,50.1032]],[[11.5846,49.9759],[11.6078,49.9696],[11.6293,49.9692],[11.6471,49.973],[11.6513,49.9657],[11.6379,49.9569],[11.6686,49.9397],[11.6385,49.9313],[11.6191,49.9145],[11.6258,49.9055],[11.6003,49.8898],[11.5547,49.8927],[11.5605,49.9038],[11.5442,49.9201],[11.5351,49.9238],[11.5271,49.9365],[11.5104,49.9455],[11.5104,49.956],[11.546,49.9611],[11.5484,49.9679],[11.5728,49.9765],[11.5846,49.9759]]]}},{"type":"Feature","properties":{"code":"DE-09473","name":"Landkreis Coburg","country":"DE","region":"Bayern"},"geometry":{"type":"Polygon","coordinates":[[[10.9457,50.3865],[10.9328,50.3924],[10.8989,50.3847],[10.8727,50.3968],[10.8618,50.3877],[10.8304,50.3926],[10.8043,50.3791],[10.7854,50.3852],[10.7738,50.372],[10.7494,50.358],[10.7387,50.3629],[10.7153,50.3636],[10.7281,50.3381],[10.715,50.333],[10.7154,50.3212],[10.7418,50.3159],[10.7707,50.2927],[10.7942,50.2954],[10.8026,50.292],[10.8039,50.2798],[10.8324,50.2736],[10.8464,50.2751],[10.852,50.2516],[10.8477,50.245],[10.824,50.2375],[10.8073,50.2402],[10.8006,50.2514],[10.7844,50.2485],[10.7696,50.2408],[10.7498,50.2425],[10.7322,50.2518],[10.7265,50.2476],[10.7294,50.2303],[10.7616,50.2229],[10.7537,50.2132],[10.7802,50.1944],[10.7814,50.1765],[10.7729,50.1658],[10.7763,50.1499],[10.8026,50.1468],[10.8396,50.1464],[10.8518,50.1575],[10.8731,50.1479],[10.8683,50.1261],[10.8604,50.1159],[10.8601,50.0918],[10.8848,50.0931],[10.8906,50.1111],[10.9095,50.1129],[10.9172,50.1197],[10.9375,50.1127],[10.9477,50.1279],[10.9221,50.1413],[10.9247,50.148],[10.9566,50.1627],[10.9527,50.1711],[10.9743,50.1749],[11.0078,50.1774],[11.0002,50.1849],[11.0092,50.1939],[10.9878,50.2049],[10.9854,50.2117],[11.0341,50.2186],[11.0609,50.2084],[11.0739,50.2101],[11.0897,50.2056],[11.1026,50.2104],[11.1234,50.1955],[11.1369,50.1927],[11.153,50.1982],[11.1599,50.1886],[11.1797,50.1851],[11.1982,50.2021],[11.1856,50.1997],[11.1799,50.2247],[11.1912,50.2282],[11.1885,50.2442],[11.2018,50.2562],[11.1899,50.2712],[11.1755,50.2698],[11.1773,50.2811],[11.1655,50.2823],[11.1332,50.3002],[11.1348,50.3141],[11.1519,50.3211],[11.1592,50.3304],[11.1319,50.3551],[11.1156,50.3668],[11.0897,50.3659],[11.0736,50.3537],[11.043,50.3447],[11.0317,50.3551],[11.008,50.3652],[10.9935,50.3655],[10.993,50.349],[10.9825,50.3518],[10.963,50.3659],[10.9627,50.3719],[10.9457,50.3865]],[[10.9503,50.2966],[10.9804,50.2815],[11.0057,50.2739],[11.0126,50.2666],[11.0435,50.2751],[11.0605,50.2653],[11.0332,50.2567],[11.0293,50.2493],[11.01,50.2472],[10.9943,50.2395],[10.9841,50.222],[10.9602,50.244],[10.9282,50.2432],[10.9139,50.2398],[10.892,50.2506],[10.9146,50.2538],[10.9209,50.2598],[10.8913,50.2845],[10.9059,50.2861],[10.9203,50.2947],[10.9358,50.2926],[10.9503,50.2966]]]}},{"type":"Feature","properties":{"code":"DE-09474","name":"Landkreis Forchheim","country":"DE","region":"Bayern"},"geometry":{"type":"Polygon","coordinates":[[[11.3687,49.6667],[11.3631,49.6807],[11.3765,49.6891],[11.3672,49.7126],[11.3597,49.7184],[11.3632,49.7392],[11.384,49.7556],[11.3838,49.7667],[11.3765,49.7773],[11.3546,49.7836],[11.3538,49.7907],[11.3669,49.8034],[11.3381,49.8145],[11.3205,49.8017],[11.2973,49.8048],[11.2634,49.8447],[11.2704,49.8605],[11.2612,49.8741],[11.2381,49.8705],[11.2276,49.8622],[11.2345,49.8526],[11.2236,49.835],[11.2032,49.8387],[11.1751,49.8323],[11.1592,49.8436],[11.1412,49.8449],[11.1262,49.8377],[11.1079,49.839],[11.1032,49.8338],[11.1002,49.8059],[11.0813,49.7941],[11.0492,49.795],[11.0123,49.7818],[10.989,49.7859],[10.9662,49.7708],[10.9346,49.7791],[10.9273,49.7684],[10.934,49.755],[10.9206,49.738],[10.9405,49.7166],[10.9307,49.7111],[10.9324,49.7013],[10.987,49.6819],[11.0096,49.6852],[11.0159,49.6721],[11.0461,49.6681],[11.0602,49.6536],[11.0492,49.6523],[11.0432,49.6395],[11.0223,49.6321],[11.0359,49.6251],[11.0598,49.6378],[11.0702,49.6281],[11.0878,49.6018],[11.1055,49.5975],[11.1115,49.5899],[11.1617,49.588],[11.188,49.5887],[11.2079,49.5945],[11.2079,49.6016],[11.2262,49.6082],[11.2313,49.5976],[11.2563,49.5967],[11.2601,49.6052],[11.2803,49.6043],[11.2962,49.6263],[11.3082,49.6332],[11.3324,49.637],[11.3335,49.6474],[11.3529,49.6649],[11.3687,49.6667]]]}},{"type":"Feature","properties":{"code":"DE-09475","name":"Landkreis Hof","country":"DE","region":"Bayern"},"geometry":{"type":"Polygon","coordinates":[[[12.1009,50.318],[12.088,50.3326],[12.0799,50.3268],[12.0642,50.333],[12.0322,50.3301],[12.0117,50.3462],[11.9823,50.3499],[11.979,50.3695],[11.9807,50.3878],[11.9431,50.413],[11.9347,50.4237],[11.9193,50.4247],[11.9061,50.4172],[11.8809,50.4137],[11.8658,50.4007],[11.8505,50.4012],[11.8235,50.3897],[11.8174,50.4006],[11.7953,50.4182],[11.779,50.4185],[11.7561,50.4056],[11.7392,50.4091],[11.7293,50.4015],[11.7083,50.4039],[11.6831,50.3927],[11.6482,50.3921],[11.6254,50.387],[11.6033,50.3988],[11.6104,50.3888],[11.5891,50.3832],[11.5806,50.3856],[11.566,50.378],[11.5805,50.3719],[11.5793,50.3644],[11.5438,50.357],[11.5379,50.3495],[11.5375,50.3348],[11.5286,50.3288],[11.5543,50.3111],[11.5652,50.2889],[11.5363,50.2756],[11.5408,50.2655],[11.5826,50.2549],[11.6053,50.2681],[11.6122,50.2249],[11.6277,50.2291],[11.6548,50.2301],[11.6548,50.2045],[11.6716,50.2032],[11.6792,50.1787],[11.6597,50.1764],[11.6519,50.1629],[11.6725,50.1599],[11.6837,50.152],[11.6734,50.1458],[11.6482,50.1402],[11.6427,50.1274],[11.6561,50.1153],[11.6673,50.1247],[11.6781,50.1246],[11.7066,50.1233],[11.7174,50.1197],[11.7322,50.1243],[11.7449,50.117],[11.7753,50.1268],[11.7891,50.1032],[11.8248,50.109],[11.8738,50.1377],[11.8853,50.1395],[11.8912,50.1504],[11.9378,50.1739],[11.9427,50.1804],[11.9344,50.1967],[11.9512,50.2013],[11.9837,50.1892],[11.991,50.1738],[11.9993,50.1705],[12.0148,50.179],[12.0327,50.1837],[12.0446,50.1941],[12.054,50.2118],[12.0768,50.2206],[12.1288,50.2121],[12.1411,50.2177],[12.1607,50.2198],[12.1585,50.2265],[12.1089,50.2379],[12.0991,50.2624],[12.1384,50.2753],[12.1196,50.2994],[12.126,50.3072],[12.1009,50.318]],[[11.8802,50.3541],[11.8993,50.3487],[11.9188,50.3525],[11.9253,50.3402],[11.9416,50.3448],[11.9548,50.3433],[11.9688,50.3288],[11.9719,50.3158],[11.9383,50.3021],[11.9358,50.285],[11.9096,50.2677],[11.8893,50.2688],[11.8634,50.2855],[11.8397,50.2873],[11.808,50.3136],[11.8336,50.3196],[11.8419,50.3157],[11.8804,50.3272],[11.8757,50.3382],[11.8802,50.3541]]]}},{"type":"Feature","properties":{"code":"DE-09476","name":"Landkreis Kronach","country":"DE","region":"Bayern"},"geometry":{"type":"Polygon","coordinates":[[[11.4816,50.4316],[11.4586,50.4282],[11.4405,50.4386],[11.4206,50.4434],[11.4233,50.4609],[11.4155,50.4678],[11.4251,50.4838],[11.4409,50.5009],[11.4246,50.5159],[11.389,50.5157],[11.3698,50.5232],[11.343,50.5185],[11.3433,50.5102],[11.3214,50.5086],[11.3249,50.4984],[11.3189,50.489],[11.3052,50.4892],[11.2659,50.4794],[11.2477,50.4784],[11.2456,50.4696],[11.2549,50.4564],[11.2471,50.4489],[11.2632,50.4429],[11.2688,50.4192],[11.2581,50.4],[11.2707,50.3936],[11.2843,50.3603],[11.2662,50.352],[11.2771,50.336],[11.2613,50.3379],[11.2565,50.3231],[11.2703,50.3073],[11.2556,50.2993],[11.2598,50.2749],[11.2473,50.2686],[11.2243,50.2773],[11.1978,50.2919],[11.1899,50.2712],[11.2018,50.2562],[11.1885,50.2442],[11.1912,50.2282],[11.1799,50.2247],[11.1856,50.1997],[11.1982,50.2021],[11.2336,50.2006],[11.2243,50.1846],[11.2494,50.1842],[11.2556,50.1705],[11.2815,50.1604],[11.3033,50.164],[11.3422,50.1603],[11.3606,50.1666],[11.3645,50.1868],[11.3767,50.1929],[11.3967,50.1758],[11.4316,50.1828],[11.4198,50.1978],[11.4231,50.2085],[11.4468,50.22],[11.4629,50.2344],[11.4757,50.2332],[11.487,50.2504],[11.5149,50.2557],[11.5408,50.2655],[11.5363,50.2756],[11.5652,50.2889],[11.5543,50.3111],[11.5286,50.3288],[11.5375,50.3348],[11.5379,50.3495],[11.5438,50.357],[11.5793,50.3644],[11.5805,50.3719],[11.566,50.378],[11.5806,50.3856],[11.5891,50.3832],[11.6104,50.3888],[11.6033,50.3988],[11.5938,50.4027],[11.5676,50.3957],[11.5649,50.3872],[11.5525,50.3826],[11.5207,50.3808],[11.5189,50.3957],[11.503,50.3996],[11.4899,50.3968],[11.4787,50.4012],[11.4876,50.4179],[11.4816,50.4316]]]}},{"type":"Feature","properties":{"code":"DE-09477","name":"Landkreis Kulmbach","country":"DE","region":"Bayern"},"geometry":{"type":"Polygon","coordinates":[[[11.6781,50.1246],[11.6673,50.1247],[11.6561,50.1153],[11.6427,50.1274],[11.6482,50.1402],[11.6734,50.1458],[11.6837,50.152],[11.6725,50.1599],[11.6519,50.1629],[11.6597,50.1764],[11.6792,50.1787],[11.6716,50.2032],[11.6548,50.2045],[11.6548,50.2301],[11.6277,50.2291],[11.6122,50.2249],[11.6053,50.2681],[11.5826,50.2549],[11.5408,50.2655],[11.5149,50.2557],[11.487,50.2504],[11.4757,50.2332],[11.4629,50.2344],[11.4468,50.22],[11.4231,50.2085],[11.4198,50.1978],[11.4316,50.1828],[11.3967,50.1758],[11.3767,50.1929],[11.3645,50.1868],[11.3606,50.1666],[11.3422,50.1603],[11.3405,50.1493],[11.3558,50.144],[11.325,50.1122],[11.3128,50.1123],[11.2991,50.1021],[11.3186,50.0864],[11.297,50.0786],[11.3093,50.0587],[11.304,50.0394],[11.2806,50.0222],[11.254,50.0162],[11.2568,50],[11.2645,49.9922],[11.285,49.9879],[11.287,49.9783],[11.2783,49.9671],[11.3108,49.9629],[11.3429,49.9535],[11.3624,49.9407],[11.3853,49.9346],[11.3965,49.9613],[11.425,49.9572],[11.4294,49.9626],[11.416,49.9735],[11.4171,49.9873],[11.4417,49.9908],[11.4477,49.9794],[11.4658,49.9824],[11.4803,49.9958],[11.5048,49.9943],[11.5495,50.0033],[11.567,50.0129],[11.5777,50.0083],[11.5958,50.0182],[11.6026,50.0309],[11.6322,50.0354],[11.6469,50.042],[11.6501,50.0514],[11.6379,50.0576],[11.6324,50.0691],[11.6555,50.0749],[11.6802,50.0916],[11.6781,50.1246]]]}},{"type":"Feature","properties":{"code":"DE-09478","name":"Landkreis Lichtenfels","country":"DE","region":"Bayern"},"geometry":{"type":"Polygon","coordinates":[[[11.1982,50.2021],[11.1797,50.1851],[11.1599,50.1886],[11.153,50.1982],[11.1369,50.1927],[11.1234,50.1955],[11.1026,50.2104],[11.0897,50.2056],[11.0739,50.2101],[11.0609,50.2084],[11.0341,50.2186],[10.9854,50.2117],[10.9878,50.2049],[11.0092,50.1939],[11.0002,50.1849],[11.0078,50.1774],[10.9743,50.1749],[10.9527,50.1711],[10.9566,50.1627],[10.9247,50.148],[10.9221,50.1413],[10.9477,50.1279],[10.9375,50.1127],[10.9172,50.1197],[10.9095,50.1129],[10.8906,50.1111],[10.8848,50.0931],[10.8919,50.0877],[10.8818,50.0654],[10.896,50.0581],[10.9024,50.048],[10.9301,50.0369],[10.9348,50.046],[10.9658,50.0393],[10.9803,50.0408],[10.994,50.0297],[10.9842,50.0201],[11.0027,50.0158],[11.0219,50.0292],[11.046,50.0246],[11.0656,50.0368],[11.0855,50.0355],[11.1237,50.0484],[11.1437,50.044],[11.1794,50.0583],[11.1938,50.0522],[11.1904,50.0438],[11.1732,50.0335],[11.1536,50.0319],[11.1474,50.0214],[11.1687,50.0161],[11.1875,50.0246],[11.1909,50.0082],[11.2126,50.0159],[11.2207,50.0043],[11.2464,49.9896],[11.2568,50],[11.254,50.0162],[11.2806,50.0222],[11.304,50.0394],[11.3093,50.0587],[11.297,50.0786],[11.3186,50.0864],[11.2991,50.1021],[11.3128,50.1123],[11.325,50.1122],[11.3558,50.144],[11.3405,50.1493],[11.3422,50.1603],[11.3033,50.164],[11.2815,50.1604],[11.2556,50.1705],[11.2494,50.1842],[11.2243,50.1846],[11.2336,50.2006],[11.1982,50.2021]]]}},{"type":"Feature","properties":{"code":"DE-09479","name":"Landkreis Wunsiedel i.Fichtelgebirge","country":"DE","region":"Bayern"},"geometry":{"type":"Polygon","coordinates":[[[12.1607,50.2198],[12.1411,50.2177],[12.1288,50.2121],[12.0768,50.2206],[12.054,50.2118],[12.0446,50.1941],[12.0327,50.1837],[12.0148,50.179],[11.9993,50.1705],[11.991,50.1738],[11.9837,50.1892],[11.9512,50.2013],[11.9344,50.1967],[11.9427,50.1804],[11.9378,50.1739],[11.8912,50.1504],[11.8853,50.1395],[11.8738,50.1377],[11.8248,50.109],[11.7891,50.1032],[11.8092,50.0974],[11.8172,50.0848],[11.8015,50.0843],[11.7971,50.0764],[11.8347,50.0653],[11.8354,50.0543],[11.846,50.047],[11.8672,50.0419],[11.8716,50.031],[11.8589,50.0231],[11.8981,49.9992],[11.9037,49.979],[11.9138,49.9707],[11.9354,49.973],[11.9719,49.9809],[12.0284,49.9836],[12.0497,49.9805],[12.0698,49.9954],[12.0771,49.9854],[12.0934,49.9779],[12.1082,49.9782],[12.1196,49.9862],[12.147,49.9929],[12.1923,50.0008],[12.2012,50.0168],[12.1976,50.0328],[12.2412,50.0354],[12.2579,50.0491],[12.2609,50.0584],[12.2666,50.0784],[12.2462,50.0923],[12.2311,50.0944],[12.2295,50.1017],[12.209,50.1024],[12.1996,50.1117],[12.1945,50.1377],[12.2112,50.1588],[12.2013,50.1888],[12.1902,50.2008],[12.1619,50.2118],[12.1607,50.2198]]]}},{"type":"Feature","properties":{"code":"DE-09561","name":"Kreisfreie Stadt Ansbach","country":"DE","region":"Bayern"},"geometry":{"type":"Polygon","coordinates":[[[10.5845,49.3423],[10.5505,49.3394],[10.5179,49.3252],[10.4964,49.3283],[10.4736,49.326],[10.4768,49.3118],[10.4932,49.3057],[10.4985,49.2917],[10.4832,49.2891],[10.4649,49.2932],[10.4559,49.2842],[10.4741,49.2672],[10.5009,49.2665],[10.5176,49.2576],[10.5293,49.2625],[10.5798,49.2505],[10.5864,49.2434],[10.6085,49.2435],[10.6129,49.2381],[10.6395,49.236],[10.6357,49.2474],[10.6459,49.2573],[10.6259,49.2642],[10.617,49.2728],[10.619,49.2865],[10.6303,49.2873],[10.6351,49.3023],[10.6568,49.315],[10.6552,49.32],[10.6026,49.3298],[10.5845,49.3423]]]}},{"type":"Feature","properties":{"code":"DE-09562","name":"Kreisfreie Stadt Erlangen","country":"DE","region":"Bayern"},"geometry":{"type":"Polygon","coordinates":[[[11.0295,49.5354],[11.0359,49.5471],[11.0339,49.5691],[11.0359,49.5881],[11.0473,49.5959],[11.0495,49.6082],[11.0216,49.6161],[11.0161,49.611],[10.9751,49.616],[10.9624,49.6233],[10.9537,49.6346],[10.9287,49.6457],[10.9194,49.6319],[10.9196,49.6178],[10.9252,49.6058],[10.9249,49.5761],[10.9201,49.5614],[10.936,49.5627],[10.9328,49.5383],[10.934,49.5345],[10.9663,49.5333],[10.9747,49.5411],[10.9879,49.5368],[10.9892,49.5403],[11.0295,49.5354]]]}},{"type":"Feature","properties":{"code":"DE-09563","name":"Kreisfreie Stadt Fürth","country":"DE","region":"Bayern"},"geometry":{"type":"Polygon","coordinates":[[[10.9905,49.4365],[10.9945,49.4488],[11.0077,49.4537],[11.0098,49.4645],[11.0259,49.4739],[11.0197,49.4884],[11.025,49.5073],[10.9999,49.5127],[10.9952,49.5353],[10.9879,49.5368],[10.9747,49.5411],[10.9663,49.5333],[10.934,49.5345],[10.9336,49.507],[10.9067,49.5058],[10.8939,49.4934],[10.902,49.4883],[10.9072,49.4672],[10.9348,49.4588],[10.9634,49.4577],[10.9861,49.4473],[10.9905,49.4365]]]}},{"type":"Feature","properties":{"code":"DE-09564","name":"Kreisfreie Stadt Nürnberg","country":"DE","region":"Bayern"},"geometry":{"type":"MultiPolygon","coordinates":[[[[11.2667,49.4398],[11.256,49.4322],[11.2625,49.4164],[11.2801,49.4166],[11.2667,49.4398]]],[[[11.0295,49.5354],[10.9892,49.5403],[10.9879,49.5368],[10.9952,49.5353],[10.9999,49.5127],[11.025,49.5073],[11.0197,49.4884],[11.0259,49.4739],[11.0098,49.4645],[11.0077,49.4537],[10.9945,49.4488],[10.9905,49.4365],[11.0157,49.4171],[11.0254,49.3987],[11.0081,49.3872],[10.9927,49.3815],[10.9978,49.3759],[11.0143,49.3706],[11.0321,49.3721],[11.0454,49.3599],[11.0409,49.3519],[11.0694,49.3336],[11.0798,49.3393],[11.0908,49.3423],[11.122,49.3622],[11.1112,49.3641],[11.1054,49.3796],[11.1158,49.3897],[11.1349,49.3911],[11.1451,49.3874],[11.1692,49.3885],[11.1903,49.3897],[11.1799,49.4085],[11.1931,49.408],[11.2067,49.4178],[11.1944,49.4282],[11.1798,49.4289],[11.179,49.4171],[11.134,49.4336],[11.1341,49.4449],[11.1558,49.4461],[11.1611,49.4591],[11.1811,49.4682],[11.1782,49.4741],[11.1504,49.4713],[11.1431,49.4875],[11.126,49.4925],[11.1201,49.5128],[11.096,49.5077],[11.0973,49.5011],[11.0586,49.5056],[11.0693,49.523],[11.0527,49.5302],[11.0295,49.5354]]]]}},{"type":"Feature","properties":{"code":"DE-09565","name":"Kreisfreie Stadt Schwabach","country":"DE","region":"Bayern"},"geometry":{"type":"Polygon","coordinates":[[[11.0798,49.3393],[11.0694,49.3336],[11.0409,49.3519],[11.0454,49.3599],[11.0321,49.3721],[11.0143,49.3706],[10.9978,49.3759],[10.9864,49.3655],[10.9712,49.359],[10.9723,49.352],[10.9925,49.3383],[10.9766,49.3253],[10.9951,49.3211],[11.0026,49.3068],[11.0158,49.2939],[11.0418,49.2966],[11.0413,49.3065],[11.0555,49.3169],[11.078,49.3189],[11.0798,49.3393]]]}},{"type":"Feature","properties":{"code":"DE-09571","name":"Landkreis Ansbach","country":"DE","region":"Bayern"},"geometry":{"type":"Polygon","coordinates":[[[10.6974,49.4363],[10.6424,49.4224],[10.6092,49.4314],[10.6139,49.444],[10.6037,49.4466],[10.5732,49.4381],[10.5547,49.4442],[10.538,49.4382],[10.5204,49.4508],[10.5042,49.437],[10.4888,49.4335],[10.4712,49.423],[10.469,49.4148],[10.4458,49.4166],[10.4353,49.4283],[10.4059,49.4324],[10.3871,49.4125],[10.377,49.4147],[10.3494,49.4105],[10.3442,49.4304],[10.3166,49.4229],[10.2954,49.4126],[10.2802,49.4205],[10.2753,49.4333],[10.2659,49.4334],[10.2483,49.4527],[10.2635,49.4656],[10.2614,49.473],[10.2438,49.4748],[10.2339,49.4882],[10.2052,49.492],[10.1807,49.4897],[10.1729,49.4756],[10.1472,49.4798],[10.1299,49.4708],[10.1183,49.4732],[10.1223,49.4639],[10.097,49.4559],[10.0947,49.4479],[10.1188,49.4439],[10.1337,49.4371],[10.1374,49.4247],[10.1517,49.4123],[10.1496,49.4067],[10.1612,49.3904],[10.1449,49.3844],[10.1266,49.3879],[10.112,49.3849],[10.1073,49.3788],[10.1174,49.369],[10.1039,49.347],[10.1105,49.3289],[10.1401,49.3256],[10.1452,49.3165],[10.1317,49.3051],[10.1339,49.2961],[10.1539,49.2847],[10.1474,49.2685],[10.1266,49.2624],[10.1171,49.2642],[10.1267,49.2362],[10.126,49.2273],[10.1401,49.2089],[10.1301,49.1988],[10.1568,49.1927],[10.1605,49.1828],[10.1927,49.1676],[10.2046,49.1555],[10.2129,49.1627],[10.2281,49.1599],[10.2366,49.1493],[10.248,49.1493],[10.2555,49.1383],[10.2527,49.1299],[10.2303,49.119],[10.2228,49.0979],[10.2291,49.0898],[10.2491,49.0916],[10.2455,49.0743],[10.2582,49.0702],[10.2568,49.0595],[10.2517,49.0496],[10.2848,49.0366],[10.294,49.0428],[10.3249,49.0255],[10.3503,49.0284],[10.3454,49.0166],[10.3522,49.006],[10.3819,48.999],[10.3818,48.9885],[10.4013,48.9862],[10.4098,48.9774],[10.4273,48.9817],[10.4212,48.9924],[10.4243,49.004],[10.4771,49.0113],[10.499,49.006],[10.5409,49.006],[10.5392,49.0218],[10.5557,49.0341],[10.5955,49.0345],[10.6042,49.0205],[10.6147,49.0147],[10.6281,49.0204],[10.6423,49.0166],[10.6671,49.0173],[10.6741,49.0247],[10.6766,49.0388],[10.6878,49.0471],[10.6806,49.0605],[10.6882,49.0713],[10.6735,49.0723],[10.674,49.0828],[10.6603,49.0839],[10.6465,49.0916],[10.6469,49.1005],[10.6563,49.1095],[10.6551,49.1326],[10.6681,49.1336],[10.68,49.1459],[10.6952,49.1519],[10.7087,49.1784],[10.7403,49.1968],[10.7598,49.2032],[10.779,49.205],[10.7961,49.1984],[10.8277,49.196],[10.8376,49.1978],[10.8524,49.207],[10.8555,49.2152],[10.8764,49.2308],[10.8972,49.2373],[10.9134,49.2466],[10.9116,49.255],[10.8967,49.2696],[10.9075,49.2921],[10.8926,49.3081],[10.8698,49.3195],[10.8616,49.343],[10.8678,49.3561],[10.8215,49.3749],[10.8064,49.3758],[10.8018,49.3825],[10.7814,49.383],[10.7662,49.3953],[10.7431,49.4003],[10.7507,49.4226],[10.7324,49.4356],[10.7132,49.4329],[10.6974,49.4363]],[[10.5845,49.3423],[10.6026,49.3298],[10.6552,49.32],[10.6568,49.315],[10.6351,49.3023],[10.6303,49.2873],[10.619,49.2865],[10.617,49.2728],[10.6259,49.2642],[10.6459,49.2573],[10.6357,49.2474],[10.6395,49.236],[10.6129,49.2381],[10.6085,49.2435],[10.5864,49.2434],[10.5798,49.2505],[10.5293,49.2625],[10.5176,49.2576],[10.5009,49.2665],[10.4741,49.2672],[10.4559,49.2842],[10.4649,49.2932],[10.4832,49.2891],[10.4985,49.2917],[10.4932,49.3057],[10.4768,49.3118],[10.4736,49.326],[10.4964,49.3283],[10.5179,49.3252],[10.5505,49.3394],[10.5845,49.3423]]]}},{"type":"Feature","properties":{"code":"DE-09572","name":"Landkreis Erlangen-Höchstadt","country":"DE","region":"Bayern"},"geometry":{"type":"Polygon","coordinates":[[[10.9273,49.7684],[10.9115,49.7816],[10.8705,49.7704],[10.8653,49.7587],[10.8364,49.7529],[10.8234,49.7406],[10.8049,49.7379],[10.8007,49.7479],[10.7757,49.7674],[10.7499,49.7724],[10.7312,49.784],[10.6968,49.7756],[10.6775,49.7643],[10.6719,49.7566],[10.7066,49.7461],[10.7028,49.733],[10.6859,49.7332],[10.6698,49.7237],[10.6544,49.7211],[10.6261,49.7206],[10.6156,49.7087],[10.5949,49.709],[10.5953,49.6898],[10.6039,49.6793],[10.6242,49.6776],[10.6709,49.6828],[10.7001,49.6882],[10.7294,49.6858],[10.7593,49.6666],[10.7675,49.6585],[10.7819,49.6572],[10.7842,49.6343],[10.7618,49.6257],[10.7555,49.6018],[10.7556,49.5856],[10.7718,49.5821],[10.7833,49.5848],[10.7957,49.5777],[10.818,49.5503],[10.8104,49.5439],[10.8158,49.5356],[10.859,49.5394],[10.8669,49.5427],[10.8829,49.536],[10.8897,49.5417],[10.9152,49.5424],[10.9328,49.5383],[10.936,49.5627],[10.9201,49.5614],[10.9249,49.5761],[10.9252,49.6058],[10.9196,49.6178],[10.9194,49.6319],[10.9287,49.6457],[10.9537,49.6346],[10.9624,49.6233],[10.9751,49.616],[11.0161,49.611],[11.0216,49.6161],[11.0495,49.6082],[11.0473,49.5959],[11.0359,49.5881],[11.0339,49.5691],[11.0359,49.5471],[11.0295,49.5354],[11.0527,49.5302],[11.0693,49.523],[11.0586,49.5056],[11.0973,49.5011],[11.096,49.5077],[11.1201,49.5128],[11.126,49.4925],[11.1431,49.4875],[11.1504,49.4713],[11.1782,49.4741],[11.1678,49.4909],[11.1838,49.5025],[11.1797,49.5091],[11.1969,49.5428],[11.1923,49.5539],[11.2025,49.5652],[11.2349,49.5673],[11.2756,49.5784],[11.2723,49.587],[11.2854,49.5906],[11.2803,49.6043],[11.2601,49.6052],[11.2563,49.5967],[11.2313,49.5976],[11.2262,49.6082],[11.2079,49.6016],[11.2079,49.5945],[11.188,49.5887],[11.1617,49.588],[11.1115,49.5899],[11.1055,49.5975],[11.0878,49.6018],[11.0702,49.6281],[11.0598,49.6378],[11.0359,49.6251],[11.0223,49.6321],[11.0432,49.6395],[11.0492,49.6523],[11.0602,49.6536],[11.0461,49.6681],[11.0159,49.6721],[11.0096,49.6852],[10.987,49.6819],[10.9324,49.7013],[10.9307,49.7111],[10.9405,49.7166],[10.9206,49.738],[10.934,49.755],[10.9273,49.7684]]]}},{"type":"Feature","properties":{"code":"DE-09573","name":"Landkreis Fürth","country":"DE","region":"Bayern"},"geometry":{"type":"Polygon","coordinates":[[[10.9328,49.5383],[10.9152,49.5424],[10.8897,49.5417],[10.8829,49.536],[10.8669,49.5427],[10.859,49.5394],[10.8158,49.5356],[10.7971,49.524],[10.7896,49.5101],[10.7749,49.5106],[10.7631,49.5199],[10.7544,49.5132],[10.7415,49.5144],[10.741,49.5033],[10.7213,49.5021],[10.7052,49.4965],[10.6804,49.4942],[10.6829,49.4826],[10.6976,49.4788],[10.7008,49.4717],[10.6904,49.4524],[10.6974,49.4363],[10.7132,49.4329],[10.7324,49.4356],[10.7507,49.4226],[10.7431,49.4003],[10.7662,49.3953],[10.7814,49.383],[10.8018,49.3825],[10.8064,49.3758],[10.8215,49.3749],[10.8678,49.3561],[10.8737,49.3546],[10.9142,49.3603],[10.9292,49.3567],[10.9373,49.3689],[10.9534,49.3818],[10.9927,49.3815],[11.0081,49.3872],[11.0254,49.3987],[11.0157,49.4171],[10.9905,49.4365],[10.9861,49.4473],[10.9634,49.4577],[10.9348,49.4588],[10.9072,49.4672],[10.902,49.4883],[10.8939,49.4934],[10.9067,49.5058],[10.9336,49.507],[10.934,49.5345],[10.9328,49.5383]]]}},{"type":"Feature","properties":{"code":"DE-09574","name":"Landkreis Nürnberger Land","country":"DE","region":"Bayern"},"geometry":{"type":"Polygon","coordinates":[[[11.5578,49.419],[11.5572,49.433],[11.5962,49.4741],[11.5924,49.4844],[11.5698,49.491],[11.5664,49.5039],[11.5375,49.5056],[11.5436,49.5176],[11.5425,49.5358],[11.5491,49.5445],[11.5155,49.548],[11.5109,49.5532],[11.5252,49.5636],[11.5424,49.5598],[11.5541,49.5651],[11.5515,49.5738],[11.5729,49.58],[11.5697,49.5927],[11.5568,49.5979],[11.5606,49.6124],[11.5783,49.6147],[11.5905,49.6117],[11.5988,49.6196],[11.5933,49.6386],[11.5739,49.6474],[11.5646,49.6611],[11.5756,49.6642],[11.5612,49.6788],[11.5647,49.6864],[11.5527,49.6913],[11.5605,49.6993],[11.5604,49.7143],[11.5568,49.6978],[11.5467,49.6902],[11.5634,49.6858],[11.5557,49.6774],[11.5643,49.6649],[11.5585,49.6601],[11.5601,49.6466],[11.5507,49.6407],[11.5135,49.6499],[11.5005,49.6485],[11.4901,49.641],[11.4606,49.6356],[11.456,49.627],[11.4306,49.6274],[11.4217,49.6159],[11.3983,49.6247],[11.3875,49.6542],[11.3711,49.6589],[11.3687,49.6667],[11.3529,49.6649],[11.3335,49.6474],[11.3324,49.637],[11.3082,49.6332],[11.2962,49.6263],[11.2803,49.6043],[11.2854,49.5906],[11.2723,49.587],[11.2756,49.5784],[11.2349,49.5673],[11.2025,49.5652],[11.1923,49.5539],[11.1969,49.5428],[11.1797,49.5091],[11.1838,49.5025],[11.1678,49.4909],[11.1782,49.4741],[11.1811,49.4682],[11.1611,49.4591],[11.1558,49.4461],[11.1341,49.4449],[11.134,49.4336],[11.179,49.4171],[11.1798,49.4289],[11.1944,49.4282],[11.2067,49.4178],[11.1931,49.408],[11.1799,49.4085],[11.1903,49.3897],[11.1692,49.3885],[11.1571,49.3852],[11.156,49.3769],[11.1925,49.3803],[11.2059,49.3628],[11.2057,49.3545],[11.2271,49.3509],[11.2304,49.3434],[11.2468,49.3334],[11.2472,49.3254],[11.2665,49.3244],[11.2836,49.3146],[11.2926,49.3173],[11.3038,49.309],[11.3274,49.3026],[11.3655,49.3265],[11.3831,49.3276],[11.3896,49.3421],[11.3717,49.3561],[11.3937,49.3566],[11.4209,49.3759],[11.4185,49.3831],[11.4381,49.3957],[11.4498,49.4135],[11.4481,49.4275],[11.4648,49.4218],[11.4779,49.4271],[11.4913,49.4203],[11.5369,49.4106],[11.5578,49.419]],[[11.2667,49.4398],[11.2801,49.4166],[11.2625,49.4164],[11.256,49.4322],[11.2667,49.4398]]]}},{"type":"Feature","properties":{"code":"DE-09575","name":"Landkreis Neustadt a.d.Aisch-Bad Windsheim","country":"DE","region":"Bayern"},"geometry":{"type":"Polygon","coordinates":[[[10.6544,49.7211],[10.6306,49.7379],[10.5891,49.7445],[10.5765,49.7512],[10.5514,49.7558],[10.4963,49.7534],[10.4914,49.7429],[10.464,49.7414],[10.4377,49.7502],[10.4195,49.7403],[10.3752,49.7224],[10.3703,49.7115],[10.3436,49.7003],[10.3754,49.6846],[10.3619,49.6769],[10.3638,49.6645],[10.3792,49.6505],[10.385,49.6363],[10.3487,49.6224],[10.3012,49.6271],[10.2827,49.6191],[10.2697,49.6252],[10.2491,49.6253],[10.2233,49.6323],[10.2002,49.6265],[10.2,49.6028],[10.172,49.5957],[10.1552,49.5968],[10.1487,49.6084],[10.1103,49.6214],[10.0976,49.6171],[10.0707,49.5884],[10.0758,49.5776],[10.0719,49.5673],[10.0814,49.559],[10.0837,49.5436],[10.0901,49.534],[10.0786,49.5273],[10.0841,49.5118],[10.1057,49.5151],[10.1213,49.511],[10.1013,49.494],[10.1012,49.4856],[10.1183,49.4732],[10.1299,49.4708],[10.1472,49.4798],[10.1729,49.4756],[10.1807,49.4897],[10.2052,49.492],[10.2339,49.4882],[10.2438,49.4748],[10.2614,49.473],[10.2635,49.4656],[10.2483,49.4527],[10.2659,49.4334],[10.2753,49.4333],[10.2802,49.4205],[10.2954,49.4126],[10.3166,49.4229],[10.3442,49.4304],[10.3494,49.4105],[10.377,49.4147],[10.3871,49.4125],[10.4059,49.4324],[10.4353,49.4283],[10.4458,49.4166],[10.469,49.4148],[10.4712,49.423],[10.4888,49.4335],[10.5042,49.437],[10.5204,49.4508],[10.538,49.4382],[10.5547,49.4442],[10.5732,49.4381],[10.6037,49.4466],[10.6139,49.444],[10.6092,49.4314],[10.6424,49.4224],[10.6974,49.4363],[10.6904,49.4524],[10.7008,49.4717],[10.6976,49.4788],[10.6829,49.4826],[10.6804,49.4942],[10.7052,49.4965],[10.7213,49.5021],[10.741,49.5033],[10.7415,49.5144],[10.7544,49.5132],[10.7631,49.5199],[10.7749,49.5106],[10.7896,49.5101],[10.7971,49.524],[10.8158,49.5356],[10.8104,49.5439],[10.818,49.5503],[10.7957,49.5777],[10.7833,49.5848],[10.7718,49.5821],[10.7556,49.5856],[10.7555,49.6018],[10.7618,49.6257],[10.7842,49.6343],[10.7819,49.6572],[10.7675,49.6585],[10.7593,49.6666],[10.7294,49.6858],[10.7001,49.6882],[10.6709,49.6828],[10.6242,49.6776],[10.6039,49.6793],[10.5953,49.6898],[10.5949,49.709],[10.6156,49.7087],[10.6261,49.7206],[10.6544,49.7211]]]}},{"type":"Feature","properties":{"code":"DE-09576","name":"Landkreis Roth","country":"DE","region":"Bayern"},"geometry":{"type":"Polygon","coordinates":[[[11.1692,49.3885],[11.1451,49.3874],[11.1349,49.3911],[11.1158,49.3897],[11.1054,49.3796],[11.1112,49.3641],[11.122,49.3622],[11.0908,49.3423],[11.0798,49.3393],[11.078,49.3189],[11.0555,49.3169],[11.0413,49.3065],[11.0418,49.2966],[11.0158,49.2939],[11.0026,49.3068],[10.9951,49.3211],[10.9766,49.3253],[10.9925,49.3383],[10.9723,49.352],[10.9712,49.359],[10.9864,49.3655],[10.9978,49.3759],[10.9927,49.3815],[10.9534,49.3818],[10.9373,49.3689],[10.9292,49.3567],[10.9142,49.3603],[10.8737,49.3546],[10.8678,49.3561],[10.8616,49.343],[10.8698,49.3195],[10.8926,49.3081],[10.9075,49.2921],[10.8967,49.2696],[10.9116,49.255],[10.9134,49.2466],[10.8972,49.2373],[10.8764,49.2308],[10.8555,49.2152],[10.8524,49.207],[10.8376,49.1978],[10.8494,49.1886],[10.8701,49.1875],[10.8545,49.1615],[10.8836,49.1516],[10.8943,49.1517],[10.9063,49.1371],[10.9378,49.1312],[10.943,49.1412],[10.9386,49.1485],[10.9683,49.1497],[10.985,49.1571],[10.9971,49.1551],[11.0008,49.1436],[11.0132,49.145],[11.0514,49.1249],[11.0677,49.1293],[11.0821,49.1156],[11.0818,49.1062],[11.1081,49.0961],[11.123,49.0858],[11.1525,49.0805],[11.1686,49.0728],[11.1812,49.058],[11.2014,49.0466],[11.2312,49.0497],[11.2464,49.0472],[11.2664,49.0249],[11.2666,49.0109],[11.2855,49.0045],[11.3325,48.9997],[11.3503,49.0213],[11.3707,49.015],[11.3818,49.017],[11.3864,49.031],[11.4006,49.0301],[11.4072,49.0381],[11.3968,49.0709],[11.3857,49.0789],[11.3672,49.0917],[11.3552,49.1167],[11.3251,49.1173],[11.3187,49.129],[11.3278,49.143],[11.3248,49.1565],[11.308,49.1631],[11.3136,49.1781],[11.287,49.1874],[11.2696,49.1888],[11.2631,49.2112],[11.2922,49.2106],[11.3119,49.2069],[11.319,49.2101],[11.3025,49.2233],[11.2933,49.2355],[11.303,49.2438],[11.2864,49.2575],[11.275,49.2604],[11.2804,49.2732],[11.2616,49.2737],[11.2462,49.2695],[11.2389,49.2761],[11.2063,49.2741],[11.2151,49.2872],[11.1988,49.2893],[11.1872,49.2978],[11.2198,49.3154],[11.2436,49.3067],[11.2514,49.3089],[11.2472,49.3254],[11.2468,49.3334],[11.2304,49.3434],[11.2271,49.3509],[11.2057,49.3545],[11.2059,49.3628],[11.1925,49.3803],[11.156,49.3769],[11.1571,49.3852],[11.1692,49.3885]]]}},{"type":"Feature","properties":{"code":"DE-09577","name":"Landkreis Weißenburg-Gunzenhausen","country":"DE","region":"Bayern"},"geometry":{"type":"Polygon","coordinates":[[[10.8376,49.1978],[10.8277,49.196],[10.7961,49.1984],[10.779,49.205],[10.7598,49.2032],[10.7403,49.1968],[10.7087,49.1784],[10.6952,49.1519],[10.68,49.1459],[10.6681,49.1336],[10.6551,49.1326],[10.6563,49.1095],[10.6469,49.1005],[10.6465,49.0916],[10.6603,49.0839],[10.674,49.0828],[10.6735,49.0723],[10.6882,49.0713],[10.6806,49.0605],[10.6878,49.0471],[10.6766,49.0388],[10.6741,49.0247],[10.6671,49.0173],[10.6423,49.0166],[10.6367,48.991],[10.6415,48.9813],[10.6663,48.9848],[10.6942,48.9522],[10.6849,48.9297],[10.6693,48.9225],[10.6886,48.9095],[10.7066,48.9082],[10.7189,48.8996],[10.7336,48.9125],[10.7389,48.9253],[10.77,48.9252],[10.7882,48.94],[10.8119,48.9388],[10.8259,48.9312],[10.8325,48.9149],[10.8079,48.9077],[10.8207,48.898],[10.8614,48.8931],[10.8533,48.8846],[10.8677,48.8756],[10.9061,48.8826],[10.9368,48.8633],[10.9518,48.8635],[10.9741,48.8787],[10.9956,48.8841],[11.0287,48.8878],[11.0294,48.8953],[11.0594,48.9136],[11.0665,48.9247],[11.0506,48.9319],[11.0862,48.9616],[11.1093,48.9669],[11.1362,48.9646],[11.143,48.969],[11.1481,48.9856],[11.1635,48.9993],[11.161,49.0119],[11.1896,49.0228],[11.1795,49.0286],[11.2014,49.0466],[11.1812,49.058],[11.1686,49.0728],[11.1525,49.0805],[11.123,49.0858],[11.1081,49.0961],[11.0818,49.1062],[11.0821,49.1156],[11.0677,49.1293],[11.0514,49.1249],[11.0132,49.145],[11.0008,49.1436],[10.9971,49.1551],[10.985,49.1571],[10.9683,49.1497],[10.9386,49.1485],[10.943,49.1412],[10.9378,49.1312],[10.9063,49.1371],[10.8943,49.1517],[10.8836,49.1516],[10.8545,49.1615],[10.8701,49.1875],[10.8494,49.1886],[10.8376,49.1978]]]}},{"type":"Feature","properties":{"code":"DE-09661","name":"Kreisfreie Stadt Aschaffenburg","country":"DE","region":"Bayern"},"geometry":{"type":"Polygon","coordinates":[[[9.2378,49.9348],[9.2114,49.9549],[9.1977,49.954],[9.186,49.9596],[9.193,49.9792],[9.1558,49.9988],[9.1377,50.0022],[9.1187,50.0128],[9.1135,50.0071],[9.0962,50.0154],[9.0801,50.0078],[9.0914,49.9947],[9.109,49.9855],[9.1079,49.9747],[9.0918,49.9733],[9.0837,49.9562],[9.1072,49.9309],[9.1142,49.9385],[9.1367,49.9296],[9.1442,49.9206],[9.1904,49.9273],[9.2157,49.9347],[9.2378,49.9348]]]}},{"type":"Feature","properties":{"code":"DE-09662","name":"Kreisfreie Stadt Schweinfurt","country":"DE","region":"Bayern"},"geometry":{"type":"Polygon","coordinates":[[[10.2348,50.0948],[10.2218,50.0913],[10.2284,50.0764],[10.2241,50.0658],[10.2055,50.0726],[10.195,50.0696],[10.1872,50.0545],[10.1874,50.0445],[10.1669,50.0283],[10.1952,50.015],[10.2178,50.01],[10.2366,50.0156],[10.2436,50.0322],[10.2419,50.0403],[10.2662,50.0595],[10.2543,50.0878],[10.2374,50.079],[10.2348,50.0948]]]}},{"type":"Feature","properties":{"code":"DE-09663","name":"Kreisfreie Stadt Würzburg","country":"DE","region":"Bayern"},"geometry":{"type":"Polygon","coordinates":[[[9.9221,49.8446],[9.9096,49.8441],[9.9072,49.8252],[9.8947,49.8271],[9.8832,49.8206],[9.8756,49.808],[9.8842,49.7931],[9.8964,49.789],[9.8903,49.7759],[9.8963,49.7674],[9.8768,49.7531],[9.8876,49.7444],[9.9025,49.7476],[9.9356,49.735],[9.9393,49.7241],[9.9616,49.7102],[9.98,49.7125],[9.9858,49.7201],[9.9741,49.728],[9.9856,49.737],[9.9845,49.7476],[9.9639,49.7722],[9.9795,49.7749],[9.9761,49.7836],[9.9889,49.7901],[9.9999,49.7876],[10.0144,49.8021],[10.0055,49.8086],[10.004,49.8193],[9.9871,49.8269],[9.9901,49.8339],[9.9721,49.8397],[9.9468,49.8334],[9.9338,49.8353],[9.9221,49.8446]]]}},{"type":"Feature","properties":{"code":"DE-09671","name":"Landkreis Aschaffenburg","country":"DE","region":"Bayern"},"geometry":{"type":"Polygon","coordinates":[[[9.405,50.0877],[9.3945,50.0975],[9.3736,50.131],[9.3416,50.1313],[9.3274,50.1411],[9.3076,50.1334],[9.2859,50.1417],[9.2604,50.1385],[9.236,50.1463],[9.1833,50.1379],[9.1917,50.1283],[9.1746,50.1195],[9.1723,50.1131],[9.153,50.0927],[9.1434,50.097],[9.1564,50.112],[9.145,50.1141],[9.1215,50.1261],[9.0982,50.1264],[9.0893,50.1168],[9.0467,50.1159],[9.0183,50.1116],[8.9974,50.0916],[8.9993,50.0694],[8.9906,50.0671],[8.9759,50.0488],[8.9888,50.0416],[9.0134,50.0456],[9.0313,50.0396],[9.031,50.0201],[9.0398,50.0104],[9.0355,50.0018],[9.0461,49.99],[9.0161,49.9913],[9.0264,49.9551],[9.0259,49.9387],[9.0323,49.9247],[9.0319,49.9094],[9.0372,49.8793],[9.0501,49.8663],[9.0702,49.8805],[9.1001,49.8824],[9.0938,49.8912],[9.1094,49.9021],[9.1031,49.9153],[9.112,49.925],[9.1072,49.9309],[9.0837,49.9562],[9.0918,49.9733],[9.1079,49.9747],[9.109,49.9855],[9.0914,49.9947],[9.0801,50.0078],[9.0962,50.0154],[9.1135,50.0071],[9.1187,50.0128],[9.1377,50.0022],[9.1558,49.9988],[9.193,49.9792],[9.186,49.9596],[9.1977,49.954],[9.2114,49.9549],[9.2378,49.9348],[9.2483,49.9269],[9.2661,49.9278],[9.2799,49.8992],[9.272,49.8921],[9.2599,49.8705],[9.2454,49.8594],[9.2588,49.8528],[9.2653,49.8649],[9.2878,49.8647],[9.2993,49.8587],[9.3185,49.8353],[9.3497,49.8377],[9.3683,49.8329],[9.3667,49.8535],[9.3941,49.8636],[9.408,49.8775],[9.4227,49.8811],[9.4353,49.8909],[9.427,49.9015],[9.4287,49.9173],[9.4607,49.9225],[9.476,49.9454],[9.4487,49.9513],[9.4411,49.9636],[9.4442,49.9741],[9.4304,49.991],[9.4082,49.9971],[9.4131,50.0187],[9.4052,50.0234],[9.4064,50.0497],[9.3856,50.0549],[9.393,50.0683],[9.4025,50.0715],[9.3963,50.0837],[9.405,50.0877]]]}},{"type":"Feature","properties":{"code":"DE-09672","name":"Landkreis Bad Kissingen","country":"DE","region":"Bayern"},"geometry":{"type":"Polygon","coordinates":[[[9.9357,50.4196],[9.901,50.4038],[9.8831,50.3989],[9.8733,50.409],[9.86,50.3975],[9.8384,50.4055],[9.808,50.4124],[9.8026,50.424],[9.7894,50.4251],[9.7778,50.4193],[9.7621,50.4259],[9.7513,50.4115],[9.7593,50.4024],[9.7545,50.3869],[9.7444,50.3717],[9.7433,50.3622],[9.7329,50.3561],[9.7474,50.3412],[9.7444,50.3284],[9.7475,50.3135],[9.73,50.2962],[9.7132,50.2917],[9.7034,50.2808],[9.6831,50.2786],[9.6484,50.2655],[9.639,50.2484],[9.6682,50.2394],[9.6537,50.2323],[9.6358,50.2352],[9.6232,50.229],[9.6427,50.2249],[9.6793,50.2272],[9.6822,50.2159],[9.6946,50.2089],[9.6999,50.1819],[9.7259,50.1662],[9.7323,50.1548],[9.7465,50.151],[9.7472,50.1356],[9.7542,50.1299],[9.7722,50.1316],[9.799,50.1061],[9.8062,50.0925],[9.8315,50.0847],[9.8166,50.0752],[9.8195,50.0648],[9.8064,50.0549],[9.8096,50.0466],[9.8349,50.0397],[9.8692,50.035],[9.8826,50.0378],[9.8865,50.047],[9.902,50.0522],[9.9126,50.0455],[9.9257,50.0298],[9.9484,50.0326],[9.964,50.0547],[9.9571,50.0657],[9.9685,50.0745],[9.9696,50.0845],[9.9822,50.0845],[9.9894,50.0964],[10.0021,50.0979],[10.0163,50.107],[10.0456,50.1063],[10.0634,50.0987],[10.0709,50.1035],[10.0923,50.1054],[10.1117,50.1116],[10.126,50.1081],[10.1397,50.1146],[10.1502,50.1447],[10.1895,50.1493],[10.2191,50.1498],[10.2381,50.1559],[10.2586,50.1495],[10.2769,50.1563],[10.3232,50.1536],[10.3188,50.1721],[10.3406,50.1726],[10.3425,50.1875],[10.331,50.1949],[10.3288,50.2041],[10.346,50.2105],[10.3701,50.2292],[10.3608,50.2313],[10.3457,50.2448],[10.3491,50.2606],[10.3342,50.2744],[10.3432,50.2835],[10.3256,50.2941],[10.2992,50.3044],[10.2717,50.2893],[10.2516,50.265],[10.2258,50.2642],[10.2125,50.2681],[10.1842,50.2664],[10.1678,50.2617],[10.1538,50.2741],[10.1393,50.2674],[10.1086,50.2694],[10.0954,50.2766],[10.1278,50.2909],[10.116,50.3004],[10.0742,50.307],[10.0605,50.2978],[10.0326,50.3069],[10.0197,50.3149],[10.0158,50.3271],[10.0037,50.3266],[9.9872,50.313],[9.9741,50.3163],[9.9699,50.3256],[9.9515,50.3381],[9.936,50.3384],[9.939,50.3533],[9.952,50.3639],[9.9426,50.3679],[9.9565,50.3829],[9.9204,50.3788],[9.9342,50.3931],[9.9313,50.4026],[9.9437,50.4077],[9.9357,50.4196]]]}},{"type":"Feature","properties":{"code":"DE-09673","name":"Landkreis Rhön-Grabfeld","country":"DE","region":"Bayern"},"geometry":{"type":"Polygon","coordinates":[[[10.4505,50.4019],[10.4237,50.3925],[10.3877,50.3982],[10.3901,50.4099],[10.4028,50.4262],[10.3707,50.4318],[10.3567,50.4552],[10.3362,50.4659],[10.3414,50.483],[10.3306,50.4943],[10.3066,50.4921],[10.2916,50.4963],[10.2562,50.5128],[10.2357,50.5115],[10.2258,50.5187],[10.2311,50.5311],[10.2083,50.5406],[10.2039,50.5547],[10.1596,50.5498],[10.1391,50.543],[10.1265,50.5535],[10.1262,50.5614],[10.1071,50.5637],[10.0985,50.5522],[10.0763,50.5409],[10.0685,50.5299],[10.0413,50.5165],[10.0412,50.4952],[10.022,50.4755],[10.0183,50.4665],[9.9975,50.461],[9.9855,50.4434],[9.9668,50.4345],[9.9578,50.4232],[9.9357,50.4196],[9.9437,50.4077],[9.9313,50.4026],[9.9342,50.3931],[9.9204,50.3788],[9.9565,50.3829],[9.9426,50.3679],[9.952,50.3639],[9.939,50.3533],[9.936,50.3384],[9.9515,50.3381],[9.9699,50.3256],[9.9741,50.3163],[9.9872,50.313],[10.0037,50.3266],[10.0158,50.3271],[10.0197,50.3149],[10.0326,50.3069],[10.0605,50.2978],[10.0742,50.307],[10.116,50.3004],[10.1278,50.2909],[10.0954,50.2766],[10.1086,50.2694],[10.1393,50.2674],[10.1538,50.2741],[10.1678,50.2617],[10.1842,50.2664],[10.2125,50.2681],[10.2258,50.2642],[10.2516,50.265],[10.2717,50.2893],[10.2992,50.3044],[10.3256,50.2941],[10.3432,50.2835],[10.3342,50.2744],[10.3491,50.2606],[10.3457,50.2448],[10.3608,50.2313],[10.3701,50.2292],[10.3915,50.2286],[10.3994,50.2223],[10.4308,50.2232],[10.4432,50.201],[10.4505,50.1967],[10.4772,50.2093],[10.4956,50.212],[10.5035,50.2259],[10.5329,50.2322],[10.5494,50.2228],[10.562,50.2058],[10.587,50.2089],[10.5912,50.2205],[10.6101,50.228],[10.6004,50.2441],[10.6113,50.2491],[10.5935,50.2696],[10.5975,50.2892],[10.6053,50.2935],[10.5923,50.3114],[10.6006,50.3337],[10.5834,50.3324],[10.5618,50.3371],[10.5498,50.3493],[10.5549,50.3547],[10.5444,50.3645],[10.5342,50.366],[10.5236,50.3548],[10.5071,50.3579],[10.4873,50.3753],[10.4735,50.3725],[10.4585,50.3832],[10.4505,50.4019]]]}},{"type":"Feature","properties":{"code":"DE-09674","name":"Landkreis Haßberge","country":"DE","region":"Bayern"},"geometry":{"type":"Polygon","coordinates":[[[10.6101,50.228],[10.5912,50.2205],[10.587,50.2089],[10.562,50.2058],[10.5494,50.2228],[10.5329,50.2322],[10.5035,50.2259],[10.4956,50.212],[10.4772,50.2093],[10.4505,50.1967],[10.4381,50.1858],[10.4225,50.1554],[10.3956,50.1378],[10.4065,50.1204],[10.3937,50.1049],[10.3791,50.1027],[10.3801,50.0931],[10.3957,50.092],[10.405,50.0856],[10.4313,50.0823],[10.4312,50.0771],[10.4035,50.0641],[10.4072,50.0573],[10.3968,50.0432],[10.3834,50.045],[10.3757,50.033],[10.3624,50.0243],[10.3557,50.0346],[10.3203,50.0295],[10.3283,50.022],[10.3776,50.0144],[10.3896,50.0145],[10.3929,49.9931],[10.4187,49.9841],[10.444,49.9784],[10.4444,49.959],[10.4659,49.9521],[10.4796,49.9395],[10.5142,49.9324],[10.5063,49.9227],[10.5108,49.9083],[10.4937,49.8837],[10.5052,49.8767],[10.5551,49.8772],[10.5592,49.8675],[10.5759,49.8738],[10.587,49.8587],[10.5968,49.8555],[10.6293,49.8641],[10.632,49.8736],[10.6555,49.8849],[10.6841,49.885],[10.6866,49.8967],[10.7024,49.904],[10.6915,49.9125],[10.6968,49.9185],[10.7187,49.9264],[10.743,49.9481],[10.7255,49.9573],[10.7315,49.9622],[10.7545,49.9623],[10.7611,49.9682],[10.7483,49.987],[10.7648,50.0004],[10.7653,50.0134],[10.7537,50.0231],[10.7726,50.0251],[10.7758,50.0433],[10.7918,50.0472],[10.8059,50.0376],[10.824,50.0402],[10.8376,50.0605],[10.8324,50.0647],[10.8437,50.076],[10.8593,50.0736],[10.8601,50.0918],[10.8604,50.1159],[10.8683,50.1261],[10.8731,50.1479],[10.8518,50.1575],[10.8396,50.1464],[10.8026,50.1468],[10.7763,50.1499],[10.7729,50.1658],[10.7814,50.1765],[10.7802,50.1944],[10.7537,50.2132],[10.7616,50.2229],[10.7294,50.2303],[10.7312,50.2127],[10.7244,50.2061],[10.6958,50.2118],[10.6857,50.2223],[10.6637,50.2215],[10.659,50.2307],[10.6377,50.2233],[10.6101,50.228]]]}},{"type":"Feature","properties":{"code":"DE-09675","name":"Landkreis Kitzingen","country":"DE","region":"Bayern"},"geometry":{"type":"Polygon","coordinates":[[[10.449,49.8222],[10.4185,49.8253],[10.3897,49.838],[10.3907,49.8646],[10.3611,49.8604],[10.3392,49.8661],[10.3297,49.8559],[10.3196,49.8549],[10.2928,49.8696],[10.2898,49.8914],[10.2799,49.8922],[10.2486,49.8814],[10.2371,49.8941],[10.2259,49.9158],[10.2064,49.9063],[10.211,49.8964],[10.1892,49.8921],[10.1683,49.8834],[10.1645,49.8708],[10.1641,49.8473],[10.1239,49.8487],[10.1221,49.8377],[10.0958,49.8376],[10.0653,49.8254],[10.0582,49.8051],[10.0611,49.7775],[10.0536,49.7732],[10.0593,49.7598],[10.0432,49.7496],[10.0508,49.7413],[10.051,49.729],[10.0658,49.7191],[10.096,49.7152],[10.1032,49.7021],[10.1277,49.6868],[10.1334,49.6682],[10.1091,49.6695],[10.1043,49.661],[10.0917,49.6601],[10.0822,49.6474],[10.0843,49.633],[10.1103,49.6214],[10.1487,49.6084],[10.1552,49.5968],[10.172,49.5957],[10.2,49.6028],[10.2002,49.6265],[10.2233,49.6323],[10.2491,49.6253],[10.2697,49.6252],[10.2827,49.6191],[10.3012,49.6271],[10.3487,49.6224],[10.385,49.6363],[10.3792,49.6505],[10.3638,49.6645],[10.3619,49.6769],[10.3754,49.6846],[10.3436,49.7003],[10.3703,49.7115],[10.3752,49.7224],[10.4195,49.7403],[10.4377,49.7502],[10.464,49.7414],[10.4914,49.7429],[10.4963,49.7534],[10.5514,49.7558],[10.5537,49.7701],[10.5388,49.7715],[10.5319,49.7937],[10.5203,49.7966],[10.4949,49.7917],[10.4778,49.7854],[10.4662,49.7916],[10.4828,49.8058],[10.4623,49.8084],[10.449,49.8222]]]}},{"type":"Feature","properties":{"code":"DE-09676","name":"Landkreis Miltenberg","country":"DE","region":"Bayern"},"geometry":{"type":"Polygon","coordinates":[[[9.2378,49.9348],[9.2157,49.9347],[9.1904,49.9273],[9.1442,49.9206],[9.1367,49.9296],[9.1142,49.9385],[9.1072,49.9309],[9.112,49.925],[9.1031,49.9153],[9.1094,49.9021],[9.0938,49.8912],[9.1001,49.8824],[9.0702,49.8805],[9.0501,49.8663],[9.0361,49.8465],[9.0414,49.8401],[9.064,49.8318],[9.081,49.8383],[9.0867,49.8264],[9.077,49.8182],[9.0868,49.8054],[9.0909,49.7907],[9.1081,49.798],[9.1289,49.7958],[9.1345,49.7833],[9.1134,49.7737],[9.1069,49.7587],[9.1243,49.756],[9.1483,49.7433],[9.1352,49.7177],[9.1225,49.712],[9.1281,49.703],[9.1191,49.698],[9.0942,49.6959],[9.0881,49.6896],[9.0889,49.669],[9.1034,49.6604],[9.102,49.6422],[9.0659,49.6197],[9.0661,49.604],[9.083,49.602],[9.103,49.5775],[9.1205,49.5736],[9.1589,49.5796],[9.2137,49.5765],[9.2387,49.5813],[9.2602,49.5944],[9.268,49.6089],[9.285,49.6148],[9.2744,49.6251],[9.2783,49.6376],[9.3136,49.6537],[9.3369,49.6443],[9.3681,49.655],[9.3836,49.6428],[9.4077,49.6467],[9.4195,49.6589],[9.4109,49.6635],[9.3979,49.6707],[9.4201,49.6902],[9.4203,49.7066],[9.4,49.7288],[9.3814,49.7252],[9.3825,49.7075],[9.3721,49.704],[9.3532,49.7074],[9.3494,49.7215],[9.3716,49.7287],[9.3417,49.7342],[9.323,49.7311],[9.3238,49.7457],[9.3156,49.7573],[9.318,49.7689],[9.351,49.769],[9.3726,49.779],[9.3915,49.7701],[9.4203,49.7885],[9.433,49.7884],[9.4463,49.773],[9.4596,49.7698],[9.4715,49.7797],[9.4665,49.8078],[9.4534,49.8108],[9.4471,49.822],[9.4516,49.8338],[9.4347,49.8447],[9.4485,49.8521],[9.4362,49.8779],[9.4227,49.8811],[9.408,49.8775],[9.3941,49.8636],[9.3667,49.8535],[9.3683,49.8329],[9.3497,49.8377],[9.3185,49.8353],[9.2993,49.8587],[9.2878,49.8647],[9.2653,49.8649],[9.2588,49.8528],[9.2454,49.8594],[9.2599,49.8705],[9.272,49.8921],[9.2799,49.8992],[9.2661,49.9278],[9.2483,49.9269],[9.2378,49.9348]]]}},{"type":"Feature","properties":{"code":"DE-09677","name":"Landkreis Main-Spessart","country":"DE","region":"Bayern"},"geometry":{"type":"Polygon","coordinates":[[[9.6232,50.229],[9.6044,50.2219],[9.5804,50.2236],[9.5763,50.2324],[9.542,50.2243],[9.5335,50.2345],[9.5183,50.2335],[9.5027,50.2432],[9.4948,50.2267],[9.5156,50.1953],[9.5015,50.193],[9.4981,50.1755],[9.5051,50.1693],[9.5282,50.1681],[9.5312,50.1608],[9.5218,50.15],[9.5076,50.1456],[9.51,50.1316],[9.5193,50.114],[9.5127,50.0994],[9.4359,50.085],[9.4131,50.0841],[9.405,50.0877],[9.3963,50.0837],[9.4025,50.0715],[9.393,50.0683],[9.3856,50.0549],[9.4064,50.0497],[9.4052,50.0234],[9.4131,50.0187],[9.4082,49.9971],[9.4304,49.991],[9.4442,49.9741],[9.4411,49.9636],[9.4487,49.9513],[9.476,49.9454],[9.4607,49.9225],[9.4287,49.9173],[9.427,49.9015],[9.4353,49.8909],[9.4227,49.8811],[9.4362,49.8779],[9.4485,49.8521],[9.4347,49.8447],[9.4516,49.8338],[9.4471,49.822],[9.4534,49.8108],[9.4665,49.8078],[9.4715,49.7797],[9.4782,49.7864],[9.4998,49.7889],[9.5131,49.7808],[9.51,49.771],[9.5214,49.7612],[9.5376,49.7676],[9.5524,49.7604],[9.5551,49.7475],[9.5689,49.7506],[9.5584,49.7651],[9.5583,49.7777],[9.5761,49.7838],[9.5811,49.778],[9.6197,49.7832],[9.6487,49.7915],[9.653,49.8042],[9.6696,49.8036],[9.68,49.8198],[9.6789,49.8345],[9.6994,49.8386],[9.7243,49.8337],[9.7383,49.8385],[9.7546,49.8602],[9.7534,49.865],[9.7801,49.8785],[9.8085,49.8796],[9.8204,49.8729],[9.8376,49.8764],[9.8386,49.8912],[9.8507,49.8951],[9.8761,49.8917],[9.9287,49.8932],[9.9202,49.9026],[9.9137,49.9342],[9.9394,49.9489],[9.9535,49.9386],[9.9885,49.9419],[10.0089,49.9373],[10.0141,49.9519],[10.0309,49.9522],[10.0423,49.971],[10.0403,49.9887],[10.0084,49.9874],[10.0068,49.9974],[10.0212,49.9972],[10.0431,50.0025],[10.0436,50.0114],[10.0344,50.0196],[10.0396,50.0338],[10.0272,50.0406],[10.005,50.0325],[9.9868,50.0376],[9.9807,50.058],[9.964,50.0547],[9.9484,50.0326],[9.9257,50.0298],[9.9126,50.0455],[9.902,50.0522],[9.8865,50.047],[9.8826,50.0378],[9.8692,50.035],[9.8349,50.0397],[9.8096,50.0466],[9.8064,50.0549],[9.8195,50.0648],[9.8166,50.0752],[9.8315,50.0847],[9.8062,50.0925],[9.799,50.1061],[9.7722,50.1316],[9.7542,50.1299],[9.7472,50.1356],[9.7465,50.151],[9.7323,50.1548],[9.7259,50.1662],[9.6999,50.1819],[9.6946,50.2089],[9.6822,50.2159],[9.6793,50.2272],[9.6427,50.2249],[9.6232,50.229]]]}},{"type":"Feature","properties":{"code":"DE-09678","name":"Landkreis Schweinfurt","country":"DE","region":"Bayern"},"geometry":{"type":"Polygon","coordinates":[[[10.4505,50.1967],[10.4432,50.201],[10.4308,50.2232],[10.3994,50.2223],[10.3915,50.2286],[10.3701,50.2292],[10.346,50.2105],[10.3288,50.2041],[10.331,50.1949],[10.3425,50.1875],[10.3406,50.1726],[10.3188,50.1721],[10.3232,50.1536],[10.2769,50.1563],[10.2586,50.1495],[10.2381,50.1559],[10.2191,50.1498],[10.1895,50.1493],[10.1502,50.1447],[10.1397,50.1146],[10.126,50.1081],[10.1117,50.1116],[10.0923,50.1054],[10.0709,50.1035],[10.0634,50.0987],[10.0456,50.1063],[10.0163,50.107],[10.0021,50.0979],[9.9894,50.0964],[9.9822,50.0845],[9.9696,50.0845],[9.9685,50.0745],[9.9571,50.0657],[9.964,50.0547],[9.9807,50.058],[9.9868,50.0376],[10.005,50.0325],[10.0272,50.0406],[10.0396,50.0338],[10.0344,50.0196],[10.0436,50.0114],[10.0431,50.0025],[10.0212,49.9972],[10.0068,49.9974],[10.0084,49.9874],[10.0403,49.9887],[10.0423,49.971],[10.0309,49.9522],[10.0427,49.9523],[10.0786,49.9319],[10.1061,49.9285],[10.1088,49.9118],[10.1205,49.9075],[10.1358,49.9093],[10.1519,49.9043],[10.1741,49.9135],[10.189,49.9038],[10.1892,49.8921],[10.211,49.8964],[10.2064,49.9063],[10.2259,49.9158],[10.2371,49.8941],[10.2486,49.8814],[10.2799,49.8922],[10.2898,49.8914],[10.2928,49.8696],[10.3196,49.8549],[10.3297,49.8559],[10.3392,49.8661],[10.3611,49.8604],[10.3907,49.8646],[10.3897,49.838],[10.4185,49.8253],[10.449,49.8222],[10.4611,49.8354],[10.4419,49.8462],[10.4493,49.8555],[10.4594,49.8788],[10.4905,49.8726],[10.5052,49.8767],[10.4937,49.8837],[10.5108,49.9083],[10.5063,49.9227],[10.5142,49.9324],[10.4796,49.9395],[10.4659,49.9521],[10.4444,49.959],[10.444,49.9784],[10.4187,49.9841],[10.3929,49.9931],[10.3896,50.0145],[10.3776,50.0144],[10.3283,50.022],[10.3203,50.0295],[10.3557,50.0346],[10.3624,50.0243],[10.3757,50.033],[10.3834,50.045],[10.3968,50.0432],[10.4072,50.0573],[10.4035,50.0641],[10.4312,50.0771],[10.4313,50.0823],[10.405,50.0856],[10.3957,50.092],[10.3801,50.0931],[10.3791,50.1027],[10.3937,50.1049],[10.4065,50.1204],[10.3956,50.1378],[10.4225,50.1554],[10.4381,50.1858],[10.4505,50.1967]],[[10.2348,50.0948],[10.2374,50.079],[10.2543,50.0878],[10.2662,50.0595],[10.2419,50.0403],[10.2436,50.0322],[10.2366,50.0156],[10.2178,50.01],[10.1952,50.015],[10.1669,50.0283],[10.1874,50.0445],[10.1872,50.0545],[10.195,50.0696],[10.2055,50.0726],[10.2241,50.0658],[10.2284,50.0764],[10.2218,50.0913],[10.2348,50.0948]]]}},{"type":"Feature","properties":{"code":"DE-09679","name":"Landkreis Würzburg","country":"DE","region":"Bayern"},"geometry":{"type":"Polygon","coordinates":[[[10.1892,49.8921],[10.189,49.9038],[10.1741,49.9135],[10.1519,49.9043],[10.1358,49.9093],[10.1205,49.9075],[10.1088,49.9118],[10.1061,49.9285],[10.0786,49.9319],[10.0427,49.9523],[10.0309,49.9522],[10.0141,49.9519],[10.0089,49.9373],[9.9885,49.9419],[9.9535,49.9386],[9.9394,49.9489],[9.9137,49.9342],[9.9202,49.9026],[9.9287,49.8932],[9.8761,49.8917],[9.8507,49.8951],[9.8386,49.8912],[9.8376,49.8764],[9.8204,49.8729],[9.8085,49.8796],[9.7801,49.8785],[9.7534,49.865],[9.7546,49.8602],[9.7383,49.8385],[9.7243,49.8337],[9.6994,49.8386],[9.6789,49.8345],[9.68,49.8198],[9.6696,49.8036],[9.653,49.8042],[9.6487,49.7915],[9.6451,49.7774],[9.6494,49.765],[9.638,49.7539],[9.639,49.7405],[9.6346,49.7187],[9.6254,49.7037],[9.6325,49.6932],[9.6505,49.6881],[9.6741,49.6967],[9.6772,49.7162],[9.6959,49.7192],[9.7097,49.7271],[9.7193,49.7019],[9.7361,49.6877],[9.7508,49.6978],[9.753,49.7101],[9.7792,49.7225],[9.7965,49.7207],[9.8318,49.7038],[9.8371,49.6832],[9.8254,49.6733],[9.8239,49.6631],[9.8301,49.6517],[9.8549,49.6415],[9.8675,49.621],[9.8704,49.6089],[9.8459,49.5979],[9.841,49.5913],[9.8485,49.5777],[9.837,49.5689],[9.8102,49.5573],[9.8522,49.5454],[9.8666,49.5575],[9.8646,49.5679],[9.8757,49.5786],[9.8935,49.5835],[9.9068,49.5777],[9.8991,49.5611],[9.9208,49.5633],[9.927,49.5495],[9.9271,49.5361],[9.917,49.5178],[9.9251,49.5087],[9.9137,49.4933],[9.9266,49.4848],[9.9546,49.4807],[9.97,49.4854],[9.992,49.4864],[10.0101,49.4832],[10.022,49.4886],[10.0335,49.5037],[10.0524,49.5107],[10.0572,49.5193],[10.04,49.529],[10.0614,49.5375],[10.0614,49.5451],[10.0837,49.5436],[10.0814,49.559],[10.0719,49.5673],[10.0758,49.5776],[10.0707,49.5884],[10.0976,49.6171],[10.1103,49.6214],[10.0843,49.633],[10.0822,49.6474],[10.0917,49.6601],[10.1043,49.661],[10.1091,49.6695],[10.1334,49.6682],[10.1277,49.6868],[10.1032,49.7021],[10.096,49.7152],[10.0658,49.7191],[10.051,49.729],[10.0508,49.7413],[10.0432,49.7496],[10.0593,49.7598],[10.0536,49.7732],[10.0611,49.7775],[10.0582,49.8051],[10.0653,49.8254],[10.0958,49.8376],[10.1221,49.8377],[10.1239,49.8487],[10.1641,49.8473],[10.1645,49.8708],[10.1683,49.8834],[10.1892,49.8921]],[[9.9221,49.8446],[9.9338,49.8353],[9.9468,49.8334],[9.9721,49.8397],[9.9901,49.8339],[9.9871,49.8269],[10.004,49.8193],[10.0055,49.8086],[10.0144,49.8021],[9.9999,49.7876],[9.9889,49.7901],[9.9761,49.7836],[9.9795,49.7749],[9.9639,49.7722],[9.9845,49.7476],[9.9856,49.737],[9.9741,49.728],[9.9858,49.7201],[9.98,49.7125],[9.9616,49.7102],[9.9393,49.7241],[9.9356,49.735],[9.9025,49.7476],[9.8876,49.7444],[9.8768,49.7531],[9.8963,49.7674],[9.8903,49.7759],[9.8964,49.789],[9.8842,49.7931],[9.8756,49.808],[9.8832,49.8206],[9.8947,49.8271],[9.9072,49.8252],[9.9096,49.8441],[9.9221,49.8446]]]}},{"type":"Feature","properties":{"code":"DE-09761","name":"Kreisfreie Stadt Augsburg","country":"DE","region":"Bayern"},"geometry":{"type":"Polygon","coordinates":[[[10.9108,48.2583],[10.922,48.2673],[10.9405,48.2672],[10.9469,48.2829],[10.9452,48.2922],[10.9548,48.3069],[10.9482,48.3151],[10.9489,48.3335],[10.9581,48.336],[10.9507,48.3634],[10.9582,48.3691],[10.9577,48.3796],[10.9459,48.3942],[10.9272,48.4246],[10.9076,48.4342],[10.9014,48.4538],[10.8841,48.4584],[10.8899,48.4346],[10.8887,48.4127],[10.8674,48.4048],[10.8475,48.4071],[10.8408,48.3855],[10.8492,48.3724],[10.8598,48.3693],[10.8507,48.3541],[10.8201,48.3421],[10.8176,48.3495],[10.7973,48.3439],[10.7907,48.3186],[10.7685,48.3132],[10.7666,48.2967],[10.7841,48.2981],[10.8043,48.291],[10.8115,48.2996],[10.865,48.2916],[10.9016,48.2941],[10.8979,48.2812],[10.9108,48.2583]]]}},{"type":"Feature","properties":{"code":"DE-09762","name":"Kreisfreie Stadt Kaufbeuren","country":"DE","region":"Bayern"},"geometry":{"type":"Polygon","coordinates":[[[10.6399,47.9066],[10.6503,47.9161],[10.6293,47.9218],[10.591,47.8967],[10.5749,47.8957],[10.5666,47.8594],[10.5762,47.8601],[10.6001,47.8495],[10.6129,47.8549],[10.6308,47.8473],[10.6427,47.8511],[10.6562,47.8428],[10.66,47.8597],[10.6531,47.8779],[10.6611,47.8836],[10.6566,47.8967],[10.6399,47.9066]]]}},{"type":"Feature","properties":{"code":"DE-09763","name":"Kreisfreie Stadt Kempten (Allgäu)","country":"DE","region":"Bayern"},"geometry":{"type":"Polygon","coordinates":[[[10.2948,47.7774],[10.28,47.7778],[10.2627,47.7728],[10.239,47.7706],[10.2342,47.7626],[10.2614,47.7509],[10.2638,47.7247],[10.2504,47.7143],[10.2802,47.6996],[10.2895,47.7011],[10.3195,47.6954],[10.3417,47.7131],[10.3684,47.7116],[10.3652,47.7286],[10.3775,47.7531],[10.3699,47.763],[10.3486,47.7688],[10.2955,47.7678],[10.2948,47.7774]]]}},{"type":"Feature","properties":{"code":"DE-09764","name":"Kreisfreie Stadt Memmingen","country":"DE","region":"Bayern"},"geometry":{"type":"Polygon","coordinates":[[[10.1101,47.9371],[10.1358,47.9297],[10.1438,47.9189],[10.1655,47.9238],[10.1895,47.9386],[10.1867,47.9526],[10.198,47.9564],[10.205,47.981],[10.1992,48.001],[10.2265,48.011],[10.2203,48.0433],[10.2023,48.041],[10.1911,48.0314],[10.169,48.0235],[10.1357,48.0238],[10.1324,48.0154],[10.1408,48.0139],[10.157,47.9976],[10.1528,47.989],[10.134,47.9846],[10.1302,47.9718],[10.145,47.9644],[10.129,47.9581],[10.1153,47.9643],[10.115,47.9763],[10.1053,47.9746],[10.0875,47.9684],[10.0876,47.9502],[10.1101,47.9371]]]}},{"type":"Feature","properties":{"code":"DE-09771","name":"Landkreis Aichach-Friedberg","country":"DE","region":"Bayern"},"geometry":{"type":"Polygon","coordinates":[[[11.2954,48.4746],[11.2586,48.4734],[11.2486,48.4859],[11.2204,48.491],[11.2101,48.5003],[11.2109,48.5136],[11.2051,48.5269],[11.1824,48.539],[11.1268,48.5535],[11.129,48.5613],[11.1553,48.5618],[11.1656,48.5794],[11.1549,48.5939],[11.135,48.5911],[11.1219,48.5968],[11.12,48.6075],[11.09,48.6018],[11.0709,48.6038],[11.0507,48.6012],[11.023,48.6202],[11.0034,48.6068],[10.9812,48.598],[10.9516,48.6016],[10.9295,48.5965],[10.9239,48.587],[10.9366,48.5698],[10.9439,48.5746],[10.9619,48.575],[10.9803,48.5594],[10.9824,48.5472],[10.9591,48.5444],[10.9411,48.5342],[10.9072,48.5401],[10.8998,48.5348],[10.8716,48.5312],[10.8647,48.5046],[10.8772,48.4842],[10.8841,48.4584],[10.9014,48.4538],[10.9076,48.4342],[10.9272,48.4246],[10.9459,48.3942],[10.9577,48.3796],[10.9582,48.3691],[10.9507,48.3634],[10.9581,48.336],[10.9489,48.3335],[10.9482,48.3151],[10.9548,48.3069],[10.9452,48.2922],[10.9469,48.2829],[10.9405,48.2672],[10.922,48.2673],[10.9108,48.2583],[10.9034,48.2367],[10.9281,48.2346],[10.9332,48.2247],[10.947,48.2197],[10.9457,48.2053],[10.961,48.1989],[10.9749,48.2081],[11.0252,48.1985],[11.0345,48.193],[11.0592,48.1961],[11.0572,48.2123],[11.0427,48.2204],[11.0402,48.236],[11.0572,48.2412],[11.0571,48.2504],[11.0666,48.2553],[11.0595,48.2716],[11.078,48.2784],[11.0962,48.2603],[11.1168,48.2685],[11.1139,48.2977],[11.1174,48.3097],[11.1282,48.3232],[11.1576,48.3233],[11.1736,48.3357],[11.1655,48.3405],[11.168,48.3667],[11.1838,48.3663],[11.197,48.3849],[11.1837,48.4128],[11.2143,48.4305],[11.2394,48.4307],[11.2456,48.4386],[11.2643,48.4444],[11.2876,48.4463],[11.3117,48.4523],[11.3013,48.4527],[11.2954,48.4746]]]}},{"type":"Feature","properties":{"code":"DE-09772","name":"Landkreis Augsburg","country":"DE","region":"Bayern"},"geometry":{"type":"Polygon","coordinates":[[[10.9239,48.587],[10.9152,48.5841],[10.898,48.5914],[10.8979,48.5985],[10.879,48.6176],[10.8839,48.6369],[10.8502,48.6346],[10.8243,48.625],[10.7794,48.6189],[10.7857,48.6082],[10.7649,48.5983],[10.7708,48.5627],[10.764,48.5565],[10.7658,48.5414],[10.7612,48.519],[10.7456,48.5098],[10.7508,48.5048],[10.7453,48.4913],[10.7269,48.4919],[10.7074,48.4852],[10.6945,48.4941],[10.6746,48.4986],[10.6388,48.4966],[10.6227,48.4993],[10.6134,48.4924],[10.5923,48.4932],[10.5845,48.4859],[10.5552,48.4748],[10.5456,48.481],[10.5284,48.4714],[10.5374,48.4361],[10.5326,48.4257],[10.5055,48.411],[10.5355,48.404],[10.5485,48.3966],[10.5258,48.3899],[10.513,48.3742],[10.521,48.3707],[10.5125,48.336],[10.5014,48.3326],[10.4948,48.3171],[10.5407,48.3105],[10.5559,48.3212],[10.5866,48.3085],[10.5832,48.2928],[10.5986,48.2776],[10.5822,48.2717],[10.5669,48.2412],[10.5575,48.2349],[10.5622,48.2197],[10.5736,48.2121],[10.5873,48.1865],[10.5491,48.1791],[10.5684,48.167],[10.6001,48.1661],[10.6094,48.16],[10.6275,48.1656],[10.6711,48.1736],[10.6847,48.1725],[10.6959,48.1641],[10.6855,48.1487],[10.7012,48.145],[10.6839,48.1309],[10.6944,48.0995],[10.7018,48.0979],[10.7342,48.1011],[10.7405,48.1107],[10.751,48.1104],[10.7665,48.0933],[10.8015,48.1042],[10.7858,48.1499],[10.8139,48.1523],[10.8303,48.1476],[10.8486,48.1475],[10.872,48.1697],[10.8771,48.1824],[10.8905,48.1911],[10.9034,48.2367],[10.9108,48.2583],[10.8979,48.2812],[10.9016,48.2941],[10.865,48.2916],[10.8115,48.2996],[10.8043,48.291],[10.7841,48.2981],[10.7666,48.2967],[10.7685,48.3132],[10.7907,48.3186],[10.7973,48.3439],[10.8176,48.3495],[10.8201,48.3421],[10.8507,48.3541],[10.8598,48.3693],[10.8492,48.3724],[10.8408,48.3855],[10.8475,48.4071],[10.8674,48.4048],[10.8887,48.4127],[10.8899,48.4346],[10.8841,48.4584],[10.8772,48.4842],[10.8647,48.5046],[10.8716,48.5312],[10.8998,48.5348],[10.9072,48.5401],[10.9411,48.5342],[10.9591,48.5444],[10.9824,48.5472],[10.9803,48.5594],[10.9619,48.575],[10.9439,48.5746],[10.9366,48.5698],[10.9239,48.587]]]}},{"type":"Feature","properties":{"code":"DE-09773","name":"Landkreis Dillingen a.d.Donau","country":"DE","region":"Bayern"},"geometry":{"type":"Polygon","coordinates":[[[10.7794,48.6189],[10.7681,48.6328],[10.7455,48.6365],[10.7473,48.6627],[10.7247,48.6553],[10.7105,48.6605],[10.6931,48.6502],[10.6628,48.6575],[10.6465,48.6738],[10.6278,48.6806],[10.6284,48.6902],[10.6449,48.6905],[10.6515,48.6985],[10.6584,48.7322],[10.6502,48.7374],[10.6141,48.738],[10.6,48.7466],[10.5765,48.7453],[10.5315,48.7517],[10.5133,48.7397],[10.5019,48.7231],[10.5059,48.7155],[10.4873,48.6967],[10.4812,48.6821],[10.465,48.6705],[10.4492,48.6652],[10.4079,48.6638],[10.4346,48.6876],[10.4089,48.6988],[10.3917,48.6856],[10.3894,48.6672],[10.3669,48.6623],[10.351,48.6547],[10.3474,48.6791],[10.3355,48.6887],[10.3175,48.6829],[10.2924,48.6926],[10.2825,48.701],[10.2687,48.7035],[10.273,48.6859],[10.2563,48.6807],[10.2624,48.6725],[10.2683,48.6466],[10.2965,48.6336],[10.2978,48.6242],[10.3231,48.6091],[10.3202,48.6039],[10.2971,48.6038],[10.2931,48.5898],[10.3091,48.5789],[10.3143,48.5556],[10.3008,48.5451],[10.3032,48.5298],[10.312,48.5229],[10.2963,48.5169],[10.2782,48.5161],[10.3059,48.4852],[10.3242,48.4796],[10.3348,48.4865],[10.3732,48.4958],[10.3873,48.4921],[10.3986,48.5076],[10.3976,48.519],[10.4253,48.5256],[10.4222,48.5162],[10.429,48.4802],[10.4456,48.4844],[10.459,48.4817],[10.4708,48.4873],[10.4898,48.4866],[10.4981,48.4764],[10.5284,48.4714],[10.5456,48.481],[10.5552,48.4748],[10.5845,48.4859],[10.5923,48.4932],[10.6134,48.4924],[10.6227,48.4993],[10.6388,48.4966],[10.6746,48.4986],[10.6945,48.4941],[10.7074,48.4852],[10.7269,48.4919],[10.7453,48.4913],[10.7508,48.5048],[10.7456,48.5098],[10.7612,48.519],[10.7658,48.5414],[10.764,48.5565],[10.7708,48.5627],[10.7649,48.5983],[10.7857,48.6082],[10.7794,48.6189]]]}},{"type":"Feature","properties":{"code":"DE-09774","name":"Landkreis Günzburg","country":"DE","region":"Bayern"},"geometry":{"type":"Polygon","coordinates":[[[10.5284,48.4714],[10.4981,48.4764],[10.4898,48.4866],[10.4708,48.4873],[10.459,48.4817],[10.4456,48.4844],[10.429,48.4802],[10.4222,48.5162],[10.4253,48.5256],[10.3976,48.519],[10.3986,48.5076],[10.3873,48.4921],[10.3732,48.4958],[10.3348,48.4865],[10.3242,48.4796],[10.3059,48.4852],[10.2782,48.5161],[10.2647,48.5198],[10.2308,48.5105],[10.2347,48.5053],[10.2375,48.5002],[10.2354,48.489],[10.2179,48.4885],[10.1847,48.4764],[10.1718,48.4578],[10.1339,48.4549],[10.1425,48.4444],[10.1674,48.4427],[10.1789,48.4462],[10.1827,48.4303],[10.1669,48.4211],[10.1725,48.4104],[10.1655,48.3886],[10.1835,48.3851],[10.1842,48.3734],[10.2002,48.3658],[10.228,48.3578],[10.2347,48.3454],[10.2734,48.3341],[10.2783,48.3037],[10.2988,48.3009],[10.2893,48.2853],[10.3025,48.2692],[10.292,48.2663],[10.2818,48.254],[10.2852,48.2435],[10.273,48.2378],[10.2714,48.2297],[10.2819,48.2226],[10.2961,48.2214],[10.2988,48.2072],[10.2891,48.198],[10.2948,48.1868],[10.336,48.1799],[10.3523,48.1738],[10.3574,48.1618],[10.3725,48.1651],[10.4,48.1819],[10.4244,48.192],[10.4355,48.1908],[10.4428,48.2077],[10.4702,48.2074],[10.4796,48.2171],[10.5042,48.218],[10.5188,48.2251],[10.5463,48.2027],[10.5601,48.2041],[10.5736,48.2121],[10.5622,48.2197],[10.5575,48.2349],[10.5669,48.2412],[10.5822,48.2717],[10.5986,48.2776],[10.5832,48.2928],[10.5866,48.3085],[10.5559,48.3212],[10.5407,48.3105],[10.4948,48.3171],[10.5014,48.3326],[10.5125,48.336],[10.521,48.3707],[10.513,48.3742],[10.5258,48.3899],[10.5485,48.3966],[10.5355,48.404],[10.5055,48.411],[10.5326,48.4257],[10.5374,48.4361],[10.5284,48.4714]]]}},{"type":"Feature","properties":{"code":"DE-09775","name":"Landkreis Neu-Ulm","country":"DE","region":"Bayern"},"geometry":{"type":"Polygon","coordinates":[[[10.1339,48.4549],[10.105,48.4775],[10.1006,48.4705],[10.0712,48.4584],[10.0327,48.4572],[10.0382,48.4445],[10.0281,48.4369],[10.0335,48.4268],[10.0188,48.4182],[10.016,48.4051],[9.9899,48.3937],[9.9849,48.3861],[9.9673,48.3744],[9.9777,48.3627],[9.9877,48.3706],[9.9995,48.3615],[9.9976,48.3501],[10.0084,48.3442],[10.0123,48.3306],[10.0259,48.3208],[10.0431,48.3004],[10.0425,48.2942],[10.0658,48.2818],[10.0624,48.2726],[10.069,48.2538],[10.0607,48.2401],[10.0783,48.2202],[10.0837,48.2096],[10.0857,48.1822],[10.0954,48.164],[10.1071,48.1321],[10.1226,48.117],[10.1365,48.1085],[10.161,48.1205],[10.1916,48.1251],[10.1964,48.1331],[10.2137,48.1447],[10.2108,48.1643],[10.218,48.1713],[10.2259,48.1919],[10.2414,48.1925],[10.2579,48.2054],[10.2545,48.218],[10.2714,48.2297],[10.273,48.2378],[10.2852,48.2435],[10.2818,48.254],[10.292,48.2663],[10.3025,48.2692],[10.2893,48.2853],[10.2988,48.3009],[10.2783,48.3037],[10.2734,48.3341],[10.2347,48.3454],[10.228,48.3578],[10.2002,48.3658],[10.1842,48.3734],[10.1835,48.3851],[10.1655,48.3886],[10.1725,48.4104],[10.1669,48.4211],[10.1827,48.4303],[10.1789,48.4462],[10.1674,48.4427],[10.1425,48.4444],[10.1339,48.4549]]]}},{"type":"Feature","properties":{"code":"DE-09776","name":"Landkreis Lindau (Bodensee)","country":"DE","region":"Bayern"},"geometry":{"type":"Polygon","coordinates":[[[10.0773,47.6393],[10.072,47.6434],[10.0752,47.6583],[10.0593,47.6806],[10.0387,47.6778],[10.0212,47.6843],[10.0019,47.682],[9.9807,47.667],[9.9754,47.6569],[9.9601,47.6525],[9.9516,47.6562],[9.9315,47.6539],[9.918,47.6604],[9.8864,47.6661],[9.8804,47.6734],[9.8615,47.6776],[9.8342,47.6733],[9.8294,47.6586],[9.8169,47.65],[9.8002,47.6505],[9.7953,47.6357],[9.7782,47.6286],[9.7549,47.614],[9.737,47.6132],[9.7269,47.6067],[9.6946,47.6047],[9.6922,47.6104],[9.6839,47.6046],[9.6714,47.6114],[9.6577,47.6117],[9.6418,47.6037],[9.6427,47.5935],[9.6263,47.5925],[9.6141,47.5812],[9.6021,47.5843],[9.6079,47.5723],[9.6272,47.5711],[9.6578,47.5564],[9.6725,47.5578],[9.6919,47.5499],[9.7127,47.5507],[9.731,47.5339],[9.7483,47.5708],[9.7666,47.5891],[9.7768,47.5952],[9.8024,47.5959],[9.8272,47.58],[9.8208,47.5707],[9.8259,47.5598],[9.8157,47.5476],[9.8535,47.5399],[9.875,47.5292],[9.8817,47.5481],[9.902,47.5442],[9.9207,47.5297],[9.944,47.537],[9.959,47.5346],[9.9678,47.5462],[9.9623,47.5619],[9.9748,47.5598],[10.0259,47.5803],[10.0362,47.5733],[10.0613,47.5814],[10.0603,47.5984],[10.0757,47.6181],[10.0728,47.6306],[10.0773,47.6393]]]}},{"type":"Feature","properties":{"code":"DE-09777","name":"Landkreis Ostallgäu","country":"DE","region":"Bayern"},"geometry":{"type":"Polygon","coordinates":[[[10.8015,48.1042],[10.7665,48.0933],[10.751,48.1104],[10.7405,48.1107],[10.7342,48.1011],[10.7018,48.0979],[10.7079,48.0599],[10.6907,48.0484],[10.6984,48.0433],[10.6985,48.0308],[10.6853,48.0318],[10.6776,48.0156],[10.6592,48.0159],[10.6608,48.0019],[10.6461,47.9906],[10.6453,47.971],[10.6219,47.9479],[10.6022,47.9603],[10.6009,47.9661],[10.5675,47.9706],[10.5662,47.9743],[10.5376,47.9844],[10.5249,47.9822],[10.518,47.9552],[10.5089,47.9383],[10.4908,47.9336],[10.4789,47.94],[10.4654,47.937],[10.4563,47.923],[10.4309,47.9214],[10.4078,47.9043],[10.3966,47.8996],[10.3841,47.9091],[10.3705,47.9257],[10.3588,47.9189],[10.3639,47.9097],[10.376,47.9045],[10.3825,47.8928],[10.3555,47.8729],[10.3413,47.876],[10.3269,47.8581],[10.3527,47.8392],[10.3744,47.807],[10.4067,47.8052],[10.4139,47.7981],[10.4355,47.7988],[10.4385,47.7719],[10.4445,47.7584],[10.4561,47.7605],[10.4698,47.7408],[10.4566,47.7285],[10.4635,47.7182],[10.4586,47.6916],[10.4979,47.6868],[10.485,47.6754],[10.5116,47.6664],[10.5033,47.6396],[10.4956,47.6326],[10.4761,47.6309],[10.4508,47.614],[10.4563,47.6022],[10.469,47.6054],[10.4726,47.587],[10.4732,47.5711],[10.4545,47.5557],[10.4727,47.5509],[10.4889,47.5404],[10.5245,47.5352],[10.5591,47.5372],[10.5734,47.5339],[10.582,47.5483],[10.5806,47.5557],[10.598,47.5697],[10.619,47.5669],[10.6354,47.559],[10.6874,47.5582],[10.6948,47.5446],[10.7183,47.5381],[10.7505,47.5373],[10.764,47.5282],[10.7638,47.5197],[10.7776,47.5139],[10.7954,47.5212],[10.828,47.5284],[10.8385,47.5255],[10.8535,47.5346],[10.8863,47.5367],[10.8805,47.5414],[10.8714,47.5628],[10.8728,47.5725],[10.8907,47.5797],[10.9093,47.5806],[10.9423,47.5973],[10.9408,47.6097],[10.9528,47.6163],[10.9352,47.6169],[10.9258,47.6302],[10.9032,47.6373],[10.9176,47.6554],[10.9152,47.6606],[10.8766,47.656],[10.848,47.6672],[10.8242,47.6571],[10.7988,47.6562],[10.7781,47.6622],[10.7905,47.6745],[10.8007,47.6935],[10.8023,47.7067],[10.8157,47.7088],[10.8288,47.7189],[10.8291,47.7278],[10.8073,47.725],[10.7939,47.7186],[10.7837,47.7065],[10.757,47.6943],[10.7468,47.6867],[10.7341,47.697],[10.7159,47.7055],[10.7314,47.7195],[10.7408,47.7678],[10.757,47.7689],[10.7743,47.7653],[10.7809,47.7807],[10.7489,47.7953],[10.7476,47.8114],[10.7644,47.8309],[10.7671,47.8438],[10.7674,47.8523],[10.7521,47.8537],[10.7535,47.8622],[10.7697,47.8656],[10.7838,47.8745],[10.7711,47.8879],[10.7859,47.9033],[10.7789,47.9062],[10.7834,47.9215],[10.773,47.93],[10.7898,47.9379],[10.7972,47.9517],[10.8065,47.9582],[10.8172,47.9824],[10.8257,47.9912],[10.8248,48.0005],[10.8118,48.0034],[10.8081,48.0204],[10.8157,48.0309],[10.7894,48.0395],[10.7758,48.0345],[10.7603,48.0345],[10.7657,48.0481],[10.784,48.0764],[10.808,48.0867],[10.8163,48.1021],[10.8015,48.1042]],[[10.6399,47.9066],[10.6566,47.8967],[10.6611,47.8836],[10.6531,47.8779],[10.66,47.8597],[10.6562,47.8428],[10.6427,47.8511],[10.6308,47.8473],[10.6129,47.8549],[10.6001,47.8495],[10.5762,47.8601],[10.5666,47.8594],[10.5749,47.8957],[10.591,47.8967],[10.6293,47.9218],[10.6503,47.9161],[10.6399,47.9066]]]}},{"type":"Feature","properties":{"code":"DE-09778","name":"Landkreis Unterallgäu","country":"DE","region":"Bayern"},"geometry":{"type":"MultiPolygon","coordinates":[[[[10.1324,48.0154],[10.1196,48.0035],[10.115,47.9763],[10.1153,47.9643],[10.129,47.9581],[10.145,47.9644],[10.1302,47.9718],[10.134,47.9846],[10.1528,47.989],[10.157,47.9976],[10.1408,48.0139],[10.1324,48.0154]]],[[[10.5736,48.2121],[10.5601,48.2041],[10.5463,48.2027],[10.5188,48.2251],[10.5042,48.218],[10.4796,48.2171],[10.4702,48.2074],[10.4428,48.2077],[10.4355,48.1908],[10.4244,48.192],[10.4,48.1819],[10.3725,48.1651],[10.3574,48.1618],[10.3523,48.1738],[10.336,48.1799],[10.2948,48.1868],[10.2891,48.198],[10.2988,48.2072],[10.2961,48.2214],[10.2819,48.2226],[10.2714,48.2297],[10.2545,48.218],[10.2579,48.2054],[10.2414,48.1925],[10.2259,48.1919],[10.218,48.1713],[10.2108,48.1643],[10.2137,48.1447],[10.1964,48.1331],[10.1916,48.1251],[10.161,48.1205],[10.1365,48.1085],[10.1377,48.0865],[10.1437,48.0744],[10.1413,48.0467],[10.1274,48.0314],[10.1357,48.0238],[10.169,48.0235],[10.1911,48.0314],[10.2023,48.041],[10.2203,48.0433],[10.2265,48.011],[10.1992,48.001],[10.205,47.981],[10.198,47.9564],[10.1867,47.9526],[10.1895,47.9386],[10.1655,47.9238],[10.1438,47.9189],[10.1358,47.9297],[10.1101,47.9371],[10.1051,47.9234],[10.1017,47.8843],[10.1048,47.8776],[10.0916,47.8674],[10.0779,47.8664],[10.0829,47.8558],[10.1043,47.8637],[10.1036,47.8518],[10.1194,47.8281],[10.1319,47.8201],[10.1533,47.8216],[10.1763,47.8364],[10.211,47.8483],[10.2211,47.8398],[10.254,47.8458],[10.25,47.8557],[10.2998,47.8614],[10.318,47.8559],[10.3269,47.8581],[10.3413,47.876],[10.3555,47.8729],[10.3825,47.8928],[10.376,47.9045],[10.3639,47.9097],[10.3588,47.9189],[10.3705,47.9257],[10.3841,47.9091],[10.3966,47.8996],[10.4078,47.9043],[10.4309,47.9214],[10.4563,47.923],[10.4654,47.937],[10.4789,47.94],[10.4908,47.9336],[10.5089,47.9383],[10.518,47.9552],[10.5249,47.9822],[10.5376,47.9844],[10.5662,47.9743],[10.5675,47.9706],[10.6009,47.9661],[10.6022,47.9603],[10.6219,47.9479],[10.6453,47.971],[10.6461,47.9906],[10.6608,48.0019],[10.6592,48.0159],[10.6776,48.0156],[10.6853,48.0318],[10.6985,48.0308],[10.6984,48.0433],[10.6907,48.0484],[10.7079,48.0599],[10.7018,48.0979],[10.6944,48.0995],[10.6839,48.1309],[10.7012,48.145],[10.6855,48.1487],[10.6959,48.1641],[10.6847,48.1725],[10.6711,48.1736],[10.6275,48.1656],[10.6094,48.16],[10.6001,48.1661],[10.5684,48.167],[10.5491,48.1791],[10.5873,48.1865],[10.5736,48.2121]]]]}},{"type":"Feature","properties":{"code":"DE-09779","name":"Landkreis Donau-Ries","country":"DE","region":"Bayern"},"geometry":{"type":"Polygon","coordinates":[[[10.6423,49.0166],[10.6281,49.0204],[10.6147,49.0147],[10.6042,49.0205],[10.5955,49.0345],[10.5557,49.0341],[10.5392,49.0218],[10.5409,49.006],[10.499,49.006],[10.4771,49.0113],[10.4243,49.004],[10.4212,48.9924],[10.4273,48.9817],[10.4098,48.9774],[10.4188,48.9686],[10.4399,48.9355],[10.4571,48.9205],[10.4438,48.9085],[10.4241,48.9029],[10.4502,48.8931],[10.447,48.8773],[10.4528,48.8519],[10.4292,48.8449],[10.431,48.8372],[10.448,48.8319],[10.447,48.8126],[10.4277,48.7916],[10.428,48.7787],[10.4168,48.7651],[10.4282,48.7559],[10.4237,48.7442],[10.4387,48.7375],[10.4434,48.7294],[10.4644,48.7347],[10.4681,48.7166],[10.4834,48.7081],[10.4873,48.6967],[10.5059,48.7155],[10.5019,48.7231],[10.5133,48.7397],[10.5315,48.7517],[10.5765,48.7453],[10.6,48.7466],[10.6141,48.738],[10.6502,48.7374],[10.6584,48.7322],[10.6515,48.6985],[10.6449,48.6905],[10.6284,48.6902],[10.6278,48.6806],[10.6465,48.6738],[10.6628,48.6575],[10.6931,48.6502],[10.7105,48.6605],[10.7247,48.6553],[10.7473,48.6627],[10.7455,48.6365],[10.7681,48.6328],[10.7794,48.6189],[10.8243,48.625],[10.8502,48.6346],[10.8839,48.6369],[10.879,48.6176],[10.8979,48.5985],[10.898,48.5914],[10.9152,48.5841],[10.9239,48.587],[10.9295,48.5965],[10.9516,48.6016],[10.9812,48.598],[11.0034,48.6068],[11.023,48.6202],[11.0385,48.6266],[11.0316,48.6391],[11.0396,48.6454],[11.0218,48.6517],[11.0024,48.6659],[10.9938,48.6859],[10.984,48.6931],[10.988,48.7021],[10.9842,48.718],[10.9997,48.7344],[10.9857,48.7462],[10.9965,48.7514],[10.9951,48.7651],[10.9704,48.7712],[10.9857,48.7884],[10.978,48.7983],[10.9612,48.8024],[11.0059,48.8219],[10.9883,48.8412],[10.9704,48.8415],[10.9618,48.8566],[10.9368,48.8633],[10.9061,48.8826],[10.8677,48.8756],[10.8533,48.8846],[10.8614,48.8931],[10.8207,48.898],[10.8079,48.9077],[10.8325,48.9149],[10.8259,48.9312],[10.8119,48.9388],[10.7882,48.94],[10.77,48.9252],[10.7389,48.9253],[10.7336,48.9125],[10.7189,48.8996],[10.7066,48.9082],[10.6886,48.9095],[10.6693,48.9225],[10.6849,48.9297],[10.6942,48.9522],[10.6663,48.9848],[10.6415,48.9813],[10.6367,48.991],[10.6423,49.0166]]]}},{"type":"Feature","properties":{"code":"DE-09780","name":"Landkreis Oberallgäu","country":"DE","region":"Bayern"},"geometry":{"type":"Polygon","coordinates":[[[10.3269,47.8581],[10.318,47.8559],[10.2998,47.8614],[10.25,47.8557],[10.254,47.8458],[10.2211,47.8398],[10.211,47.8483],[10.1763,47.8364],[10.1533,47.8216],[10.1319,47.8201],[10.1147,47.8058],[10.0647,47.7859],[10.0848,47.7766],[10.0825,47.7712],[10.1162,47.7614],[10.1184,47.7342],[10.1164,47.7193],[10.1225,47.7117],[10.1394,47.7033],[10.1283,47.6907],[10.1293,47.6761],[10.1111,47.666],[10.0932,47.6628],[10.0833,47.6555],[10.0773,47.6393],[10.0728,47.6306],[10.0757,47.6181],[10.0603,47.5984],[10.0613,47.5814],[10.0362,47.5733],[10.0259,47.5803],[9.9748,47.5598],[9.9623,47.5619],[9.9678,47.5462],[9.9654,47.5208],[9.9957,47.5029],[9.9877,47.4986],[10.0014,47.4822],[10.0227,47.484],[10.0376,47.4888],[10.0546,47.4744],[10.0536,47.4666],[10.0704,47.456],[10.0945,47.4516],[10.0946,47.4395],[10.1054,47.4287],[10.0938,47.417],[10.0736,47.4144],[10.0704,47.4079],[10.0861,47.3996],[10.0829,47.3937],[10.0998,47.3547],[10.1193,47.3757],[10.1376,47.3679],[10.1695,47.3713],[10.1692,47.3858],[10.1948,47.3893],[10.1993,47.3836],[10.2182,47.3824],[10.227,47.3888],[10.237,47.3735],[10.2042,47.3367],[10.1995,47.3266],[10.2111,47.3189],[10.2077,47.3039],[10.1895,47.2939],[10.1787,47.2957],[10.172,47.279],[10.174,47.2703],[10.2013,47.2769],[10.2222,47.2758],[10.2323,47.2705],[10.2423,47.2781],[10.2599,47.2816],[10.2688,47.2883],[10.2815,47.2875],[10.315,47.3065],[10.33,47.3047],[10.3465,47.3151],[10.3568,47.337],[10.3863,47.3562],[10.3887,47.3691],[10.3974,47.3769],[10.431,47.3838],[10.4312,47.4019],[10.4386,47.4136],[10.4554,47.4191],[10.4591,47.4282],[10.4759,47.4321],[10.4664,47.4514],[10.4702,47.4684],[10.4632,47.4828],[10.4402,47.4866],[10.4313,47.5037],[10.4406,47.5136],[10.4389,47.5235],[10.4545,47.5557],[10.4451,47.5673],[10.4296,47.5771],[10.437,47.5842],[10.4564,47.5827],[10.4726,47.587],[10.469,47.6054],[10.4563,47.6022],[10.4508,47.614],[10.4761,47.6309],[10.4956,47.6326],[10.5033,47.6396],[10.5116,47.6664],[10.485,47.6754],[10.4979,47.6868],[10.4586,47.6916],[10.4635,47.7182],[10.4566,47.7285],[10.4698,47.7408],[10.4561,47.7605],[10.4445,47.7584],[10.4385,47.7719],[10.4355,47.7988],[10.4139,47.7981],[10.4067,47.8052],[10.3744,47.807],[10.3527,47.8392],[10.3269,47.8581]],[[10.2948,47.7774],[10.2955,47.7678],[10.3486,47.7688],[10.3699,47.763],[10.3775,47.7531],[10.3652,47.7286],[10.3684,47.7116],[10.3417,47.7131],[10.3195,47.6954],[10.2895,47.7011],[10.2802,47.6996],[10.2504,47.7143],[10.2638,47.7247],[10.2614,47.7509],[10.2342,47.7626],[10.239,47.7706],[10.2627,47.7728],[10.28,47.7778],[10.2948,47.7774]]]}},{"type":"Feature","properties":{"code":"DE-10041","name":"Landkreis Regionalverband Saarbrücken","country":"DE","region":"Saarland"},"geometry":{"type":"Polygon","coordinates":[[[7.117,49.3095],[7.1085,49.314],[7.114,49.3241],[7.1098,49.3387],[7.0865,49.3468],[7.0783,49.3436],[7.0703,49.3292],[7.0605,49.3319],[7.0606,49.3426],[7.0451,49.3501],[7.0214,49.3508],[7.0224,49.3588],[6.992,49.3591],[6.9646,49.3567],[6.9586,49.3709],[6.9443,49.3777],[6.932,49.3754],[6.9037,49.3554],[6.872,49.3455],[6.8822,49.3312],[6.873,49.3257],[6.8829,49.3165],[6.8796,49.3033],[6.865,49.2875],[6.8565,49.2871],[6.8557,49.2721],[6.8251,49.2747],[6.8332,49.2585],[6.8235,49.256],[6.8106,49.2409],[6.7978,49.2398],[6.7821,49.2281],[6.767,49.2229],[6.7357,49.2265],[6.7235,49.2188],[6.7314,49.206],[6.7112,49.1883],[6.7203,49.1753],[6.7386,49.1637],[6.78,49.1684],[6.8341,49.1511],[6.8475,49.1572],[6.8444,49.1731],[6.8618,49.1788],[6.8505,49.1934],[6.8524,49.1995],[6.8363,49.2113],[6.8589,49.2228],[6.8732,49.2148],[6.8933,49.2091],[6.9115,49.2151],[6.9187,49.2227],[6.9381,49.2224],[6.9399,49.2167],[6.9596,49.2031],[6.9752,49.2095],[7.0108,49.188],[7.035,49.1914],[7.0285,49.1758],[7.0333,49.1549],[7.0468,49.1354],[7.0442,49.1202],[7.0517,49.113],[7.0666,49.1142],[7.0718,49.1243],[7.0894,49.1302],[7.0813,49.1492],[7.1011,49.156],[7.1194,49.1699],[7.107,49.1883],[7.1345,49.2116],[7.1225,49.2228],[7.1295,49.2403],[7.1082,49.2563],[7.0923,49.2469],[7.0794,49.2498],[7.0763,49.2585],[7.0627,49.2615],[7.0626,49.2714],[7.0806,49.2744],[7.0869,49.2876],[7.0828,49.2946],[7.117,49.3095]]]}},{"type":"Feature","properties":{"code":"DE-10042","name":"Landkreis Merzig-Wadern","country":"DE","region":"Saarland"},"geometry":{"type":"Polygon","coordinates":[[[6.9102,49.5017],[6.9552,49.5117],[6.953,49.5331],[6.959,49.5424],[6.9545,49.5536],[6.963,49.5594],[6.9498,49.5739],[6.9584,49.586],[6.9535,49.5946],[6.9332,49.5995],[6.905,49.5918],[6.895,49.5976],[6.8915,49.6134],[6.88,49.6062],[6.8579,49.6056],[6.846,49.5896],[6.8354,49.5829],[6.8134,49.592],[6.7982,49.5863],[6.7782,49.5702],[6.7646,49.5678],[6.748,49.5579],[6.7283,49.5589],[6.7101,49.5539],[6.7009,49.5423],[6.6842,49.5482],[6.646,49.5391],[6.636,49.5419],[6.617,49.5355],[6.6184,49.5295],[6.6036,49.518],[6.5884,49.5175],[6.5687,49.5377],[6.5386,49.5395],[6.5229,49.5283],[6.5076,49.5353],[6.4941,49.5306],[6.4767,49.5417],[6.4495,49.542],[6.4303,49.549],[6.4184,49.544],[6.3801,49.5511],[6.3579,49.533],[6.3656,49.5092],[6.369,49.4881],[6.3671,49.4695],[6.3934,49.4641],[6.4291,49.4762],[6.4405,49.4667],[6.4628,49.465],[6.4863,49.4516],[6.4994,49.4504],[6.5248,49.4354],[6.5344,49.4353],[6.557,49.4192],[6.5715,49.4181],[6.5866,49.3991],[6.5985,49.3976],[6.6426,49.4114],[6.6709,49.3895],[6.7087,49.3752],[6.7435,49.3964],[6.782,49.4042],[6.7987,49.4158],[6.7896,49.4368],[6.7976,49.4492],[6.798,49.46],[6.8124,49.4733],[6.8211,49.469],[6.8534,49.4829],[6.875,49.4797],[6.9102,49.5017]]]}},{"type":"Feature","properties":{"code":"DE-10043","name":"Landkreis Neunkirchen","country":"DE","region":"Saarland"},"geometry":{"type":"Polygon","coordinates":[[[7.2526,49.4315],[7.2241,49.4309],[7.2135,49.4394],[7.1926,49.4271],[7.1701,49.4233],[7.149,49.4161],[7.1338,49.4204],[7.1205,49.4298],[7.0815,49.4106],[7.0603,49.4092],[7.0475,49.4265],[7.0324,49.4222],[7.0102,49.4332],[6.9893,49.4368],[6.9666,49.4321],[6.9521,49.4242],[6.9334,49.4269],[6.9169,49.4137],[6.9249,49.3995],[6.9387,49.3929],[6.9443,49.3777],[6.9586,49.3709],[6.9646,49.3567],[6.992,49.3591],[7.0224,49.3588],[7.0214,49.3508],[7.0451,49.3501],[7.0606,49.3426],[7.0605,49.3319],[7.0703,49.3292],[7.0783,49.3436],[7.0865,49.3468],[7.1098,49.3387],[7.114,49.3241],[7.1085,49.314],[7.117,49.3095],[7.1403,49.3011],[7.1652,49.298],[7.1863,49.3051],[7.189,49.2894],[7.2292,49.2996],[7.2476,49.3073],[7.2394,49.3143],[7.2667,49.3232],[7.2443,49.33],[7.233,49.3407],[7.2424,49.3517],[7.2265,49.3608],[7.221,49.3694],[7.2492,49.3888],[7.2552,49.3974],[7.2836,49.402],[7.2926,49.4082],[7.2901,49.4147],[7.2728,49.4242],[7.261,49.4236],[7.2526,49.4315]]]}},{"type":"Feature","properties":{"code":"DE-10044","name":"Landkreis Saarlouis","country":"DE","region":"Saarland"},"geometry":{"type":"Polygon","coordinates":[[[6.9893,49.4368],[6.9864,49.4482],[6.9751,49.4562],[6.9681,49.4802],[6.956,49.4851],[6.9437,49.4744],[6.9251,49.4688],[6.9108,49.4807],[6.9262,49.4884],[6.9102,49.5017],[6.875,49.4797],[6.8534,49.4829],[6.8211,49.469],[6.8124,49.4733],[6.798,49.46],[6.7976,49.4492],[6.7896,49.4368],[6.7987,49.4158],[6.782,49.4042],[6.7435,49.3964],[6.7087,49.3752],[6.6709,49.3895],[6.6426,49.4114],[6.5985,49.3976],[6.5866,49.3991],[6.5715,49.4181],[6.557,49.4192],[6.5373,49.4094],[6.5408,49.4013],[6.5636,49.3881],[6.5768,49.3898],[6.5873,49.3844],[6.5831,49.3684],[6.6022,49.3671],[6.5897,49.3511],[6.5741,49.3587],[6.565,49.3494],[6.5956,49.3301],[6.5891,49.3221],[6.6048,49.3121],[6.661,49.2825],[6.6678,49.271],[6.6604,49.2612],[6.6907,49.2478],[6.6854,49.243],[6.6958,49.2153],[6.7235,49.2188],[6.7357,49.2265],[6.767,49.2229],[6.7821,49.2281],[6.7978,49.2398],[6.8106,49.2409],[6.8235,49.256],[6.8332,49.2585],[6.8251,49.2747],[6.8557,49.2721],[6.8565,49.2871],[6.865,49.2875],[6.8796,49.3033],[6.8829,49.3165],[6.873,49.3257],[6.8822,49.3312],[6.872,49.3455],[6.9037,49.3554],[6.932,49.3754],[6.9443,49.3777],[6.9387,49.3929],[6.9249,49.3995],[6.9169,49.4137],[6.9334,49.4269],[6.9521,49.4242],[6.9666,49.4321],[6.9893,49.4368]]]}},{"type":"Feature","properties":{"code":"DE-10045","name":"Landkreis Saarpfalz-Kreis","country":"DE","region":"Saarland"},"geometry":{"type":"Polygon","coordinates":[[[7.3959,49.372],[7.3664,49.3634],[7.3691,49.374],[7.3558,49.3798],[7.3294,49.3802],[7.2897,49.3933],[7.2989,49.3985],[7.2926,49.4082],[7.2836,49.402],[7.2552,49.3974],[7.2492,49.3888],[7.221,49.3694],[7.2265,49.3608],[7.2424,49.3517],[7.233,49.3407],[7.2443,49.33],[7.2667,49.3232],[7.2394,49.3143],[7.2476,49.3073],[7.2292,49.2996],[7.189,49.2894],[7.1863,49.3051],[7.1652,49.298],[7.1403,49.3011],[7.117,49.3095],[7.0828,49.2946],[7.0869,49.2876],[7.0806,49.2744],[7.0626,49.2714],[7.0627,49.2615],[7.0763,49.2585],[7.0794,49.2498],[7.0923,49.2469],[7.1082,49.2563],[7.1295,49.2403],[7.1225,49.2228],[7.1345,49.2116],[7.107,49.1883],[7.1194,49.1699],[7.1011,49.156],[7.1247,49.142],[7.1362,49.1283],[7.1558,49.1214],[7.1836,49.13],[7.1963,49.1217],[7.2451,49.1301],[7.2657,49.1227],[7.2838,49.1234],[7.2984,49.1173],[7.3155,49.1385],[7.3298,49.1448],[7.3627,49.1431],[7.3614,49.1534],[7.3688,49.1615],[7.3501,49.1628],[7.3359,49.1759],[7.3385,49.1844],[7.3203,49.1895],[7.3057,49.201],[7.2983,49.214],[7.3029,49.2233],[7.289,49.2306],[7.3035,49.2455],[7.3065,49.2561],[7.3249,49.2575],[7.3391,49.2639],[7.3415,49.2815],[7.3653,49.2781],[7.3854,49.2941],[7.3807,49.3067],[7.3945,49.3164],[7.3928,49.3283],[7.4038,49.3461],[7.3939,49.3541],[7.4021,49.3677],[7.3959,49.372]]]}},{"type":"Feature","properties":{"code":"DE-10046","name":"Landkreis St. Wendel","country":"DE","region":"Saarland"},"geometry":{"type":"Polygon","coordinates":[[[7.2766,49.5486],[7.2746,49.5611],[7.2537,49.5754],[7.2244,49.5648],[7.2134,49.5658],[7.21,49.5771],[7.1903,49.5771],[7.1728,49.588],[7.1751,49.5946],[7.1555,49.6027],[7.136,49.5967],[7.1184,49.596],[7.093,49.6036],[7.0591,49.6305],[7.028,49.6394],[7.0124,49.6284],[6.9747,49.6339],[6.9277,49.6183],[6.8915,49.6134],[6.895,49.5976],[6.905,49.5918],[6.9332,49.5995],[6.9535,49.5946],[6.9584,49.586],[6.9498,49.5739],[6.963,49.5594],[6.9545,49.5536],[6.959,49.5424],[6.953,49.5331],[6.9552,49.5117],[6.9102,49.5017],[6.9262,49.4884],[6.9108,49.4807],[6.9251,49.4688],[6.9437,49.4744],[6.956,49.4851],[6.9681,49.4802],[6.9751,49.4562],[6.9864,49.4482],[6.9893,49.4368],[7.0102,49.4332],[7.0324,49.4222],[7.0475,49.4265],[7.0603,49.4092],[7.0815,49.4106],[7.1205,49.4298],[7.1338,49.4204],[7.149,49.4161],[7.1701,49.4233],[7.1926,49.4271],[7.2135,49.4394],[7.2241,49.4309],[7.2526,49.4315],[7.2553,49.4406],[7.2464,49.4455],[7.2869,49.4577],[7.3048,49.4724],[7.2968,49.4835],[7.2795,49.4837],[7.2865,49.5009],[7.2857,49.5169],[7.2971,49.5229],[7.299,49.5314],[7.2761,49.5379],[7.2766,49.5486]]]}},{"type":"Feature","properties":{"code":"DE-11000","name":"Kreisfreie Stadt Berlin","country":"DE","region":"Berlin"},"geometry":{"type":"Polygon","coordinates":[[[13.6108,52.5442],[13.5854,52.5485],[13.5815,52.5709],[13.5676,52.5737],[13.5471,52.5879],[13.5224,52.5929],[13.5082,52.5922],[13.4985,52.6107],[13.5058,52.6258],[13.5177,52.6296],[13.5231,52.6454],[13.5128,52.6456],[13.4853,52.6591],[13.4882,52.6706],[13.4508,52.6627],[13.4735,52.654],[13.4598,52.6481],[13.4409,52.6491],[13.4244,52.6356],[13.3985,52.6482],[13.376,52.6293],[13.3579,52.6232],[13.3365,52.6227],[13.3083,52.6297],[13.3082,52.644],[13.3004,52.6535],[13.2829,52.6608],[13.2824,52.6413],[13.2684,52.6398],[13.2643,52.6269],[13.2207,52.6282],[13.2021,52.6045],[13.2178,52.5932],[13.1922,52.59],[13.1643,52.5989],[13.1335,52.587],[13.1496,52.5833],[13.153,52.5728],[13.146,52.5601],[13.1306,52.5564],[13.1197,52.531],[13.1174,52.517],[13.143,52.5197],[13.1665,52.5101],[13.1537,52.5018],[13.1175,52.474],[13.1108,52.4661],[13.1092,52.4506],[13.1232,52.4394],[13.1055,52.4253],[13.0883,52.4196],[13.0906,52.4118],[13.1085,52.4073],[13.1249,52.3969],[13.1659,52.3943],[13.1593,52.4029],[13.1956,52.4151],[13.2223,52.4204],[13.2458,52.4208],[13.2498,52.405],[13.2781,52.4065],[13.2969,52.4139],[13.3119,52.3992],[13.343,52.4077],[13.3872,52.3886],[13.3885,52.378],[13.421,52.3762],[13.4276,52.3868],[13.4188,52.4099],[13.4623,52.4206],[13.4683,52.4194],[13.4799,52.396],[13.5152,52.4014],[13.5283,52.3984],[13.5357,52.389],[13.5649,52.3883],[13.5928,52.3942],[13.6063,52.3796],[13.6279,52.3818],[13.6459,52.3652],[13.6384,52.3595],[13.638,52.3438],[13.6484,52.3382],[13.6715,52.3667],[13.6916,52.3677],[13.6997,52.3779],[13.6898,52.3833],[13.7164,52.3995],[13.7345,52.402],[13.7295,52.4174],[13.7421,52.4297],[13.7532,52.4476],[13.7291,52.4506],[13.7164,52.4622],[13.6826,52.4662],[13.667,52.4742],[13.6406,52.4795],[13.6171,52.4712],[13.615,52.4808],[13.6333,52.5118],[13.6586,52.5258],[13.6314,52.5308],[13.6108,52.5442]]]}},{"type":"Feature","properties":{"code":"DE-12051","name":"Kreisfreie Stadt Brandenburg an der Havel","country":"DE","region":"Brandenburg"},"geometry":{"type":"MultiPolygon","coordinates":[[[[12.7243,52.5405],[12.7127,52.5364],[12.7161,52.5252],[12.7243,52.5405]]],[[[12.3612,52.4428],[12.3657,52.4282],[12.3891,52.4344],[12.3882,52.4037],[12.3911,52.3889],[12.3986,52.3793],[12.3963,52.3606],[12.4124,52.3478],[12.4191,52.3115],[12.4424,52.3164],[12.4747,52.3185],[12.481,52.3265],[12.5053,52.3225],[12.5053,52.3311],[12.5194,52.3375],[12.5363,52.3535],[12.561,52.3467],[12.5936,52.3479],[12.6117,52.3929],[12.6628,52.3986],[12.6668,52.4093],[12.6835,52.4111],[12.6873,52.4184],[12.6753,52.4271],[12.6784,52.4419],[12.6576,52.4555],[12.6391,52.4506],[12.6229,52.4587],[12.5736,52.4456],[12.5731,52.464],[12.5793,52.4746],[12.5985,52.4779],[12.6048,52.4848],[12.6245,52.482],[12.6386,52.4872],[12.6548,52.4846],[12.6713,52.4966],[12.6898,52.4962],[12.6922,52.5056],[12.6662,52.5012],[12.6421,52.4906],[12.6045,52.491],[12.5945,52.4798],[12.5658,52.4753],[12.5654,52.4515],[12.5517,52.4494],[12.5175,52.453],[12.5084,52.4685],[12.4924,52.469],[12.4677,52.4499],[12.445,52.4535],[12.4481,52.431],[12.4345,52.4257],[12.4209,52.4352],[12.4211,52.449],[12.4282,52.4581],[12.4062,52.457],[12.3936,52.4481],[12.3612,52.4428]]]]}},{"type":"Feature","properties":{"code":"DE-12052","name":"Kreisfreie Stadt Cottbus","country":"DE","region":"Brandenburg"},"geometry":{"type":"Polygon","coordinates":[[[14.309,51.8641],[14.2972,51.8465],[14.3049,51.8362],[14.3072,51.8163],[14.2996,51.8092],[14.2743,51.8032],[14.2733,51.7951],[14.2878,51.7708],[14.2781,51.7642],[14.2757,51.7379],[14.2913,51.7337],[14.3102,51.7233],[14.3082,51.7066],[14.3393,51.6925],[14.3675,51.698],[14.3858,51.7125],[14.4036,51.7027],[14.4433,51.7031],[14.4506,51.7214],[14.436,51.7285],[14.4193,51.7301],[14.3953,51.7428],[14.3972,51.7522],[14.416,51.7545],[14.4498,51.7473],[14.4596,51.7484],[14.4667,51.7703],[14.4741,51.7767],[14.5013,51.7784],[14.4889,51.7991],[14.4558,51.8019],[14.4463,51.8151],[14.4231,51.8007],[14.4058,51.8005],[14.3922,51.8154],[14.3713,51.8309],[14.3937,51.8527],[14.3793,51.8545],[14.3363,51.8538],[14.309,51.8641]]]}},{"type":"Feature","properties":{"code":"DE-12053","name":"Kreisfreie Stadt Frankfurt (Oder)","country":"DE","region":"Brandenburg"},"geometry":{"type":"Polygon","coordinates":[[[14.5344,52.395],[14.5109,52.3918],[14.4769,52.3979],[14.4544,52.3982],[14.4306,52.3939],[14.4238,52.374],[14.4077,52.3538],[14.4326,52.3427],[14.4261,52.333],[14.3979,52.3079],[14.4039,52.294],[14.3948,52.2688],[14.4319,52.2707],[14.467,52.2761],[14.4783,52.271],[14.4794,52.262],[14.492,52.2528],[14.5019,52.2628],[14.5495,52.2613],[14.553,52.2705],[14.5681,52.2762],[14.6009,52.2721],[14.576,52.2884],[14.5852,52.3051],[14.5746,52.3228],[14.5609,52.3307],[14.5631,52.3381],[14.5536,52.3499],[14.5509,52.3765],[14.5344,52.395]]]}},{"type":"Feature","properties":{"code":"DE-12054","name":"Kreisfreie Stadt Potsdam","country":"DE","region":"Brandenburg"},"geometry":{"type":"Polygon","coordinates":[[[13.1537,52.5018],[13.1388,52.5025],[13.1213,52.491],[13.098,52.4942],[13.0958,52.4702],[13.0691,52.4613],[13.0468,52.4674],[13.0403,52.4804],[13.0294,52.4812],[13.0111,52.5073],[12.9956,52.51],[12.9453,52.5044],[12.9351,52.4999],[12.9315,52.4864],[12.9161,52.4808],[12.9173,52.4743],[12.8953,52.4681],[12.8935,52.4608],[12.9239,52.458],[12.9407,52.4536],[12.9494,52.441],[12.9402,52.4328],[12.934,52.4177],[12.9381,52.4083],[12.9353,52.3912],[12.9511,52.3923],[12.9614,52.3856],[12.984,52.3879],[12.9713,52.3737],[12.9822,52.3652],[12.9927,52.3666],[13.0154,52.3504],[13.0419,52.3429],[13.0557,52.3439],[13.0721,52.3541],[13.1027,52.3594],[13.1366,52.351],[13.1471,52.3615],[13.1472,52.3801],[13.1532,52.3895],[13.1659,52.3943],[13.1249,52.3969],[13.1085,52.4073],[13.0906,52.4118],[13.0883,52.4196],[13.1055,52.4253],[13.1232,52.4394],[13.1092,52.4506],[13.1108,52.4661],[13.1175,52.474],[13.1537,52.5018]]]}},{"type":"Feature","properties":{"code":"DE-12060","name":"Landkreis Barnim","country":"DE","region":"Brandenburg"},"geometry":{"type":"Polygon","coordinates":[[[14.1437,52.9614],[14.1202,52.9632],[14.0731,52.9595],[14.0721,52.9493],[14.0494,52.9502],[14.0274,52.9563],[14.0141,52.9319],[13.9904,52.9367],[13.9775,52.9487],[13.9913,52.9609],[13.9753,52.9673],[13.9597,52.9551],[13.9482,52.961],[13.9267,52.9824],[13.9124,52.9834],[13.9004,52.9731],[13.8791,52.9771],[13.8618,52.9736],[13.85,52.985],[13.824,52.9881],[13.8309,53.0204],[13.853,53.0175],[13.8604,53.0396],[13.8719,53.0405],[13.8852,53.0523],[13.8485,53.0585],[13.8172,53.0578],[13.8134,53.0461],[13.7915,53.0492],[13.7513,53.0399],[13.7341,53.0441],[13.7114,53.0349],[13.6821,53.0425],[13.6823,53.0295],[13.6656,53.0141],[13.6912,53.0116],[13.6721,53.001],[13.6269,53.0033],[13.5794,52.9921],[13.5541,52.9887],[13.5179,52.9887],[13.5134,52.9749],[13.4835,52.9634],[13.4571,52.9658],[13.4416,52.9595],[13.4296,52.9489],[13.4014,52.9385],[13.4105,52.9233],[13.412,52.9097],[13.4284,52.9064],[13.4312,52.9151],[13.4728,52.9186],[13.4728,52.9065],[13.4878,52.8999],[13.4659,52.8918],[13.4614,52.8853],[13.4747,52.878],[13.47,52.8705],[13.485,52.8528],[13.5087,52.8513],[13.5193,52.8459],[13.5054,52.8373],[13.4943,52.8138],[13.4794,52.8088],[13.422,52.8042],[13.4307,52.7895],[13.4065,52.7805],[13.4048,52.77],[13.4147,52.7512],[13.4056,52.7394],[13.4243,52.7345],[13.4188,52.7201],[13.4209,52.7085],[13.4044,52.7096],[13.4088,52.697],[13.4028,52.6919],[13.4038,52.6744],[13.4137,52.6683],[13.4006,52.6564],[13.3985,52.6482],[13.4244,52.6356],[13.4409,52.6491],[13.4598,52.6481],[13.4735,52.654],[13.4508,52.6627],[13.4882,52.6706],[13.4853,52.6591],[13.5128,52.6456],[13.5231,52.6454],[13.5177,52.6296],[13.5058,52.6258],[13.4985,52.6107],[13.5082,52.5922],[13.5224,52.5929],[13.5471,52.5879],[13.5676,52.5737],[13.5815,52.5709],[13.5854,52.5485],[13.6108,52.5442],[13.6157,52.5613],[13.6409,52.5684],[13.6582,52.564],[13.6743,52.5702],[13.6993,52.5852],[13.7171,52.5901],[13.7269,52.6016],[13.7285,52.6123],[13.7821,52.6235],[13.8335,52.6294],[13.8332,52.6372],[13.8449,52.6454],[13.8378,52.6532],[13.8489,52.6595],[13.8582,52.6846],[13.843,52.6914],[13.8154,52.6782],[13.7803,52.6669],[13.7735,52.6769],[13.7512,52.7241],[13.7371,52.7345],[13.7536,52.741],[13.7927,52.7493],[13.7996,52.7443],[13.8368,52.7553],[13.8615,52.7588],[13.8635,52.7876],[13.9039,52.7897],[13.9232,52.7945],[13.9429,52.8142],[13.9409,52.8247],[13.9751,52.8253],[13.9793,52.8463],[13.9994,52.8549],[14.0215,52.8472],[14.0482,52.8546],[14.0673,52.853],[14.0956,52.8568],[14.0944,52.8699],[14.0767,52.8732],[14.0612,52.8691],[14.0601,52.8861],[14.0726,52.8987],[14.0853,52.8926],[14.0955,52.9027],[14.1248,52.9033],[14.13,52.8894],[14.1566,52.8956],[14.1426,52.9332],[14.1388,52.9518],[14.1437,52.9614]]]}},{"type":"Feature","properties":{"code":"DE-12061","name":"Landkreis Dahme-Spreewald","country":"DE","region":"Brandenburg"},"geometry":{"type":"Polygon","coordinates":[[[13.6997,52.3779],[13.6916,52.3677],[13.6715,52.3667],[13.6484,52.3382],[13.638,52.3438],[13.6384,52.3595],[13.6459,52.3652],[13.6279,52.3818],[13.6063,52.3796],[13.5928,52.3942],[13.5649,52.3883],[13.5357,52.389],[13.5283,52.3984],[13.5152,52.4014],[13.4799,52.396],[13.4683,52.4194],[13.4623,52.4206],[13.4188,52.4099],[13.4276,52.3868],[13.421,52.3762],[13.4212,52.3648],[13.442,52.3628],[13.4418,52.3527],[13.4607,52.3408],[13.4938,52.338],[13.4952,52.3309],[13.4831,52.3223],[13.4976,52.3072],[13.487,52.2984],[13.4832,52.2862],[13.5075,52.2818],[13.5094,52.2709],[13.4897,52.2609],[13.4711,52.2619],[13.4513,52.256],[13.4604,52.2401],[13.472,52.2341],[13.4929,52.2335],[13.5009,52.2406],[13.5376,52.241],[13.5531,52.2343],[13.564,52.2188],[13.5759,52.2108],[13.581,52.1949],[13.546,52.1932],[13.5501,52.1827],[13.5445,52.1727],[13.5489,52.1528],[13.5492,52.1186],[13.5408,52.0972],[13.5531,52.0916],[13.5775,52.0904],[13.6056,52.078],[13.6288,52.0715],[13.6438,52.0612],[13.653,52.0481],[13.637,52.035],[13.6426,52.0102],[13.6227,52.0105],[13.5565,51.9982],[13.5443,51.9895],[13.5259,51.9873],[13.5156,51.9767],[13.4919,51.9656],[13.4309,51.977],[13.4148,51.9762],[13.4199,51.9619],[13.4186,51.9413],[13.4121,51.9301],[13.431,51.9249],[13.4818,51.9329],[13.4915,51.9275],[13.5193,51.9302],[13.5512,51.9213],[13.5458,51.9056],[13.5702,51.8953],[13.5528,51.8792],[13.5422,51.8786],[13.5395,51.8656],[13.5477,51.863],[13.5506,51.836],[13.5363,51.8252],[13.5554,51.8213],[13.5574,51.8091],[13.5349,51.7984],[13.5071,51.792],[13.5196,51.7823],[13.5278,51.7622],[13.5362,51.7608],[13.5492,51.746],[13.5789,51.7562],[13.5977,51.7435],[13.6092,51.741],[13.6612,51.7474],[13.6646,51.7329],[13.6949,51.727],[13.6956,51.7412],[13.7187,51.7506],[13.7292,51.7596],[13.7538,51.7542],[13.7754,51.7598],[13.7829,51.7538],[13.7825,51.735],[13.7981,51.7371],[13.8056,51.741],[13.8309,51.7417],[13.8438,51.7352],[13.8554,51.7529],[13.8306,51.7579],[13.8215,51.7738],[13.8061,51.7855],[13.8159,51.7895],[13.8381,51.7895],[13.83,51.8182],[13.8415,51.8221],[13.8542,51.8389],[13.8273,51.8575],[13.8475,51.8763],[13.8642,51.8788],[13.8637,51.8922],[13.8993,51.8926],[13.916,51.9003],[13.9372,51.9017],[13.9814,51.8999],[14.0295,51.8846],[14.0885,51.8783],[14.0981,51.8736],[14.1306,51.8723],[14.1735,51.8572],[14.181,51.8645],[14.2149,51.8694],[14.2255,51.8883],[14.2233,51.9042],[14.2523,51.9082],[14.3196,51.9354],[14.3787,51.932],[14.3932,51.9353],[14.376,51.9723],[14.3689,52.0001],[14.393,52.0081],[14.4258,52.0087],[14.4534,52.0143],[14.446,52.0264],[14.415,52.0245],[14.4026,52.0337],[14.4009,52.0528],[14.3551,52.0731],[14.3307,52.0686],[14.305,52.0562],[14.3023,52.0478],[14.2703,52.0323],[14.2417,52.04],[14.2198,52.0419],[14.214,52.0528],[14.225,52.0759],[14.2052,52.0868],[14.2041,52.074],[14.1942,52.0577],[14.1596,52.0573],[14.1288,52.0519],[14.125,52.0672],[14.114,52.072],[14.112,52.0872],[14.0895,52.0911],[14.0555,52.1055],[14.0428,52.1052],[13.999,52.1192],[13.9858,52.1212],[13.9787,52.1321],[13.9681,52.1362],[13.939,52.1378],[13.9334,52.1313],[13.9092,52.1283],[13.8712,52.1181],[13.8453,52.1217],[13.8714,52.1413],[13.8615,52.1508],[13.8562,52.1644],[13.8602,52.1724],[13.8895,52.1696],[13.8909,52.1797],[13.8564,52.1894],[13.835,52.1854],[13.8481,52.2051],[13.8418,52.2187],[13.8507,52.2251],[13.8283,52.2327],[13.8246,52.2431],[13.8338,52.247],[13.8385,52.2629],[13.8558,52.2752],[13.854,52.29],[13.8217,52.2881],[13.8395,52.3044],[13.8398,52.3141],[13.8188,52.313],[13.7784,52.3231],[13.7524,52.315],[13.7341,52.323],[13.7559,52.3518],[13.7276,52.3656],[13.741,52.3712],[13.729,52.3859],[13.7041,52.3874],[13.6997,52.3779]]]}},{"type":"Feature","properties":{"code":"DE-12062","name":"Landkreis Elbe-Elster","country":"DE","region":"Brandenburg"},"geometry":{"type":"Polygon","coordinates":[[[13.5071,51.792],[13.4807,51.7935],[13.4426,51.802],[13.4082,51.8164],[13.3917,51.8169],[13.3545,51.8325],[13.3425,51.8281],[13.3107,51.8307],[13.3037,51.8188],[13.2815,51.8265],[13.2705,51.8205],[13.248,51.8223],[13.228,51.8377],[13.2207,51.857],[13.233,51.8687],[13.2304,51.8782],[13.2023,51.8765],[13.1835,51.8861],[13.1624,51.8838],[13.163,51.8607],[13.1509,51.8596],[13.1235,51.8578],[13.1274,51.8456],[13.163,51.802],[13.158,51.7884],[13.161,51.7767],[13.1475,51.7666],[13.1605,51.7548],[13.154,51.7442],[13.1799,51.7307],[13.1871,51.7156],[13.1655,51.7176],[13.1544,51.7101],[13.1625,51.6918],[13.1545,51.6867],[13.051,51.6477],[13.0938,51.6059],[13.104,51.6165],[13.121,51.6189],[13.1345,51.6057],[13.155,51.6002],[13.1618,51.5921],[13.141,51.5712],[13.1608,51.559],[13.1856,51.5581],[13.1901,51.5396],[13.2084,51.5103],[13.2039,51.4988],[13.187,51.4868],[13.1845,51.4691],[13.2041,51.4569],[13.1934,51.4358],[13.2035,51.4294],[13.2017,51.4207],[13.2102,51.4047],[13.2173,51.3951],[13.2561,51.3921],[13.2634,51.4008],[13.2864,51.3993],[13.2855,51.4105],[13.309,51.4177],[13.3113,51.4223],[13.3583,51.434],[13.3766,51.4246],[13.3882,51.4478],[13.4021,51.4541],[13.4112,51.4403],[13.4345,51.4265],[13.468,51.4198],[13.4633,51.4118],[13.5212,51.4021],[13.5249,51.3843],[13.5508,51.3793],[13.57,51.3857],[13.5876,51.3818],[13.5987,51.3689],[13.6615,51.369],[13.6684,51.3761],[13.6828,51.3676],[13.6913,51.374],[13.7018,51.3826],[13.6988,51.396],[13.6898,51.4041],[13.7196,51.4244],[13.7174,51.4507],[13.7094,51.4595],[13.6933,51.4622],[13.6927,51.4795],[13.6804,51.4882],[13.6393,51.4998],[13.6582,51.5063],[13.654,51.5289],[13.6853,51.5286],[13.6893,51.5212],[13.713,51.5204],[13.7309,51.5269],[13.7487,51.5424],[13.7688,51.5328],[13.7967,51.5376],[13.8151,51.5486],[13.8498,51.563],[13.8755,51.5663],[13.8805,51.5769],[13.8663,51.591],[13.8796,51.6029],[13.8783,51.6106],[13.8894,51.6181],[13.8867,51.6462],[13.8655,51.6585],[13.8362,51.668],[13.8349,51.6826],[13.8263,51.6953],[13.8091,51.6952],[13.8087,51.7089],[13.7981,51.7371],[13.7825,51.735],[13.7829,51.7538],[13.7754,51.7598],[13.7538,51.7542],[13.7292,51.7596],[13.7187,51.7506],[13.6956,51.7412],[13.6949,51.727],[13.6646,51.7329],[13.6612,51.7474],[13.6092,51.741],[13.5977,51.7435],[13.5789,51.7562],[13.5492,51.746],[13.5362,51.7608],[13.5278,51.7622],[13.5196,51.7823],[13.5071,51.792]]]}},{"type":"Feature","properties":{"code":"DE-12063","name":"Landkreis Havelland","country":"DE","region":"Brandenburg"},"geometry":{"type":"Polygon","coordinates":[[[12.8288,52.6948],[12.8322,52.6831],[12.766,52.6946],[12.7405,52.7034],[12.7272,52.7198],[12.7078,52.7288],[12.7206,52.756],[12.6726,52.7696],[12.6698,52.7822],[12.6455,52.8017],[12.6145,52.7912],[12.6019,52.801],[12.5825,52.8083],[12.5483,52.8105],[12.5336,52.793],[12.5524,52.7716],[12.5461,52.7525],[12.5194,52.7528],[12.4878,52.7609],[12.4608,52.7564],[12.4007,52.7562],[12.4015,52.7667],[12.3799,52.7703],[12.4051,52.786],[12.3947,52.8022],[12.3784,52.8025],[12.3356,52.7951],[12.2955,52.8005],[12.2823,52.7963],[12.264,52.8002],[12.2492,52.7919],[12.2434,52.7868],[12.2233,52.7876],[12.2235,52.7757],[12.206,52.7604],[12.2177,52.7526],[12.2232,52.7397],[12.2094,52.7352],[12.2034,52.7233],[12.2239,52.7024],[12.2172,52.6977],[12.2394,52.6717],[12.2325,52.6536],[12.2377,52.6462],[12.2308,52.6298],[12.2035,52.6187],[12.172,52.6259],[12.1691,52.6168],[12.1734,52.5823],[12.1811,52.5752],[12.1612,52.5627],[12.1447,52.5294],[12.1739,52.5387],[12.1861,52.5275],[12.1673,52.515],[12.1713,52.5062],[12.1814,52.4997],[12.2214,52.5005],[12.2255,52.5129],[12.2361,52.5237],[12.2564,52.519],[12.2597,52.5046],[12.2691,52.5005],[12.2714,52.4875],[12.2984,52.4961],[12.3113,52.4908],[12.3083,52.4803],[12.3231,52.476],[12.3255,52.4649],[12.3172,52.4541],[12.328,52.4397],[12.3612,52.4428],[12.3936,52.4481],[12.4062,52.457],[12.4282,52.4581],[12.4393,52.4645],[12.4357,52.4757],[12.4139,52.4759],[12.4241,52.4925],[12.4165,52.5104],[12.4294,52.5144],[12.4265,52.5282],[12.4067,52.5387],[12.4261,52.5467],[12.4284,52.5539],[12.4488,52.5512],[12.4782,52.5571],[12.4957,52.5453],[12.5004,52.5373],[12.5141,52.5343],[12.5363,52.5382],[12.5471,52.5309],[12.5755,52.5269],[12.61,52.5368],[12.6512,52.5423],[12.6724,52.5371],[12.6904,52.5501],[12.7243,52.5405],[12.7161,52.5252],[12.7272,52.5226],[12.7497,52.5096],[12.7346,52.4982],[12.7547,52.4897],[12.7596,52.4811],[12.7425,52.4775],[12.7552,52.4585],[12.7631,52.4655],[12.7933,52.4628],[12.8136,52.467],[12.8181,52.4734],[12.8773,52.4532],[12.8935,52.4608],[12.8953,52.4681],[12.9173,52.4743],[12.9161,52.4808],[12.9315,52.4864],[12.9351,52.4999],[12.9453,52.5044],[12.9956,52.51],[13.0111,52.5073],[13.0294,52.4812],[13.0403,52.4804],[13.0468,52.4674],[13.0691,52.4613],[13.0958,52.4702],[13.098,52.4942],[13.1213,52.491],[13.1388,52.5025],[13.1537,52.5018],[13.1665,52.5101],[13.143,52.5197],[13.1174,52.517],[13.1197,52.531],[13.1306,52.5564],[13.146,52.5601],[13.153,52.5728],[13.1496,52.5833],[13.1335,52.587],[13.1643,52.5989],[13.1496,52.6089],[13.1601,52.6165],[13.1564,52.6284],[13.1273,52.6304],[13.1062,52.6422],[13.0904,52.6627],[13.0873,52.6793],[13.0472,52.6687],[13.0175,52.6763],[13.0227,52.6891],[12.9916,52.6925],[12.9709,52.7026],[12.9634,52.7203],[12.929,52.725],[12.9237,52.7192],[12.8717,52.7092],[12.8673,52.7042],[12.8288,52.6948]]]}},{"type":"Feature","properties":{"code":"DE-12064","name":"Landkreis Märkisch-Oderland","country":"DE","region":"Brandenburg"},"geometry":{"type":"Polygon","coordinates":[[[14.1566,52.8956],[14.13,52.8894],[14.1248,52.9033],[14.0955,52.9027],[14.0853,52.8926],[14.0726,52.8987],[14.0601,52.8861],[14.0612,52.8691],[14.0767,52.8732],[14.0944,52.8699],[14.0956,52.8568],[14.0673,52.853],[14.0482,52.8546],[14.0215,52.8472],[13.9994,52.8549],[13.9793,52.8463],[13.9751,52.8253],[13.9409,52.8247],[13.9429,52.8142],[13.9232,52.7945],[13.9039,52.7897],[13.8635,52.7876],[13.8615,52.7588],[13.8368,52.7553],[13.7996,52.7443],[13.7927,52.7493],[13.7536,52.741],[13.7371,52.7345],[13.7512,52.7241],[13.7735,52.6769],[13.7803,52.6669],[13.8154,52.6782],[13.843,52.6914],[13.8582,52.6846],[13.8489,52.6595],[13.8378,52.6532],[13.8449,52.6454],[13.8332,52.6372],[13.8335,52.6294],[13.7821,52.6235],[13.7285,52.6123],[13.7269,52.6016],[13.7171,52.5901],[13.6993,52.5852],[13.6743,52.5702],[13.6582,52.564],[13.6409,52.5684],[13.6157,52.5613],[13.6108,52.5442],[13.6314,52.5308],[13.6586,52.5258],[13.6333,52.5118],[13.615,52.4808],[13.6171,52.4712],[13.6406,52.4795],[13.667,52.4742],[13.6783,52.4941],[13.6918,52.5028],[13.711,52.5027],[13.7112,52.4934],[13.7417,52.4859],[13.7408,52.4673],[13.7688,52.4672],[13.7629,52.4588],[13.7644,52.4467],[13.805,52.4437],[13.8252,52.4401],[13.8531,52.4529],[13.8794,52.4572],[13.8869,52.4683],[13.8998,52.4741],[13.9274,52.4732],[13.9503,52.4769],[13.9641,52.4657],[13.9796,52.4681],[14.0071,52.4468],[14.0208,52.4577],[14.028,52.4708],[14.0734,52.4806],[14.0824,52.4659],[14.0769,52.4534],[14.089,52.4508],[14.0975,52.4633],[14.1121,52.4599],[14.1363,52.466],[14.1676,52.4666],[14.1828,52.4745],[14.1885,52.4987],[14.2115,52.4961],[14.2294,52.4903],[14.2498,52.4718],[14.2755,52.4626],[14.2727,52.4512],[14.2849,52.4248],[14.2814,52.4093],[14.303,52.4036],[14.3276,52.4029],[14.3159,52.3823],[14.3495,52.3741],[14.3705,52.3875],[14.4238,52.374],[14.4306,52.3939],[14.4544,52.3982],[14.4769,52.3979],[14.5109,52.3918],[14.5344,52.395],[14.5457,52.4111],[14.5455,52.4287],[14.5551,52.4374],[14.5778,52.441],[14.6101,52.4652],[14.6118,52.4744],[14.6316,52.4884],[14.6317,52.5018],[14.616,52.5081],[14.605,52.5276],[14.6185,52.5569],[14.6394,52.5689],[14.638,52.5744],[14.6137,52.5866],[14.6082,52.5996],[14.5962,52.6107],[14.572,52.6218],[14.5053,52.6434],[14.4711,52.6578],[14.4529,52.6772],[14.4313,52.6829],[14.424,52.6962],[14.3837,52.7256],[14.3735,52.7367],[14.3609,52.7406],[14.3525,52.7507],[14.3217,52.7626],[14.2804,52.7737],[14.2301,52.805],[14.2175,52.8169],[14.1524,52.8242],[14.1301,52.8283],[14.123,52.844],[14.1298,52.8527],[14.1587,52.8761],[14.1566,52.8956]]]}},{"type":"Feature","properties":{"code":"DE-12065","name":"Landkreis Oberhavel","country":"DE","region":"Brandenburg"},"geometry":{"type":"Polygon","coordinates":[[[13.2414,53.2324],[13.2294,53.2166],[13.2027,53.2221],[13.1803,53.251],[13.1522,53.2511],[13.133,53.2373],[13.1099,53.2402],[13.1033,53.2355],[13.1066,53.2152],[13.0844,53.2131],[13.0784,53.2039],[13.0424,53.1965],[13.02,53.1757],[12.9847,53.165],[13.0085,53.1441],[12.9917,53.1294],[12.9634,53.133],[12.9511,53.1206],[12.9429,53.0904],[12.964,53.0866],[12.9725,53.0728],[13.0089,53.0743],[13.0258,53.0719],[13.0233,53.0317],[13.0327,53.0241],[13.0103,53.0089],[13.0072,52.9989],[13.0269,52.9896],[13.0508,52.9905],[13.0481,52.9769],[13.0568,52.956],[13.0492,52.945],[13.0517,52.9356],[13.0467,52.9173],[13.0178,52.9059],[13.0243,52.8788],[13.0389,52.8778],[13.0392,52.8547],[13.025,52.8569],[13.0157,52.8655],[12.9752,52.8621],[12.9872,52.8438],[12.9861,52.8286],[12.98,52.8178],[12.938,52.8041],[12.9384,52.7939],[12.9218,52.7912],[12.9103,52.7722],[12.9228,52.7701],[12.9213,52.7447],[12.9098,52.7443],[12.872,52.727],[12.8788,52.7183],[12.8467,52.7055],[12.825,52.7076],[12.8288,52.6948],[12.8673,52.7042],[12.8717,52.7092],[12.9237,52.7192],[12.929,52.725],[12.9634,52.7203],[12.9709,52.7026],[12.9916,52.6925],[13.0227,52.6891],[13.0175,52.6763],[13.0472,52.6687],[13.0873,52.6793],[13.0904,52.6627],[13.1062,52.6422],[13.1273,52.6304],[13.1564,52.6284],[13.1601,52.6165],[13.1496,52.6089],[13.1643,52.5989],[13.1922,52.59],[13.2178,52.5932],[13.2021,52.6045],[13.2207,52.6282],[13.2643,52.6269],[13.2684,52.6398],[13.2824,52.6413],[13.2829,52.6608],[13.3004,52.6535],[13.3082,52.644],[13.3083,52.6297],[13.3365,52.6227],[13.3579,52.6232],[13.376,52.6293],[13.3985,52.6482],[13.4006,52.6564],[13.4137,52.6683],[13.4038,52.6744],[13.4028,52.6919],[13.4088,52.697],[13.4044,52.7096],[13.4209,52.7085],[13.4188,52.7201],[13.4243,52.7345],[13.4056,52.7394],[13.4147,52.7512],[13.4048,52.77],[13.4065,52.7805],[13.4307,52.7895],[13.422,52.8042],[13.4794,52.8088],[13.4943,52.8138],[13.5054,52.8373],[13.5193,52.8459],[13.5087,52.8513],[13.485,52.8528],[13.47,52.8705],[13.4747,52.878],[13.4614,52.8853],[13.4659,52.8918],[13.4878,52.8999],[13.4728,52.9065],[13.4728,52.9186],[13.4312,52.9151],[13.4284,52.9064],[13.412,52.9097],[13.4105,52.9233],[13.4014,52.9385],[13.4296,52.9489],[13.4416,52.9595],[13.4571,52.9658],[13.4835,52.9634],[13.5134,52.9749],[13.5179,52.9887],[13.4913,52.9872],[13.5009,52.9983],[13.4859,53.009],[13.4604,53.0084],[13.4521,53.0219],[13.441,53.0286],[13.4285,53.023],[13.4068,53.0253],[13.4028,53.0315],[13.4151,53.0529],[13.3898,53.0604],[13.3497,53.096],[13.3218,53.1024],[13.3219,53.1112],[13.2982,53.1271],[13.2878,53.14],[13.3033,53.1551],[13.294,53.1588],[13.3136,53.177],[13.284,53.1867],[13.2743,53.2029],[13.2471,53.2059],[13.2417,53.2129],[13.2503,53.2224],[13.2414,53.2324]]]}},{"type":"Feature","properties":{"code":"DE-12066","name":"Landkreis Oberspreewald-Lausitz","country":"DE","region":"Brandenburg"},"geometry":{"type":"Polygon","coordinates":[[[14.0885,51.8783],[14.0295,51.8846],[13.9814,51.8999],[13.9372,51.9017],[13.916,51.9003],[13.8993,51.8926],[13.8637,51.8922],[13.8642,51.8788],[13.8475,51.8763],[13.8273,51.8575],[13.8542,51.8389],[13.8415,51.8221],[13.83,51.8182],[13.8381,51.7895],[13.8159,51.7895],[13.8061,51.7855],[13.8215,51.7738],[13.8306,51.7579],[13.8554,51.7529],[13.8438,51.7352],[13.8309,51.7417],[13.8056,51.741],[13.7981,51.7371],[13.8087,51.7089],[13.8091,51.6952],[13.8263,51.6953],[13.8349,51.6826],[13.8362,51.668],[13.8655,51.6585],[13.8867,51.6462],[13.8894,51.6181],[13.8783,51.6106],[13.8796,51.6029],[13.8663,51.591],[13.8805,51.5769],[13.8755,51.5663],[13.8498,51.563],[13.8151,51.5486],[13.7967,51.5376],[13.7688,51.5328],[13.7487,51.5424],[13.7309,51.5269],[13.713,51.5204],[13.6893,51.5212],[13.6853,51.5286],[13.654,51.5289],[13.6582,51.5063],[13.6393,51.4998],[13.6804,51.4882],[13.6927,51.4795],[13.6933,51.4622],[13.7094,51.4595],[13.7174,51.4507],[13.7196,51.4244],[13.6898,51.4041],[13.6988,51.396],[13.7018,51.3826],[13.6913,51.374],[13.7134,51.3635],[13.7391,51.3612],[13.7532,51.3659],[13.7765,51.362],[13.7806,51.3688],[13.8088,51.3728],[13.819,51.3695],[13.8353,51.3768],[13.8354,51.382],[13.8632,51.3818],[13.8822,51.375],[13.91,51.379],[13.9562,51.3971],[13.9723,51.3938],[13.9702,51.3758],[13.9996,51.3742],[13.9974,51.3852],[14.0036,51.3956],[14.017,51.4005],[14.0368,51.4168],[14.0446,51.4188],[14.043,51.4392],[14.0628,51.4455],[14.0526,51.4525],[14.0553,51.4609],[14.033,51.4751],[14.0387,51.4799],[14.0726,51.4721],[14.0887,51.4794],[14.0738,51.4927],[14.0932,51.4973],[14.1078,51.5218],[14.1352,51.5211],[14.1297,51.5339],[14.1367,51.5433],[14.1633,51.541],[14.164,51.5604],[14.1519,51.5627],[14.146,51.5749],[14.1576,51.5917],[14.1768,51.5923],[14.1907,51.5986],[14.2021,51.613],[14.1978,51.6217],[14.1805,51.6364],[14.1666,51.6396],[14.1376,51.6362],[14.1287,51.6393],[14.1243,51.6539],[14.1126,51.6652],[14.0921,51.6743],[14.1015,51.6806],[14.1177,51.7073],[14.1366,51.7126],[14.1432,51.733],[14.111,51.7396],[14.1004,51.7542],[14.1035,51.7646],[14.1242,51.7991],[14.1156,51.803],[14.1154,51.8156],[14.1005,51.8266],[14.0825,51.8265],[14.0761,51.8319],[14.0794,51.8693],[14.0885,51.8783]]]}},{"type":"Feature","properties":{"code":"DE-12067","name":"Landkreis Oder-Spree","country":"DE","region":"Brandenburg"},"geometry":{"type":"Polygon","coordinates":[[[14.4238,52.374],[14.3705,52.3875],[14.3495,52.3741],[14.3159,52.3823],[14.3276,52.4029],[14.303,52.4036],[14.2814,52.4093],[14.2849,52.4248],[14.2727,52.4512],[14.2755,52.4626],[14.2498,52.4718],[14.2294,52.4903],[14.2115,52.4961],[14.1885,52.4987],[14.1828,52.4745],[14.1676,52.4666],[14.1363,52.466],[14.1121,52.4599],[14.0975,52.4633],[14.089,52.4508],[14.0769,52.4534],[14.0824,52.4659],[14.0734,52.4806],[14.028,52.4708],[14.0208,52.4577],[14.0071,52.4468],[13.9796,52.4681],[13.9641,52.4657],[13.9503,52.4769],[13.9274,52.4732],[13.8998,52.4741],[13.8869,52.4683],[13.8794,52.4572],[13.8531,52.4529],[13.8252,52.4401],[13.805,52.4437],[13.7644,52.4467],[13.7629,52.4588],[13.7688,52.4672],[13.7408,52.4673],[13.7417,52.4859],[13.7112,52.4934],[13.711,52.5027],[13.6918,52.5028],[13.6783,52.4941],[13.667,52.4742],[13.6826,52.4662],[13.7164,52.4622],[13.7291,52.4506],[13.7532,52.4476],[13.7421,52.4297],[13.7295,52.4174],[13.7345,52.402],[13.7164,52.3995],[13.6898,52.3833],[13.6997,52.3779],[13.7041,52.3874],[13.729,52.3859],[13.741,52.3712],[13.7276,52.3656],[13.7559,52.3518],[13.7341,52.323],[13.7524,52.315],[13.7784,52.3231],[13.8188,52.313],[13.8398,52.3141],[13.8395,52.3044],[13.8217,52.2881],[13.854,52.29],[13.8558,52.2752],[13.8385,52.2629],[13.8338,52.247],[13.8246,52.2431],[13.8283,52.2327],[13.8507,52.2251],[13.8418,52.2187],[13.8481,52.2051],[13.835,52.1854],[13.8564,52.1894],[13.8909,52.1797],[13.8895,52.1696],[13.8602,52.1724],[13.8562,52.1644],[13.8615,52.1508],[13.8714,52.1413],[13.8453,52.1217],[13.8712,52.1181],[13.9092,52.1283],[13.9334,52.1313],[13.939,52.1378],[13.9681,52.1362],[13.9787,52.1321],[13.9858,52.1212],[13.999,52.1192],[14.0428,52.1052],[14.0555,52.1055],[14.0895,52.0911],[14.112,52.0872],[14.114,52.072],[14.125,52.0672],[14.1288,52.0519],[14.1596,52.0573],[14.1942,52.0577],[14.2041,52.074],[14.2052,52.0868],[14.225,52.0759],[14.214,52.0528],[14.2198,52.0419],[14.2417,52.04],[14.2703,52.0323],[14.3023,52.0478],[14.305,52.0562],[14.3307,52.0686],[14.3551,52.0731],[14.4009,52.0528],[14.4026,52.0337],[14.415,52.0245],[14.446,52.0264],[14.4455,52.0399],[14.4645,52.047],[14.4805,52.0571],[14.4827,52.0372],[14.491,52.0309],[14.4918,52.016],[14.5008,52.0076],[14.5234,52.0105],[14.5436,52.0065],[14.5623,52.0089],[14.5628,52.0184],[14.5901,52.0342],[14.6159,52.0285],[14.651,52.0266],[14.6611,52.0108],[14.6819,52.0044],[14.6993,52.007],[14.7167,52.0012],[14.7267,52.0139],[14.7408,52.0228],[14.7497,52.0411],[14.7452,52.0538],[14.7584,52.0674],[14.7413,52.0852],[14.7243,52.0935],[14.7003,52.0981],[14.6858,52.1094],[14.6791,52.142],[14.7031,52.1643],[14.7053,52.1735],[14.6881,52.1893],[14.6885,52.1989],[14.705,52.208],[14.7117,52.2192],[14.7145,52.237],[14.6902,52.2566],[14.6465,52.2626],[14.6171,52.2715],[14.6009,52.2721],[14.5681,52.2762],[14.553,52.2705],[14.5495,52.2613],[14.5019,52.2628],[14.492,52.2528],[14.4794,52.262],[14.4783,52.271],[14.467,52.2761],[14.4319,52.2707],[14.3948,52.2688],[14.4039,52.294],[14.3979,52.3079],[14.4261,52.333],[14.4326,52.3427],[14.4077,52.3538],[14.4238,52.374]]]}},{"type":"Feature","properties":{"code":"DE-12068","name":"Landkreis Ostprignitz-Ruppin","country":"DE","region":"Brandenburg"},"geometry":{"type":"Polygon","coordinates":[[[12.9847,53.165],[12.9665,53.169],[12.9615,53.1777],[12.9794,53.1906],[12.9751,53.1981],[12.9471,53.1986],[12.9328,53.1881],[12.9253,53.196],[12.9029,53.1933],[12.8779,53.18],[12.8584,53.1885],[12.8496,53.1997],[12.8009,53.1938],[12.7803,53.1876],[12.7395,53.1996],[12.7495,53.2063],[12.7581,53.2216],[12.7227,53.2217],[12.7158,53.2245],[12.6712,53.2295],[12.6657,53.2533],[12.6549,53.2553],[12.5999,53.2477],[12.5499,53.262],[12.5298,53.2648],[12.5024,53.2622],[12.4976,53.2552],[12.4671,53.2562],[12.4453,53.2499],[12.4316,53.2626],[12.428,53.275],[12.3985,53.2801],[12.3931,53.3023],[12.3649,53.3063],[12.3318,53.318],[12.3251,53.3213],[12.3194,53.3084],[12.3025,53.3049],[12.3162,53.2884],[12.3159,53.2728],[12.3351,53.251],[12.351,53.2425],[12.3367,53.2273],[12.3117,53.2088],[12.2993,53.205],[12.3086,53.1932],[12.329,53.1897],[12.3229,53.1765],[12.3303,53.1597],[12.3075,53.1504],[12.2913,53.1377],[12.3002,53.1269],[12.2933,53.1211],[12.341,53.1037],[12.3303,53.1019],[12.3283,53.0842],[12.3077,53.0857],[12.2981,53.0787],[12.289,53.0617],[12.3014,53.0508],[12.3406,53.0246],[12.3606,53.0228],[12.3816,53.0255],[12.3828,53.0383],[12.4024,53.047],[12.4189,53.0421],[12.407,53.0302],[12.4161,53.0167],[12.4169,53.0047],[12.3782,52.9989],[12.3563,52.9917],[12.3246,52.9912],[12.3195,52.9691],[12.3062,52.9535],[12.2795,52.9559],[12.2665,52.9483],[12.2843,52.9188],[12.2462,52.913],[12.2002,52.9133],[12.19,52.9022],[12.1268,52.8902],[12.1202,52.8755],[12.1331,52.8658],[12.1237,52.8538],[12.1722,52.8647],[12.1969,52.878],[12.2023,52.8685],[12.2322,52.8608],[12.2323,52.8495],[12.2437,52.8207],[12.2575,52.8049],[12.2492,52.7919],[12.264,52.8002],[12.2823,52.7963],[12.2955,52.8005],[12.3356,52.7951],[12.3784,52.8025],[12.3947,52.8022],[12.4051,52.786],[12.3799,52.7703],[12.4015,52.7667],[12.4007,52.7562],[12.4608,52.7564],[12.4878,52.7609],[12.5194,52.7528],[12.5461,52.7525],[12.5524,52.7716],[12.5336,52.793],[12.5483,52.8105],[12.5825,52.8083],[12.6019,52.801],[12.6145,52.7912],[12.6455,52.8017],[12.6698,52.7822],[12.6726,52.7696],[12.7206,52.756],[12.7078,52.7288],[12.7272,52.7198],[12.7405,52.7034],[12.766,52.6946],[12.8322,52.6831],[12.8288,52.6948],[12.825,52.7076],[12.8467,52.7055],[12.8788,52.7183],[12.872,52.727],[12.9098,52.7443],[12.9213,52.7447],[12.9228,52.7701],[12.9103,52.7722],[12.9218,52.7912],[12.9384,52.7939],[12.938,52.8041],[12.98,52.8178],[12.9861,52.8286],[12.9872,52.8438],[12.9752,52.8621],[13.0157,52.8655],[13.025,52.8569],[13.0392,52.8547],[13.0389,52.8778],[13.0243,52.8788],[13.0178,52.9059],[13.0467,52.9173],[13.0517,52.9356],[13.0492,52.945],[13.0568,52.956],[13.0481,52.9769],[13.0508,52.9905],[13.0269,52.9896],[13.0072,52.9989],[13.0103,53.0089],[13.0327,53.0241],[13.0233,53.0317],[13.0258,53.0719],[13.0089,53.0743],[12.9725,53.0728],[12.964,53.0866],[12.9429,53.0904],[12.9511,53.1206],[12.9634,53.133],[12.9917,53.1294],[13.0085,53.1441],[12.9847,53.165]]]}},{"type":"Feature","properties":{"code":"DE-12069","name":"Landkreis Potsdam-Mittelmark","country":"DE","region":"Brandenburg"},"geometry":{"type":"Polygon","coordinates":[[[12.7243,52.5405],[12.6904,52.5501],[12.6724,52.5371],[12.6512,52.5423],[12.61,52.5368],[12.5755,52.5269],[12.5471,52.5309],[12.5363,52.5382],[12.5141,52.5343],[12.5004,52.5373],[12.4957,52.5453],[12.4782,52.5571],[12.4488,52.5512],[12.4284,52.5539],[12.4261,52.5467],[12.4067,52.5387],[12.4265,52.5282],[12.4294,52.5144],[12.4165,52.5104],[12.4241,52.4925],[12.4139,52.4759],[12.4357,52.4757],[12.4393,52.4645],[12.4282,52.4581],[12.4211,52.449],[12.4209,52.4352],[12.4345,52.4257],[12.4481,52.431],[12.445,52.4535],[12.4677,52.4499],[12.4924,52.469],[12.5084,52.4685],[12.5175,52.453],[12.5517,52.4494],[12.5654,52.4515],[12.5658,52.4753],[12.5945,52.4798],[12.6045,52.491],[12.6421,52.4906],[12.6662,52.5012],[12.6922,52.5056],[12.6898,52.4962],[12.6713,52.4966],[12.6548,52.4846],[12.6386,52.4872],[12.6245,52.482],[12.6048,52.4848],[12.5985,52.4779],[12.5793,52.4746],[12.5731,52.464],[12.5736,52.4456],[12.6229,52.4587],[12.6391,52.4506],[12.6576,52.4555],[12.6784,52.4419],[12.6753,52.4271],[12.6873,52.4184],[12.6835,52.4111],[12.6668,52.4093],[12.6628,52.3986],[12.6117,52.3929],[12.5936,52.3479],[12.561,52.3467],[12.5363,52.3535],[12.5194,52.3375],[12.5053,52.3311],[12.5053,52.3225],[12.481,52.3265],[12.4747,52.3185],[12.4424,52.3164],[12.4191,52.3115],[12.4124,52.3478],[12.3963,52.3606],[12.3986,52.3793],[12.3911,52.3889],[12.3882,52.4037],[12.3891,52.4344],[12.3657,52.4282],[12.3612,52.4428],[12.328,52.4397],[12.3172,52.4541],[12.2934,52.4235],[12.2745,52.4161],[12.3031,52.3983],[12.294,52.3819],[12.3006,52.3711],[12.2838,52.3643],[12.3081,52.3447],[12.2901,52.323],[12.2844,52.3215],[12.2628,52.2951],[12.2509,52.2726],[12.2547,52.2619],[12.2446,52.2484],[12.2615,52.2461],[12.2838,52.2345],[12.2889,52.2254],[12.2788,52.217],[12.2603,52.2165],[12.2423,52.1961],[12.2483,52.1842],[12.2286,52.186],[12.2181,52.1733],[12.234,52.1628],[12.2313,52.155],[12.2475,52.1376],[12.2632,52.1328],[12.2767,52.104],[12.3144,52.0932],[12.329,52.0696],[12.3481,52.0593],[12.3598,52.0465],[12.3761,52.0451],[12.3896,52.0436],[12.4093,52.0291],[12.4345,52.0172],[12.45,52.0162],[12.4608,52.0347],[12.4806,52.0333],[12.4837,52.0192],[12.4988,52.0089],[12.5363,52.0029],[12.5394,51.9849],[12.603,51.9811],[12.6144,51.9917],[12.6447,51.9944],[12.6542,52.0123],[12.6727,52.0118],[12.6825,52.0033],[12.7001,52.0027],[12.7314,51.9884],[12.7555,51.9864],[12.7698,51.9793],[12.7847,51.9852],[12.8158,51.9898],[12.8445,51.9975],[12.8537,52.0198],[12.8938,52.0273],[12.9045,52.0356],[12.9181,52.0326],[12.9413,52.0338],[12.9699,52.0267],[12.9677,52.0364],[12.9574,52.0423],[12.9564,52.0558],[12.9699,52.0652],[12.9717,52.0758],[12.987,52.0927],[12.9962,52.0937],[12.9752,52.1138],[12.9787,52.1232],[12.9624,52.1299],[12.9533,52.1442],[12.9735,52.1455],[12.998,52.1547],[13.0834,52.1971],[13.09,52.2103],[13.1127,52.2372],[13.1053,52.2434],[13.1252,52.2559],[13.1549,52.2695],[13.1631,52.277],[13.149,52.2951],[13.1764,52.302],[13.1616,52.311],[13.1649,52.3178],[13.2016,52.329],[13.2226,52.3238],[13.2514,52.3315],[13.254,52.348],[13.275,52.3558],[13.2903,52.3688],[13.2953,52.3806],[13.3062,52.3816],[13.3119,52.3992],[13.2969,52.4139],[13.2781,52.4065],[13.2498,52.405],[13.2458,52.4208],[13.2223,52.4204],[13.1956,52.4151],[13.1593,52.4029],[13.1659,52.3943],[13.1532,52.3895],[13.1472,52.3801],[13.1471,52.3615],[13.1366,52.351],[13.1027,52.3594],[13.0721,52.3541],[13.0557,52.3439],[13.0419,52.3429],[13.0154,52.3504],[12.9927,52.3666],[12.9822,52.3652],[12.9713,52.3737],[12.984,52.3879],[12.9614,52.3856],[12.9511,52.3923],[12.9353,52.3912],[12.9381,52.4083],[12.934,52.4177],[12.9402,52.4328],[12.9494,52.441],[12.9407,52.4536],[12.9239,52.458],[12.8935,52.4608],[12.8773,52.4532],[12.8181,52.4734],[12.8136,52.467],[12.7933,52.4628],[12.7631,52.4655],[12.7552,52.4585],[12.7425,52.4775],[12.7596,52.4811],[12.7547,52.4897],[12.7346,52.4982],[12.7497,52.5096],[12.7272,52.5226],[12.7161,52.5252],[12.7127,52.5364],[12.7243,52.5405]]]}},{"type":"Feature","properties":{"code":"DE-12070","name":"Landkreis Prignitz","country":"DE","region":"Brandenburg"},"geometry":{"type":"Polygon","coordinates":[[[12.3251,53.3213],[12.3108,53.3272],[12.2814,53.3277],[12.2718,53.3241],[12.2453,53.333],[12.235,53.3439],[12.2294,53.3582],[12.2122,53.3532],[12.1911,53.354],[12.1868,53.3433],[12.1686,53.3391],[12.1413,53.3591],[12.1347,53.3486],[12.1085,53.3499],[12.1092,53.3438],[12.0821,53.3463],[12.0775,53.3694],[12.0558,53.3704],[12.0515,53.3602],[12.0564,53.3497],[12.0166,53.3328],[12.0236,53.3041],[11.9971,53.2939],[11.9739,53.2992],[11.9542,53.2738],[11.9047,53.2746],[11.8927,53.2728],[11.8596,53.2492],[11.8167,53.2542],[11.8172,53.2453],[11.8319,53.2346],[11.8289,53.2287],[11.7945,53.2262],[11.7691,53.2275],[11.7405,53.2182],[11.7276,53.2193],[11.7264,53.232],[11.7074,53.2342],[11.691,53.2418],[11.6614,53.2432],[11.6392,53.2387],[11.6292,53.2422],[11.6174,53.2312],[11.604,53.2276],[11.5903,53.2165],[11.5616,53.2124],[11.5567,53.1942],[11.5671,53.1825],[11.5686,53.1709],[11.5555,53.1531],[11.556,53.1388],[11.5346,53.1253],[11.4841,53.129],[11.4594,53.1403],[11.4387,53.1367],[11.4195,53.1402],[11.3918,53.1297],[11.3987,53.1165],[11.3939,53.1118],[11.3709,53.1116],[11.359,53.1163],[11.3376,53.1138],[11.324,53.1193],[11.2904,53.1169],[11.2657,53.122],[11.2678,53.1042],[11.2877,53.0868],[11.3098,53.0779],[11.3313,53.0587],[11.3531,53.0547],[11.4026,53.0724],[11.4521,53.078],[11.471,53.0701],[11.5021,53.0501],[11.5206,53.0469],[11.5458,53.0526],[11.5653,53.041],[11.5978,53.0359],[11.6307,53.0416],[11.6415,53.0329],[11.6252,53.0146],[11.6447,53.0055],[11.6677,53.0097],[11.6796,53.0067],[11.6827,52.9872],[11.7026,52.9778],[11.732,52.9886],[11.7533,52.9863],[11.7665,52.9799],[11.7863,52.961],[11.8289,52.9573],[11.8473,52.9506],[11.8468,52.9399],[11.8295,52.9306],[11.8227,52.9205],[11.8422,52.9091],[11.8682,52.9095],[11.8973,52.8934],[11.9467,52.8885],[11.9796,52.8762],[12.006,52.8872],[12.0609,52.8882],[12.0773,52.8861],[12.0837,52.8764],[12.1126,52.8757],[12.1268,52.8902],[12.19,52.9022],[12.2002,52.9133],[12.2462,52.913],[12.2843,52.9188],[12.2665,52.9483],[12.2795,52.9559],[12.3062,52.9535],[12.3195,52.9691],[12.3246,52.9912],[12.3563,52.9917],[12.3782,52.9989],[12.4169,53.0047],[12.4161,53.0167],[12.407,53.0302],[12.4189,53.0421],[12.4024,53.047],[12.3828,53.0383],[12.3816,53.0255],[12.3606,53.0228],[12.3406,53.0246],[12.3014,53.0508],[12.289,53.0617],[12.2981,53.0787],[12.3077,53.0857],[12.3283,53.0842],[12.3303,53.1019],[12.341,53.1037],[12.2933,53.1211],[12.3002,53.1269],[12.2913,53.1377],[12.3075,53.1504],[12.3303,53.1597],[12.3229,53.1765],[12.329,53.1897],[12.3086,53.1932],[12.2993,53.205],[12.3117,53.2088],[12.3367,53.2273],[12.351,53.2425],[12.3351,53.251],[12.3159,53.2728],[12.3162,53.2884],[12.3025,53.3049],[12.3194,53.3084],[12.3251,53.3213]]]}},{"type":"Feature","properties":{"code":"DE-12071","name":"Landkreis Spree-Neiße","country":"DE","region":"Brandenburg"},"geometry":{"type":"Polygon","coordinates":[[[14.7167,52.0012],[14.6993,52.007],[14.6819,52.0044],[14.6611,52.0108],[14.651,52.0266],[14.6159,52.0285],[14.5901,52.0342],[14.5628,52.0184],[14.5623,52.0089],[14.5436,52.0065],[14.5234,52.0105],[14.5008,52.0076],[14.4918,52.016],[14.491,52.0309],[14.4827,52.0372],[14.4805,52.0571],[14.4645,52.047],[14.4455,52.0399],[14.446,52.0264],[14.4534,52.0143],[14.4258,52.0087],[14.393,52.0081],[14.3689,52.0001],[14.376,51.9723],[14.3932,51.9353],[14.3787,51.932],[14.3196,51.9354],[14.2523,51.9082],[14.2233,51.9042],[14.2255,51.8883],[14.2149,51.8694],[14.181,51.8645],[14.1735,51.8572],[14.1306,51.8723],[14.0981,51.8736],[14.0885,51.8783],[14.0794,51.8693],[14.0761,51.8319],[14.0825,51.8265],[14.1005,51.8266],[14.1154,51.8156],[14.1156,51.803],[14.1242,51.7991],[14.1035,51.7646],[14.1004,51.7542],[14.111,51.7396],[14.1432,51.733],[14.1366,51.7126],[14.1177,51.7073],[14.1015,51.6806],[14.0921,51.6743],[14.1126,51.6652],[14.1243,51.6539],[14.1287,51.6393],[14.1376,51.6362],[14.1666,51.6396],[14.1805,51.6364],[14.1978,51.6217],[14.2021,51.613],[14.1907,51.5986],[14.1768,51.5923],[14.1576,51.5917],[14.146,51.5749],[14.1519,51.5627],[14.164,51.5604],[14.1633,51.541],[14.1989,51.5386],[14.213,51.5398],[14.2289,51.5328],[14.274,51.5321],[14.2931,51.5251],[14.3242,51.5183],[14.3274,51.5074],[14.3381,51.5059],[14.3433,51.5182],[14.3537,51.5208],[14.3861,51.5408],[14.4094,51.5372],[14.4413,51.5446],[14.4478,51.5421],[14.4506,51.5556],[14.4999,51.5594],[14.5155,51.5542],[14.5475,51.5636],[14.5444,51.5736],[14.5606,51.5735],[14.5696,51.5812],[14.599,51.5717],[14.6099,51.5501],[14.6558,51.5543],[14.674,51.5506],[14.6886,51.5594],[14.6958,51.5746],[14.7055,51.5773],[14.6966,51.5967],[14.7076,51.5973],[14.7299,51.5818],[14.7421,51.593],[14.762,51.6034],[14.7656,51.6117],[14.7541,51.6268],[14.7577,51.6602],[14.736,51.6888],[14.7245,51.6905],[14.6909,51.7083],[14.6761,51.7236],[14.6681,51.7258],[14.6566,51.7405],[14.6636,51.756],[14.6508,51.7613],[14.6551,51.7736],[14.6463,51.7943],[14.6347,51.8006],[14.6082,51.8035],[14.591,51.8199],[14.5906,51.8387],[14.6059,51.8426],[14.6116,51.8574],[14.623,51.8578],[14.6526,51.8744],[14.6557,51.8847],[14.6734,51.8895],[14.6945,51.9025],[14.6913,51.9081],[14.7054,51.9242],[14.7034,51.9308],[14.7196,51.9429],[14.7208,51.953],[14.7072,51.9657],[14.7213,51.9962],[14.7167,52.0012]],[[14.309,51.8641],[14.3363,51.8538],[14.3793,51.8545],[14.3937,51.8527],[14.3713,51.8309],[14.3922,51.8154],[14.4058,51.8005],[14.4231,51.8007],[14.4463,51.8151],[14.4558,51.8019],[14.4889,51.7991],[14.5013,51.7784],[14.4741,51.7767],[14.4667,51.7703],[14.4596,51.7484],[14.4498,51.7473],[14.416,51.7545],[14.3972,51.7522],[14.3953,51.7428],[14.4193,51.7301],[14.436,51.7285],[14.4506,51.7214],[14.4433,51.7031],[14.4036,51.7027],[14.3858,51.7125],[14.3675,51.698],[14.3393,51.6925],[14.3082,51.7066],[14.3102,51.7233],[14.2913,51.7337],[14.2757,51.7379],[14.2781,51.7642],[14.2878,51.7708],[14.2733,51.7951],[14.2743,51.8032],[14.2996,51.8092],[14.3072,51.8163],[14.3049,51.8362],[14.2972,51.8465],[14.309,51.8641]]]}},{"type":"Feature","properties":{"code":"DE-12072","name":"Landkreis Teltow-Fläming","country":"DE","region":"Brandenburg"},"geometry":{"type":"Polygon","coordinates":[[[13.421,52.3762],[13.3885,52.378],[13.3872,52.3886],[13.343,52.4077],[13.3119,52.3992],[13.3062,52.3816],[13.2953,52.3806],[13.2903,52.3688],[13.275,52.3558],[13.254,52.348],[13.2514,52.3315],[13.2226,52.3238],[13.2016,52.329],[13.1649,52.3178],[13.1616,52.311],[13.1764,52.302],[13.149,52.2951],[13.1631,52.277],[13.1549,52.2695],[13.1252,52.2559],[13.1053,52.2434],[13.1127,52.2372],[13.09,52.2103],[13.0834,52.1971],[12.998,52.1547],[12.9735,52.1455],[12.9533,52.1442],[12.9624,52.1299],[12.9787,52.1232],[12.9752,52.1138],[12.9962,52.0937],[12.987,52.0927],[12.9717,52.0758],[12.9699,52.0652],[12.9564,52.0558],[12.9574,52.0423],[12.9677,52.0364],[12.9699,52.0267],[12.9413,52.0338],[12.9181,52.0326],[12.9045,52.0356],[12.8938,52.0273],[12.8537,52.0198],[12.8445,51.9975],[12.8158,51.9898],[12.7847,51.9852],[12.7698,51.9793],[12.776,51.9651],[12.7941,51.9623],[12.8228,51.9636],[12.8442,51.9677],[12.8503,51.9587],[12.8527,51.935],[12.8882,51.9348],[12.8904,51.9284],[12.9175,51.9327],[12.9184,51.9394],[12.9606,51.9349],[12.956,51.9227],[12.9765,51.9199],[12.9727,51.9009],[12.9861,51.9041],[13.0228,51.9032],[13.0454,51.9005],[13.0376,51.8909],[13.0392,51.8709],[13.0805,51.8675],[13.119,51.8765],[13.1323,51.8825],[13.1496,51.8723],[13.1509,51.8596],[13.163,51.8607],[13.1624,51.8838],[13.1835,51.8861],[13.2023,51.8765],[13.2304,51.8782],[13.233,51.8687],[13.2207,51.857],[13.228,51.8377],[13.248,51.8223],[13.2705,51.8205],[13.2815,51.8265],[13.3037,51.8188],[13.3107,51.8307],[13.3425,51.8281],[13.3545,51.8325],[13.3917,51.8169],[13.4082,51.8164],[13.4426,51.802],[13.4807,51.7935],[13.5071,51.792],[13.5349,51.7984],[13.5574,51.8091],[13.5554,51.8213],[13.5363,51.8252],[13.5506,51.836],[13.5477,51.863],[13.5395,51.8656],[13.5422,51.8786],[13.5528,51.8792],[13.5702,51.8953],[13.5458,51.9056],[13.5512,51.9213],[13.5193,51.9302],[13.4915,51.9275],[13.4818,51.9329],[13.431,51.9249],[13.4121,51.9301],[13.4186,51.9413],[13.4199,51.9619],[13.4148,51.9762],[13.4309,51.977],[13.4919,51.9656],[13.5156,51.9767],[13.5259,51.9873],[13.5443,51.9895],[13.5565,51.9982],[13.6227,52.0105],[13.6426,52.0102],[13.637,52.035],[13.653,52.0481],[13.6438,52.0612],[13.6288,52.0715],[13.6056,52.078],[13.5775,52.0904],[13.5531,52.0916],[13.5408,52.0972],[13.5492,52.1186],[13.5489,52.1528],[13.5445,52.1727],[13.5501,52.1827],[13.546,52.1932],[13.581,52.1949],[13.5759,52.2108],[13.564,52.2188],[13.5531,52.2343],[13.5376,52.241],[13.5009,52.2406],[13.4929,52.2335],[13.472,52.2341],[13.4604,52.2401],[13.4513,52.256],[13.4711,52.2619],[13.4897,52.2609],[13.5094,52.2709],[13.5075,52.2818],[13.4832,52.2862],[13.487,52.2984],[13.4976,52.3072],[13.4831,52.3223],[13.4952,52.3309],[13.4938,52.338],[13.4607,52.3408],[13.4418,52.3527],[13.442,52.3628],[13.4212,52.3648],[13.421,52.3762]]]}},{"type":"Feature","properties":{"code":"DE-12073","name":"Landkreis Uckermark","country":"DE","region":"Brandenburg"},"geometry":{"type":"Polygon","coordinates":[[[14.4124,53.3296],[14.3992,53.3298],[14.3811,53.3235],[14.3766,53.3163],[14.3487,53.31],[14.3166,53.3123],[14.313,53.302],[14.2935,53.2839],[14.2622,53.2766],[14.266,53.2596],[14.2111,53.2548],[14.2002,53.2618],[14.176,53.2621],[14.1602,53.2678],[14.1248,53.2602],[14.0988,53.2617],[14.1036,53.2749],[14.1141,53.2859],[14.1429,53.3046],[14.1821,53.3264],[14.2093,53.3456],[14.2329,53.3715],[14.2436,53.395],[14.2374,53.4147],[14.2417,53.4221],[14.2247,53.4342],[14.204,53.4235],[14.171,53.4248],[14.1368,53.441],[14.1218,53.4417],[14.1054,53.4224],[14.0823,53.4156],[14.0506,53.414],[14.0456,53.4294],[14.0066,53.4304],[14.0012,53.435],[13.9465,53.4308],[13.9181,53.4218],[13.9029,53.432],[13.9175,53.4465],[13.9182,53.456],[13.8756,53.4735],[13.8846,53.4853],[13.8739,53.4906],[13.8793,53.5041],[13.8239,53.5211],[13.7982,53.5464],[13.7842,53.5518],[13.7764,53.5313],[13.7777,53.5137],[13.7925,53.5109],[13.8076,53.5017],[13.8271,53.4987],[13.8126,53.4846],[13.7941,53.4762],[13.755,53.4778],[13.7154,53.4823],[13.7101,53.4791],[13.703,53.4736],[13.6632,53.4581],[13.6488,53.4456],[13.6405,53.4472],[13.6288,53.432],[13.636,53.4235],[13.6252,53.4093],[13.6065,53.4113],[13.5736,53.4081],[13.5501,53.3991],[13.5561,53.3867],[13.5434,53.364],[13.526,53.3663],[13.5169,53.3521],[13.5235,53.3201],[13.5073,53.318],[13.4973,53.3022],[13.4856,53.292],[13.4613,53.2887],[13.4562,53.298],[13.4396,53.2997],[13.4209,53.2696],[13.4077,53.2599],[13.4039,53.246],[13.3865,53.2441],[13.3605,53.278],[13.3371,53.2734],[13.2978,53.2809],[13.2479,53.2568],[13.2414,53.2324],[13.2503,53.2224],[13.2417,53.2129],[13.2471,53.2059],[13.2743,53.2029],[13.284,53.1867],[13.3136,53.177],[13.294,53.1588],[13.3033,53.1551],[13.2878,53.14],[13.2982,53.1271],[13.3219,53.1112],[13.3218,53.1024],[13.3497,53.096],[13.3898,53.0604],[13.4151,53.0529],[13.4028,53.0315],[13.4068,53.0253],[13.4285,53.023],[13.441,53.0286],[13.4521,53.0219],[13.4604,53.0084],[13.4859,53.009],[13.5009,52.9983],[13.4913,52.9872],[13.5179,52.9887],[13.5541,52.9887],[13.5794,52.9921],[13.6269,53.0033],[13.6721,53.001],[13.6912,53.0116],[13.6656,53.0141],[13.6823,53.0295],[13.6821,53.0425],[13.7114,53.0349],[13.7341,53.0441],[13.7513,53.0399],[13.7915,53.0492],[13.8134,53.0461],[13.8172,53.0578],[13.8485,53.0585],[13.8852,53.0523],[13.8719,53.0405],[13.8604,53.0396],[13.853,53.0175],[13.8309,53.0204],[13.824,52.9881],[13.85,52.985],[13.8618,52.9736],[13.8791,52.9771],[13.9004,52.9731],[13.9124,52.9834],[13.9267,52.9824],[13.9482,52.961],[13.9597,52.9551],[13.9753,52.9673],[13.9913,52.9609],[13.9775,52.9487],[13.9904,52.9367],[14.0141,52.9319],[14.0274,52.9563],[14.0494,52.9502],[14.0721,52.9493],[14.0731,52.9595],[14.1202,52.9632],[14.1437,52.9614],[14.1622,52.9653],[14.1679,52.9727],[14.2094,52.9882],[14.2356,52.9932],[14.2916,53.02],[14.3123,53.0355],[14.338,53.0466],[14.3524,53.0589],[14.3662,53.0794],[14.3702,53.1046],[14.3783,53.1116],[14.3832,53.137],[14.3877,53.143],[14.3737,53.1543],[14.3663,53.172],[14.3773,53.2017],[14.4059,53.2108],[14.4085,53.2232],[14.4337,53.2421],[14.4496,53.2594],[14.4443,53.2724],[14.4212,53.2761],[14.415,53.3019],[14.4068,53.3087],[14.4155,53.3243],[14.4124,53.3296]]]}},{"type":"Feature","properties":{"code":"DE-13003","name":"Kreisfreie Stadt Rostock","country":"DE","region":"Mecklenburg-Vorpommern"},"geometry":{"type":"Polygon","coordinates":[[[11.9985,54.175],[12.035,54.1631],[12.0236,54.1523],[12.0372,54.1379],[12.0313,54.1346],[12.0384,54.1128],[12.0545,54.1031],[12.0475,54.0917],[12.0642,54.0813],[12.0636,54.0643],[12.0797,54.0519],[12.1375,54.0594],[12.1582,54.0688],[12.1912,54.0692],[12.2006,54.0797],[12.2038,54.0957],[12.1914,54.1083],[12.1719,54.1174],[12.1726,54.1289],[12.1838,54.1347],[12.19,54.1479],[12.182,54.166],[12.1963,54.167],[12.2039,54.1821],[12.258,54.1828],[12.2937,54.1971],[12.2636,54.2151],[12.268,54.2403],[12.2011,54.2447],[12.1749,54.2291],[12.1513,54.2039],[12.1282,54.1864],[12.1231,54.1777],[12.1432,54.1742],[12.1376,54.1598],[12.1102,54.1593],[12.097,54.1519],[12.0964,54.1366],[12.102,54.1111],[12.0907,54.1109],[12.0859,54.1232],[12.0906,54.1312],[12.0839,54.1445],[12.0926,54.1538],[12.0963,54.1703],[12.0868,54.1851],[12.0716,54.1793],[12.0393,54.1764],[12.0121,54.1784],[11.9985,54.175]]]}},{"type":"Feature","properties":{"code":"DE-13004","name":"Kreisfreie Stadt Schwerin","country":"DE","region":"Mecklenburg-Vorpommern"},"geometry":{"type":"Polygon","coordinates":[[[11.4495,53.6807],[11.4362,53.6853],[11.4117,53.6868],[11.4084,53.6794],[11.3901,53.6756],[11.3731,53.6792],[11.3584,53.6733],[11.3425,53.6767],[11.3217,53.6715],[11.3016,53.6524],[11.3282,53.6451],[11.3389,53.6331],[11.3586,53.6227],[11.3662,53.6087],[11.3581,53.5944],[11.3804,53.5778],[11.3676,53.5565],[11.4231,53.5496],[11.4245,53.5453],[11.4618,53.5501],[11.4806,53.5625],[11.4515,53.5704],[11.4756,53.5837],[11.4877,53.5798],[11.4919,53.595],[11.5054,53.6062],[11.5044,53.6208],[11.4857,53.6335],[11.4857,53.6665],[11.4714,53.6842],[11.4495,53.6807]]]}},{"type":"Feature","properties":{"code":"DE-13071","name":"Landkreis Mecklenburgische Seenplatte","country":"DE","region":"Mecklenburg-Vorpommern"},"geometry":{"type":"Polygon","coordinates":[[[12.9869,54.0038],[12.9588,54.0041],[12.9376,53.9942],[12.9131,53.9911],[12.9086,53.9832],[12.8568,53.9758],[12.8414,53.9885],[12.8086,54.0049],[12.816,53.9881],[12.7899,53.9612],[12.8068,53.9427],[12.8122,53.9307],[12.7847,53.9228],[12.7652,53.8983],[12.7838,53.8933],[12.7772,53.8866],[12.7903,53.8774],[12.7753,53.8654],[12.7527,53.8603],[12.7564,53.8448],[12.7476,53.8234],[12.7345,53.8173],[12.7037,53.8145],[12.7031,53.7869],[12.6988,53.7743],[12.683,53.7685],[12.6463,53.7721],[12.6464,53.754],[12.6294,53.7536],[12.6275,53.726],[12.6391,53.7159],[12.625,53.6987],[12.6235,53.6909],[12.6346,53.675],[12.6578,53.6623],[12.6267,53.641],[12.6112,53.6425],[12.5927,53.6528],[12.5639,53.6529],[12.558,53.66],[12.5318,53.6583],[12.5125,53.6534],[12.5039,53.6578],[12.5022,53.6776],[12.4874,53.6903],[12.4535,53.6758],[12.4641,53.6671],[12.4605,53.66],[12.4344,53.673],[12.3977,53.6668],[12.4031,53.6553],[12.4174,53.6471],[12.4072,53.6253],[12.4112,53.6098],[12.3984,53.6026],[12.4163,53.5841],[12.4107,53.5751],[12.3721,53.5765],[12.3764,53.5852],[12.3395,53.5857],[12.3056,53.5677],[12.3046,53.5539],[12.2929,53.5203],[12.3007,53.4985],[12.3182,53.4933],[12.3252,53.4807],[12.3626,53.4793],[12.348,53.4718],[12.3432,53.4605],[12.3079,53.447],[12.3108,53.4372],[12.3006,53.426],[12.3061,53.415],[12.3076,53.3939],[12.2751,53.3788],[12.2999,53.3628],[12.2898,53.3547],[12.3115,53.3521],[12.3379,53.3421],[12.3448,53.3339],[12.3318,53.318],[12.3649,53.3063],[12.3931,53.3023],[12.3985,53.2801],[12.428,53.275],[12.4316,53.2626],[12.4453,53.2499],[12.4671,53.2562],[12.4976,53.2552],[12.5024,53.2622],[12.5298,53.2648],[12.5499,53.262],[12.5999,53.2477],[12.6549,53.2553],[12.6657,53.2533],[12.6712,53.2295],[12.7158,53.2245],[12.7227,53.2217],[12.7581,53.2216],[12.7495,53.2063],[12.7395,53.1996],[12.7803,53.1876],[12.8009,53.1938],[12.8496,53.1997],[12.8584,53.1885],[12.8779,53.18],[12.9029,53.1933],[12.9253,53.196],[12.9328,53.1881],[12.9471,53.1986],[12.9751,53.1981],[12.9794,53.1906],[12.9615,53.1777],[12.9665,53.169],[12.9847,53.165],[13.02,53.1757],[13.0424,53.1965],[13.0784,53.2039],[13.0844,53.2131],[13.1066,53.2152],[13.1033,53.2355],[13.1099,53.2402],[13.133,53.2373],[13.1522,53.2511],[13.1803,53.251],[13.2027,53.2221],[13.2294,53.2166],[13.2414,53.2324],[13.2479,53.2568],[13.2978,53.2809],[13.3371,53.2734],[13.3605,53.278],[13.3865,53.2441],[13.4039,53.246],[13.4077,53.2599],[13.4209,53.2696],[13.4396,53.2997],[13.4562,53.298],[13.4613,53.2887],[13.4856,53.292],[13.4973,53.3022],[13.5073,53.318],[13.5235,53.3201],[13.5169,53.3521],[13.526,53.3663],[13.5434,53.364],[13.5561,53.3867],[13.5501,53.3991],[13.5736,53.4081],[13.6065,53.4113],[13.6252,53.4093],[13.636,53.4235],[13.6288,53.432],[13.6405,53.4472],[13.6488,53.4456],[13.6632,53.4581],[13.703,53.4736],[13.7101,53.4791],[13.6874,53.4919],[13.6938,53.5082],[13.67,53.5093],[13.681,53.5214],[13.6789,53.5357],[13.7053,53.5361],[13.7243,53.546],[13.7199,53.5618],[13.7254,53.5717],[13.7095,53.5757],[13.7042,53.5916],[13.7337,53.6031],[13.7449,53.6109],[13.7635,53.6162],[13.7436,53.6274],[13.7308,53.6389],[13.6943,53.651],[13.723,53.6684],[13.7509,53.6723],[13.7667,53.6796],[13.7919,53.6791],[13.796,53.6851],[13.7559,53.6858],[13.7234,53.6967],[13.6987,53.699],[13.6811,53.6964],[13.6463,53.7],[13.6407,53.7041],[13.5519,53.6951],[13.5341,53.7041],[13.5239,53.7157],[13.5266,53.7219],[13.5015,53.7439],[13.4236,53.7525],[13.3999,53.7614],[13.3718,53.7482],[13.3606,53.7575],[13.3757,53.7669],[13.3435,53.7872],[13.344,53.8036],[13.3766,53.7997],[13.3932,53.8155],[13.397,53.8307],[13.3714,53.8477],[13.3652,53.8434],[13.3376,53.8491],[13.333,53.8341],[13.316,53.8315],[13.3026,53.8238],[13.3006,53.8108],[13.2809,53.8108],[13.2697,53.8188],[13.2345,53.8076],[13.2082,53.8255],[13.1857,53.8351],[13.1928,53.8492],[13.1815,53.8567],[13.1924,53.8704],[13.2002,53.889],[13.1979,53.9014],[13.2075,53.9128],[13.2006,53.9252],[13.1546,53.9441],[13.1331,53.9318],[13.1074,53.947],[13.0893,53.9459],[13.0643,53.9545],[13.0558,53.9669],[13.0292,53.9795],[13.002,53.9753],[12.9966,53.9861],[13.0154,53.9931],[12.9869,54.0038]]]}},{"type":"Feature","properties":{"code":"DE-13072","name":"Landkreis Rostock","country":"DE","region":"Mecklenburg-Vorpommern"},"geometry":{"type":"Polygon","coordinates":[[[12.8086,54.0049],[12.7947,54.0077],[12.7553,54.0303],[12.7421,54.0328],[12.7157,54.0188],[12.6921,54.0298],[12.6945,54.0367],[12.6584,54.0469],[12.6275,54.0676],[12.6085,54.0773],[12.5893,54.0702],[12.5676,54.0831],[12.562,54.0905],[12.5398,54.088],[12.5165,54.0951],[12.4946,54.0912],[12.4779,54.0953],[12.4592,54.0924],[12.4496,54.117],[12.4356,54.1244],[12.4118,54.1137],[12.3849,54.1139],[12.3851,54.1349],[12.3652,54.163],[12.3711,54.1741],[12.3555,54.1846],[12.3728,54.1909],[12.3726,54.2056],[12.3532,54.211],[12.3496,54.2219],[12.3298,54.2245],[12.3115,54.2341],[12.3127,54.2438],[12.3008,54.2563],[12.2788,54.2614],[12.2855,54.275],[12.2234,54.2543],[12.2011,54.2447],[12.268,54.2403],[12.2636,54.2151],[12.2937,54.1971],[12.258,54.1828],[12.2039,54.1821],[12.1963,54.167],[12.182,54.166],[12.19,54.1479],[12.1838,54.1347],[12.1726,54.1289],[12.1719,54.1174],[12.1914,54.1083],[12.2038,54.0957],[12.2006,54.0797],[12.1912,54.0692],[12.1582,54.0688],[12.1375,54.0594],[12.0797,54.0519],[12.0636,54.0643],[12.0642,54.0813],[12.0475,54.0917],[12.0545,54.1031],[12.0384,54.1128],[12.0313,54.1346],[12.0372,54.1379],[12.0236,54.1523],[12.035,54.1631],[11.9985,54.175],[11.948,54.1651],[11.888,54.151],[11.8533,54.1453],[11.7976,54.1468],[11.7614,54.1545],[11.6951,54.154],[11.68,54.1524],[11.6214,54.1141],[11.5948,54.1012],[11.5609,54.0965],[11.532,54.0752],[11.5421,54.0584],[11.5869,54.0928],[11.6137,54.1025],[11.6265,54.0896],[11.6245,54.0768],[11.6102,54.0698],[11.5826,54.0637],[11.5872,54.0473],[11.5772,54.0361],[11.5618,54.0281],[11.5797,54.0189],[11.5807,54.0066],[11.5891,54.0024],[11.5825,53.9891],[11.6141,53.9859],[11.6233,53.9926],[11.6577,53.9852],[11.6575,53.9723],[11.6779,53.962],[11.6669,53.955],[11.6759,53.9403],[11.6867,53.9342],[11.7059,53.9555],[11.732,53.9554],[11.7489,53.96],[11.7412,53.9691],[11.7625,53.9766],[11.7833,53.974],[11.7979,53.9626],[11.7924,53.9456],[11.7959,53.9297],[11.8052,53.9188],[11.7893,53.9099],[11.7946,53.9022],[11.7805,53.8825],[11.7613,53.873],[11.7773,53.8596],[11.7592,53.8517],[11.7676,53.8459],[11.7586,53.8263],[11.7826,53.82],[11.7921,53.8226],[11.8105,53.7957],[11.7918,53.7777],[11.7973,53.7708],[11.8058,53.7669],[11.8449,53.7608],[11.8381,53.7514],[11.8696,53.744],[11.8858,53.7366],[11.9042,53.7363],[11.9355,53.7427],[11.9586,53.7384],[11.9784,53.7437],[11.9964,53.7344],[11.9955,53.7283],[12.0086,53.7151],[12.0353,53.7138],[12.0274,53.7049],[12.0277,53.6933],[12.0504,53.6659],[12.0697,53.6615],[12.0822,53.6474],[12.1046,53.6448],[12.12,53.6476],[12.1411,53.6358],[12.1598,53.6361],[12.1827,53.6422],[12.1982,53.6403],[12.2022,53.6233],[12.2145,53.6107],[12.2182,53.5985],[12.2493,53.5907],[12.2502,53.5834],[12.2822,53.582],[12.2903,53.5702],[12.3056,53.5677],[12.3395,53.5857],[12.3764,53.5852],[12.3721,53.5765],[12.4107,53.5751],[12.4163,53.5841],[12.3984,53.6026],[12.4112,53.6098],[12.4072,53.6253],[12.4174,53.6471],[12.4031,53.6553],[12.3977,53.6668],[12.4344,53.673],[12.4605,53.66],[12.4641,53.6671],[12.4535,53.6758],[12.4874,53.6903],[12.5022,53.6776],[12.5039,53.6578],[12.5125,53.6534],[12.5318,53.6583],[12.558,53.66],[12.5639,53.6529],[12.5927,53.6528],[12.6112,53.6425],[12.6267,53.641],[12.6578,53.6623],[12.6346,53.675],[12.6235,53.6909],[12.625,53.6987],[12.6391,53.7159],[12.6275,53.726],[12.6294,53.7536],[12.6464,53.754],[12.6463,53.7721],[12.683,53.7685],[12.6988,53.7743],[12.7031,53.7869],[12.7037,53.8145],[12.7345,53.8173],[12.7476,53.8234],[12.7564,53.8448],[12.7527,53.8603],[12.7753,53.8654],[12.7903,53.8774],[12.7772,53.8866],[12.7838,53.8933],[12.7652,53.8983],[12.7847,53.9228],[12.8122,53.9307],[12.8068,53.9427],[12.7899,53.9612],[12.816,53.9881],[12.8086,54.0049]]]}},{"type":"Feature","properties":{"code":"DE-13073","name":"Landkreis Vorpommern-Rügen","country":"DE","region":"Mecklenburg-Vorpommern"},"geometry":{"type":"MultiPolygon","coordinates":[[[[12.6957,54.431],[12.6793,54.4233],[12.6834,54.4149],[12.7005,54.4188],[12.7298,54.4157],[12.7241,54.4254],[12.6957,54.431]]],[[[13.0507,54.4602],[13.0337,54.447],[13.0404,54.4422],[13.0591,54.4516],[13.0507,54.4602]]],[[[13.137,54.6048],[13.1188,54.6031],[13.0978,54.5902],[13.1025,54.5774],[13.0927,54.5462],[13.086,54.5381],[13.0793,54.5172],[13.0656,54.4924],[13.0602,54.4749],[13.073,54.4689],[13.0846,54.5192],[13.1169,54.538],[13.1172,54.5513],[13.11,54.5819],[13.1299,54.5916],[13.1449,54.5888],[13.1468,54.6034],[13.137,54.6048]]],[[[13.1836,54.494],[13.1579,54.4881],[13.1438,54.4783],[13.1206,54.4438],[13.1634,54.4499],[13.1699,54.4568],[13.1817,54.4561],[13.1868,54.4654],[13.2269,54.4739],[13.2226,54.4839],[13.2007,54.4855],[13.1836,54.494]]],[[[13.4304,54.6843],[13.4063,54.6822],[13.3742,54.6834],[13.3361,54.6754],[13.2876,54.6738],[13.2511,54.6606],[13.2199,54.6408],[13.2257,54.6123],[13.2148,54.5956],[13.1826,54.5772],[13.1679,54.574],[13.1602,54.5639],[13.1828,54.5646],[13.214,54.5843],[13.2284,54.5874],[13.2373,54.599],[13.2302,54.6091],[13.2275,54.6255],[13.2643,54.6433],[13.2824,54.6457],[13.2875,54.6253],[13.2767,54.6093],[13.2595,54.5937],[13.2433,54.5595],[13.2778,54.5644],[13.3324,54.5819],[13.3275,54.5932],[13.3435,54.5987],[13.3536,54.6112],[13.3711,54.6143],[13.3843,54.5957],[13.3844,54.5818],[13.3979,54.5723],[13.427,54.5674],[13.4461,54.5516],[13.4916,54.5523],[13.5022,54.5483],[13.5146,54.5133],[13.5001,54.4926],[13.5033,54.4793],[13.5267,54.4803],[13.5481,54.4749],[13.5476,54.447],[13.5572,54.4385],[13.5398,54.4336],[13.5413,54.4193],[13.5317,54.4162],[13.4763,54.4246],[13.4756,54.4326],[13.5131,54.4422],[13.5075,54.4503],[13.4733,54.4518],[13.4715,54.4578],[13.4838,54.4737],[13.4701,54.4816],[13.4509,54.4734],[13.4399,54.4881],[13.4136,54.4936],[13.4074,54.5026],[13.4146,54.5199],[13.3963,54.5378],[13.3796,54.5475],[13.3741,54.5603],[13.3556,54.5463],[13.3888,54.5396],[13.3877,54.5313],[13.3715,54.5222],[13.3453,54.5248],[13.3607,54.5366],[13.3494,54.5517],[13.369,54.5789],[13.355,54.581],[13.2998,54.555],[13.3121,54.5244],[13.3086,54.5151],[13.2884,54.5217],[13.2894,54.5416],[13.2553,54.5519],[13.2384,54.5543],[13.1744,54.5457],[13.1442,54.547],[13.1597,54.5355],[13.1624,54.5138],[13.1707,54.5078],[13.2012,54.504],[13.2314,54.5109],[13.2274,54.4868],[13.2358,54.4827],[13.2556,54.4865],[13.2583,54.474],[13.2422,54.4727],[13.2177,54.4592],[13.1702,54.4535],[13.1618,54.4381],[13.15,54.4297],[13.1509,54.4219],[13.1717,54.4252],[13.1891,54.4232],[13.2128,54.4291],[13.2205,54.4138],[13.2416,54.3848],[13.2347,54.3695],[13.2031,54.3711],[13.197,54.3759],[13.1735,54.3716],[13.1576,54.3749],[13.1362,54.3734],[13.1238,54.3659],[13.1217,54.3508],[13.1137,54.3348],[13.135,54.3241],[13.1351,54.3174],[13.1696,54.3098],[13.1403,54.2969],[13.1442,54.2814],[13.1693,54.2896],[13.1811,54.2874],[13.193,54.2971],[13.1992,54.2705],[13.2171,54.273],[13.2398,54.2663],[13.2465,54.2597],[13.2682,54.2537],[13.2874,54.2592],[13.3266,54.2549],[13.316,54.2413],[13.3816,54.2293],[13.3916,54.2218],[13.4251,54.2392],[13.4185,54.2545],[13.4016,54.2657],[13.3788,54.2533],[13.3593,54.2724],[13.3844,54.2776],[13.3954,54.2722],[13.4132,54.2901],[13.4196,54.3028],[13.4483,54.3147],[13.4613,54.3159],[13.4667,54.3304],[13.4795,54.3303],[13.5094,54.3441],[13.5508,54.3397],[13.5715,54.3518],[13.588,54.3521],[13.6035,54.3442],[13.6116,54.3309],[13.637,54.3385],[13.6376,54.3453],[13.6816,54.35],[13.677,54.3297],[13.7047,54.3225],[13.6986,54.316],[13.6581,54.3045],[13.6454,54.2981],[13.6551,54.2885],[13.6887,54.2907],[13.7022,54.2956],[13.7095,54.2799],[13.7193,54.3115],[13.7352,54.3314],[13.7451,54.337],[13.7418,54.3475],[13.7212,54.3591],[13.7048,54.3806],[13.6729,54.4012],[13.623,54.3992],[13.6006,54.4124],[13.5781,54.4391],[13.5699,54.4672],[13.578,54.4796],[13.5972,54.4881],[13.6076,54.4975],[13.6468,54.5144],[13.6686,54.5205],[13.6818,54.5432],[13.6799,54.5623],[13.6612,54.5758],[13.6387,54.5844],[13.5883,54.5844],[13.4908,54.5731],[13.4713,54.5754],[13.4604,54.5706],[13.435,54.5746],[13.4073,54.5874],[13.3837,54.612],[13.3772,54.6349],[13.3876,54.6495],[13.4285,54.6601],[13.4389,54.6775],[13.4304,54.6843]]],[[[13.3194,54.1935],[13.3063,54.2043],[13.2974,54.2247],[13.2838,54.2363],[13.2608,54.241],[13.2157,54.2412],[13.2166,54.2494],[13.1881,54.2652],[13.1328,54.269],[13.111,54.2782],[13.1033,54.29],[13.1104,54.3075],[13.0875,54.3201],[13.076,54.3488],[13.0938,54.3658],[13.0818,54.3799],[13.0729,54.3831],[13.0485,54.3801],[13.0249,54.3974],[13.0236,54.4206],[13.0343,54.4317],[13.0158,54.4394],[12.9995,54.436],[12.9861,54.425],[12.9589,54.4231],[12.9538,54.4166],[12.9236,54.413],[12.8977,54.4017],[12.886,54.3857],[12.8831,54.3689],[12.8463,54.3511],[12.8175,54.351],[12.804,54.3704],[12.785,54.3795],[12.7689,54.3716],[12.7203,54.3719],[12.7136,54.3866],[12.7145,54.4045],[12.7075,54.4119],[12.6853,54.4064],[12.6679,54.408],[12.6602,54.3986],[12.6671,54.3888],[12.6195,54.3723],[12.6028,54.371],[12.5946,54.3581],[12.5748,54.3582],[12.5734,54.3711],[12.5547,54.3725],[12.5363,54.3667],[12.5526,54.3596],[12.5381,54.3498],[12.5297,54.3348],[12.4731,54.3296],[12.4789,54.3043],[12.4334,54.2961],[12.4159,54.2874],[12.4078,54.2767],[12.4186,54.2583],[12.45,54.2545],[12.4543,54.2466],[12.4184,54.2464],[12.398,54.2512],[12.3632,54.2671],[12.3825,54.2781],[12.367,54.2885],[12.3583,54.3027],[12.3763,54.3088],[12.396,54.3235],[12.4007,54.3431],[12.4214,54.3435],[12.4159,54.3572],[12.4191,54.3705],[12.4353,54.3785],[12.4523,54.3811],[12.5017,54.3817],[12.5177,54.3727],[12.5264,54.3809],[12.5534,54.3902],[12.5787,54.3882],[12.576,54.4027],[12.5886,54.4081],[12.6099,54.4094],[12.6174,54.4181],[12.6406,54.4222],[12.6531,54.4105],[12.668,54.4101],[12.6685,54.4206],[12.691,54.4317],[12.719,54.4321],[12.7405,54.4151],[12.7641,54.4126],[12.7778,54.4178],[12.7996,54.4092],[12.8216,54.421],[12.8575,54.4208],[12.8739,54.4139],[12.9252,54.4258],[12.9162,54.4452],[12.852,54.4405],[12.6577,54.4434],[12.6145,54.4503],[12.5553,54.4557],[12.5261,54.4712],[12.5298,54.4814],[12.5139,54.4843],[12.5008,54.4749],[12.477,54.4405],[12.4664,54.4199],[12.435,54.3909],[12.4084,54.3776],[12.3518,54.3105],[12.3349,54.2963],[12.3065,54.2822],[12.2855,54.275],[12.2788,54.2614],[12.3008,54.2563],[12.3127,54.2438],[12.3115,54.2341],[12.3298,54.2245],[12.3496,54.2219],[12.3532,54.211],[12.3726,54.2056],[12.3728,54.1909],[12.3555,54.1846],[12.3711,54.1741],[12.3652,54.163],[12.3851,54.1349],[12.3849,54.1139],[12.4118,54.1137],[12.4356,54.1244],[12.4496,54.117],[12.4592,54.0924],[12.4779,54.0953],[12.4946,54.0912],[12.5165,54.0951],[12.5398,54.088],[12.562,54.0905],[12.5676,54.0831],[12.5893,54.0702],[12.6085,54.0773],[12.6275,54.0676],[12.6584,54.0469],[12.6945,54.0367],[12.6921,54.0298],[12.7157,54.0188],[12.7421,54.0328],[12.7553,54.0303],[12.7947,54.0077],[12.8086,54.0049],[12.8414,53.9885],[12.8568,53.9758],[12.9086,53.9832],[12.9131,53.9911],[12.9376,53.9942],[12.9588,54.0041],[12.9869,54.0038],[12.9966,54.0168],[13.0227,54.0136],[13.0426,54.0258],[13.0786,54.0318],[13.0877,54.0375],[13.131,54.0225],[13.1544,54.0279],[13.2046,54.0344],[13.213,54.0449],[13.2313,54.0533],[13.2484,54.0678],[13.2778,54.0635],[13.2889,54.0729],[13.2618,54.0814],[13.246,54.1016],[13.2263,54.1048],[13.2165,54.1179],[13.2372,54.1207],[13.2521,54.1286],[13.2906,54.1338],[13.2876,54.1601],[13.298,54.1784],[13.3194,54.1935]]]]}},{"type":"Feature","properties":{"code":"DE-13074","name":"Landkreis Nordwestmecklenburg","country":"DE","region":"Mecklenburg-Vorpommern"},"geometry":{"type":"MultiPolygon","coordinates":[[[[11.473,54.0244],[11.4551,54.0232],[11.404,54.0088],[11.3742,53.9923],[11.3779,53.9754],[11.3872,53.9702],[11.4266,53.9674],[11.4281,53.9861],[11.4455,53.9974],[11.4435,53.9606],[11.4639,53.9665],[11.4804,53.9818],[11.4782,53.998],[11.491,54.0008],[11.4963,54.0156],[11.4922,54.0226],[11.473,54.0244]]],[[[11.5618,54.0281],[11.5334,54.0254],[11.5163,54.0152],[11.492,53.99],[11.4989,53.9818],[11.4795,53.9655],[11.4822,53.9476],[11.475,53.929],[11.4582,53.9167],[11.4343,53.9101],[11.4036,53.9215],[11.4057,53.9357],[11.3897,53.9391],[11.3675,53.9346],[11.3511,53.9426],[11.3369,53.9583],[11.3264,53.9569],[11.3168,53.9434],[11.2899,53.932],[11.2699,53.9318],[11.2456,53.9428],[11.2413,53.952],[11.2459,53.9732],[11.2601,53.9817],[11.2257,53.9828],[11.2072,53.9884],[11.18,54.0152],[11.1426,54.0096],[11.0971,54.014],[11.0474,54.0077],[11.0283,54.0033],[10.9846,53.9886],[10.9335,53.9649],[10.9037,53.9568],[10.9083,53.945],[10.8977,53.9378],[10.8945,53.9254],[10.9393,53.9193],[10.9567,53.9098],[10.9509,53.9049],[10.911,53.898],[10.9024,53.9033],[10.9118,53.9142],[10.8863,53.9248],[10.8747,53.9145],[10.8476,53.904],[10.8479,53.8974],[10.8195,53.8936],[10.8024,53.8771],[10.7728,53.8741],[10.7595,53.8583],[10.7477,53.8515],[10.7479,53.8334],[10.7616,53.8226],[10.763,53.8112],[10.7723,53.7972],[10.7583,53.7643],[10.758,53.7475],[10.7813,53.7474],[10.8072,53.7385],[10.8072,53.7256],[10.8232,53.7119],[10.8577,53.7013],[10.8864,53.7057],[10.9232,53.6983],[10.928,53.6872],[10.9418,53.6845],[10.9389,53.6656],[10.9547,53.6586],[10.9519,53.6476],[10.9986,53.6352],[11.0127,53.6161],[11.0085,53.6038],[11.033,53.5979],[11.0621,53.599],[11.092,53.6081],[11.1191,53.5892],[11.1341,53.5937],[11.1485,53.5862],[11.1417,53.5676],[11.168,53.5702],[11.1985,53.5807],[11.2039,53.5974],[11.2348,53.6032],[11.2349,53.596],[11.2606,53.5978],[11.2827,53.5883],[11.2988,53.5924],[11.3055,53.611],[11.3169,53.6212],[11.2928,53.6219],[11.2944,53.6375],[11.2864,53.6479],[11.3016,53.6524],[11.3217,53.6715],[11.3425,53.6767],[11.3584,53.6733],[11.3731,53.6792],[11.3901,53.6756],[11.4084,53.6794],[11.4117,53.6868],[11.4362,53.6853],[11.4495,53.6807],[11.4534,53.6901],[11.4853,53.6904],[11.4869,53.7048],[11.4962,53.7157],[11.5024,53.7354],[11.4888,53.766],[11.4945,53.771],[11.5213,53.7709],[11.5287,53.7642],[11.5443,53.7688],[11.5522,53.7626],[11.5735,53.7674],[11.5853,53.761],[11.6264,53.7608],[11.6399,53.7774],[11.6534,53.7759],[11.6678,53.7847],[11.7279,53.794],[11.7327,53.7814],[11.751,53.7834],[11.7642,53.7657],[11.7973,53.7708],[11.7918,53.7777],[11.8105,53.7957],[11.7921,53.8226],[11.7826,53.82],[11.7586,53.8263],[11.7676,53.8459],[11.7592,53.8517],[11.7773,53.8596],[11.7613,53.873],[11.7805,53.8825],[11.7946,53.9022],[11.7893,53.9099],[11.8052,53.9188],[11.7959,53.9297],[11.7924,53.9456],[11.7979,53.9626],[11.7833,53.974],[11.7625,53.9766],[11.7412,53.9691],[11.7489,53.96],[11.732,53.9554],[11.7059,53.9555],[11.6867,53.9342],[11.6759,53.9403],[11.6669,53.955],[11.6779,53.962],[11.6575,53.9723],[11.6577,53.9852],[11.6233,53.9926],[11.6141,53.9859],[11.5825,53.9891],[11.5891,54.0024],[11.5807,54.0066],[11.5797,54.0189],[11.5618,54.0281]]]]}},{"type":"Feature","properties":{"code":"DE-13075","name":"Landkreis Vorpommern-Greifswald","country":"DE","region":"Mecklenburg-Vorpommern"},"geometry":{"type":"MultiPolygon","coordinates":[[[[13.7976,54.174],[13.7739,54.1724],[13.7561,54.1655],[13.7497,54.1569],[13.7555,54.1377],[13.7723,54.1338],[13.7746,54.1208],[13.7925,54.1109],[13.8047,54.1102],[13.813,54.0988],[13.8083,54.0812],[13.8008,54.0748],[13.7906,54.0487],[13.7729,54.0408],[13.7635,54.0265],[13.7699,54.0192],[13.8013,54.0187],[13.8106,54.0312],[13.8449,54.0423],[13.8553,54.0485],[13.8797,54.0403],[13.8534,54.0141],[13.8647,54.0067],[13.8987,54.0121],[13.9173,54.0334],[13.9104,54.0488],[13.9185,54.0628],[13.9514,54.059],[13.9687,54.0599],[13.9977,54.0415],[14.0044,54.0107],[14.0214,54.0187],[14.0349,54.0158],[14.0476,53.9974],[14.0489,53.9806],[14.0354,53.9511],[14.0114,53.95],[13.9952,53.9628],[13.964,53.9574],[13.9724,53.9707],[13.9642,53.9746],[13.965,53.9898],[13.9451,53.9946],[13.9111,53.9912],[13.9003,53.9832],[13.8966,53.9637],[13.9227,53.9506],[13.9322,53.9354],[13.932,53.9203],[13.9383,53.9138],[13.9309,53.8994],[13.9189,53.888],[13.904,53.8858],[13.8917,53.8766],[13.8755,53.8779],[13.859,53.8717],[13.8341,53.871],[13.8262,53.8497],[13.8466,53.851],[13.8633,53.8427],[13.8908,53.8399],[13.9135,53.8432],[13.9217,53.8509],[13.9283,53.8694],[13.9547,53.8613],[13.9506,53.8503],[13.9618,53.8462],[13.9887,53.8483],[14.0077,53.8584],[14.0197,53.8693],[14.0433,53.8743],[14.0628,53.8695],[14.0847,53.8748],[14.1177,53.87],[14.1945,53.8721],[14.2118,53.867],[14.2154,53.8812],[14.2123,53.9003],[14.2039,53.9066],[14.2076,53.9159],[14.2261,53.9277],[14.1849,53.9466],[14.1433,53.9761],[14.05,54.0294],[14.0138,54.0548],[13.9689,54.0698],[13.9383,54.0747],[13.8992,54.0887],[13.8747,54.1003],[13.8403,54.1247],[13.8296,54.1365],[13.8122,54.1696],[13.7976,54.174]]],[[[14.4124,53.3296],[14.4055,53.3471],[14.3903,53.3537],[14.3953,53.3694],[14.3892,53.3878],[14.3733,53.409],[14.3686,53.4326],[14.3713,53.4564],[14.358,53.4573],[14.3506,53.496],[14.3269,53.5038],[14.3157,53.5251],[14.3159,53.5369],[14.3026,53.5534],[14.314,53.5652],[14.3118,53.5794],[14.3169,53.6181],[14.2838,53.6344],[14.2846,53.6588],[14.2709,53.6669],[14.2837,53.6825],[14.2677,53.6975],[14.2454,53.6937],[14.2224,53.6982],[14.2216,53.7101],[14.2512,53.7195],[14.2717,53.7393],[14.2599,53.7537],[14.2297,53.7612],[14.2096,53.7473],[14.179,53.7351],[14.1672,53.7419],[14.1458,53.7418],[14.1244,53.7372],[14.1017,53.74],[14.0762,53.7471],[14.0598,53.7553],[14.0494,53.7528],[14.0052,53.7671],[13.9684,53.7731],[13.9664,53.7763],[13.9222,53.7977],[13.914,53.806],[13.9016,53.8024],[13.8823,53.818],[13.8723,53.8312],[13.8489,53.8433],[13.8258,53.8438],[13.8099,53.8582],[13.8247,53.8647],[13.8249,53.8772],[13.8472,53.878],[13.8566,53.8944],[13.8825,53.9086],[13.9004,53.9099],[13.9141,53.9219],[13.8937,53.943],[13.8813,53.9498],[13.852,53.9537],[13.8538,53.9646],[13.8351,53.9835],[13.8081,53.9957],[13.7969,53.9953],[13.76,54.0159],[13.7614,54.0357],[13.7854,54.0509],[13.7743,54.0603],[13.7906,54.065],[13.7953,54.0891],[13.804,54.0971],[13.7917,54.1074],[13.7751,54.11],[13.7531,54.1224],[13.7481,54.1398],[13.734,54.1359],[13.7187,54.1446],[13.6974,54.1489],[13.6962,54.1582],[13.7181,54.164],[13.6967,54.1719],[13.6493,54.153],[13.6279,54.1409],[13.5751,54.1317],[13.5296,54.1311],[13.4926,54.1252],[13.4777,54.1192],[13.4865,54.1012],[13.5001,54.0902],[13.4894,54.0838],[13.4647,54.088],[13.4403,54.1109],[13.4401,54.1228],[13.426,54.1395],[13.4051,54.1516],[13.3897,54.1427],[13.3802,54.1518],[13.4073,54.1623],[13.4042,54.1698],[13.379,54.1771],[13.3433,54.1655],[13.3297,54.1674],[13.3424,54.1823],[13.3271,54.1836],[13.3194,54.1935],[13.298,54.1784],[13.2876,54.1601],[13.2906,54.1338],[13.2521,54.1286],[13.2372,54.1207],[13.2165,54.1179],[13.2263,54.1048],[13.246,54.1016],[13.2618,54.0814],[13.2889,54.0729],[13.2778,54.0635],[13.2484,54.0678],[13.2313,54.0533],[13.213,54.0449],[13.2046,54.0344],[13.1544,54.0279],[13.131,54.0225],[13.0877,54.0375],[13.0786,54.0318],[13.0426,54.0258],[13.0227,54.0136],[12.9966,54.0168],[12.9869,54.0038],[13.0154,53.9931],[12.9966,53.9861],[13.002,53.9753],[13.0292,53.9795],[13.0558,53.9669],[13.0643,53.9545],[13.0893,53.9459],[13.1074,53.947],[13.1331,53.9318],[13.1546,53.9441],[13.2006,53.9252],[13.2075,53.9128],[13.1979,53.9014],[13.2002,53.889],[13.1924,53.8704],[13.1815,53.8567],[13.1928,53.8492],[13.1857,53.8351],[13.2082,53.8255],[13.2345,53.8076],[13.2697,53.8188],[13.2809,53.8108],[13.3006,53.8108],[13.3026,53.8238],[13.316,53.8315],[13.333,53.8341],[13.3376,53.8491],[13.3652,53.8434],[13.3714,53.8477],[13.397,53.8307],[13.3932,53.8155],[13.3766,53.7997],[13.344,53.8036],[13.3435,53.7872],[13.3757,53.7669],[13.3606,53.7575],[13.3718,53.7482],[13.3999,53.7614],[13.4236,53.7525],[13.5015,53.7439],[13.5266,53.7219],[13.5239,53.7157],[13.5341,53.7041],[13.5519,53.6951],[13.6407,53.7041],[13.6463,53.7],[13.6811,53.6964],[13.6987,53.699],[13.7234,53.6967],[13.7559,53.6858],[13.796,53.6851],[13.7919,53.6791],[13.7667,53.6796],[13.7509,53.6723],[13.723,53.6684],[13.6943,53.651],[13.7308,53.6389],[13.7436,53.6274],[13.7635,53.6162],[13.7449,53.6109],[13.7337,53.6031],[13.7042,53.5916],[13.7095,53.5757],[13.7254,53.5717],[13.7199,53.5618],[13.7243,53.546],[13.7053,53.5361],[13.6789,53.5357],[13.681,53.5214],[13.67,53.5093],[13.6938,53.5082],[13.6874,53.4919],[13.7101,53.4791],[13.7154,53.4823],[13.755,53.4778],[13.7941,53.4762],[13.8126,53.4846],[13.8271,53.4987],[13.8076,53.5017],[13.7925,53.5109],[13.7777,53.5137],[13.7764,53.5313],[13.7842,53.5518],[13.7982,53.5464],[13.8239,53.5211],[13.8793,53.5041],[13.8739,53.4906],[13.8846,53.4853],[13.8756,53.4735],[13.9182,53.456],[13.9175,53.4465],[13.9029,53.432],[13.9181,53.4218],[13.9465,53.4308],[14.0012,53.435],[14.0066,53.4304],[14.0456,53.4294],[14.0506,53.414],[14.0823,53.4156],[14.1054,53.4224],[14.1218,53.4417],[14.1368,53.441],[14.171,53.4248],[14.204,53.4235],[14.2247,53.4342],[14.2417,53.4221],[14.2374,53.4147],[14.2436,53.395],[14.2329,53.3715],[14.2093,53.3456],[14.1821,53.3264],[14.1429,53.3046],[14.1141,53.2859],[14.1036,53.2749],[14.0988,53.2617],[14.1248,53.2602],[14.1602,53.2678],[14.176,53.2621],[14.2002,53.2618],[14.2111,53.2548],[14.266,53.2596],[14.2622,53.2766],[14.2935,53.2839],[14.313,53.302],[14.3166,53.3123],[14.3487,53.31],[14.3766,53.3163],[14.3811,53.3235],[14.3992,53.3298],[14.4124,53.3296]]]]}},{"type":"Feature","properties":{"code":"DE-13076","name":"Landkreis Ludwigslust-Parchim","country":"DE","region":"Mecklenburg-Vorpommern"},"geometry":{"type":"Polygon","coordinates":[[[11.7973,53.7708],[11.7642,53.7657],[11.751,53.7834],[11.7327,53.7814],[11.7279,53.794],[11.6678,53.7847],[11.6534,53.7759],[11.6399,53.7774],[11.6264,53.7608],[11.5853,53.761],[11.5735,53.7674],[11.5522,53.7626],[11.5443,53.7688],[11.5287,53.7642],[11.5213,53.7709],[11.4945,53.771],[11.4888,53.766],[11.5024,53.7354],[11.4962,53.7157],[11.4869,53.7048],[11.4853,53.6904],[11.4534,53.6901],[11.4495,53.6807],[11.4714,53.6842],[11.4857,53.6665],[11.4857,53.6335],[11.5044,53.6208],[11.5054,53.6062],[11.4919,53.595],[11.4877,53.5798],[11.4756,53.5837],[11.4515,53.5704],[11.4806,53.5625],[11.4618,53.5501],[11.4245,53.5453],[11.4231,53.5496],[11.3676,53.5565],[11.3804,53.5778],[11.3581,53.5944],[11.3662,53.6087],[11.3586,53.6227],[11.3389,53.6331],[11.3282,53.6451],[11.3016,53.6524],[11.2864,53.6479],[11.2944,53.6375],[11.2928,53.6219],[11.3169,53.6212],[11.3055,53.611],[11.2988,53.5924],[11.2827,53.5883],[11.2606,53.5978],[11.2349,53.596],[11.2348,53.6032],[11.2039,53.5974],[11.1985,53.5807],[11.168,53.5702],[11.1417,53.5676],[11.1485,53.5862],[11.1341,53.5937],[11.1191,53.5892],[11.092,53.6081],[11.0621,53.599],[11.033,53.5979],[11.0085,53.6038],[11.0127,53.6161],[10.9986,53.6352],[10.9519,53.6476],[10.9296,53.6287],[10.9182,53.5949],[10.9238,53.5842],[10.9111,53.5726],[10.8948,53.5724],[10.8647,53.5649],[10.8501,53.5653],[10.8422,53.5748],[10.8269,53.5762],[10.8268,53.5548],[10.8315,53.5422],[10.8191,53.5344],[10.8106,53.5162],[10.7864,53.5105],[10.7778,53.4952],[10.7522,53.4843],[10.7207,53.4761],[10.7017,53.4783],[10.693,53.4551],[10.652,53.4615],[10.6349,53.456],[10.6188,53.4258],[10.6196,53.3957],[10.6156,53.3833],[10.5991,53.3778],[10.595,53.3639],[10.6307,53.3708],[10.6801,53.3675],[10.7053,53.3687],[10.7269,53.3578],[10.7381,53.3423],[10.7835,53.3193],[10.7979,53.3148],[10.8508,53.31],[10.889,53.3263],[10.9097,53.3377],[10.9194,53.3484],[10.9357,53.3386],[10.9594,53.3385],[10.988,53.3334],[11.0087,53.2991],[11.009,53.2821],[11.0272,53.2793],[11.0395,53.2625],[11.0568,53.246],[11.0623,53.2355],[11.0901,53.2143],[11.1155,53.2045],[11.1337,53.2024],[11.1367,53.1918],[11.1799,53.1867],[11.1953,53.1767],[11.1891,53.1656],[11.1719,53.1566],[11.1846,53.1364],[11.1972,53.1362],[11.2147,53.1444],[11.2428,53.1379],[11.2657,53.122],[11.2904,53.1169],[11.324,53.1193],[11.3376,53.1138],[11.359,53.1163],[11.3709,53.1116],[11.3939,53.1118],[11.3987,53.1165],[11.3918,53.1297],[11.4195,53.1402],[11.4387,53.1367],[11.4594,53.1403],[11.4841,53.129],[11.5346,53.1253],[11.556,53.1388],[11.5555,53.1531],[11.5686,53.1709],[11.5671,53.1825],[11.5567,53.1942],[11.5616,53.2124],[11.5903,53.2165],[11.604,53.2276],[11.6174,53.2312],[11.6292,53.2422],[11.6392,53.2387],[11.6614,53.2432],[11.691,53.2418],[11.7074,53.2342],[11.7264,53.232],[11.7276,53.2193],[11.7405,53.2182],[11.7691,53.2275],[11.7945,53.2262],[11.8289,53.2287],[11.8319,53.2346],[11.8172,53.2453],[11.8167,53.2542],[11.8596,53.2492],[11.8927,53.2728],[11.9047,53.2746],[11.9542,53.2738],[11.9739,53.2992],[11.9971,53.2939],[12.0236,53.3041],[12.0166,53.3328],[12.0564,53.3497],[12.0515,53.3602],[12.0558,53.3704],[12.0775,53.3694],[12.0821,53.3463],[12.1092,53.3438],[12.1085,53.3499],[12.1347,53.3486],[12.1413,53.3591],[12.1686,53.3391],[12.1868,53.3433],[12.1911,53.354],[12.2122,53.3532],[12.2294,53.3582],[12.235,53.3439],[12.2453,53.333],[12.2718,53.3241],[12.2814,53.3277],[12.3108,53.3272],[12.3251,53.3213],[12.3318,53.318],[12.3448,53.3339],[12.3379,53.3421],[12.3115,53.3521],[12.2898,53.3547],[12.2999,53.3628],[12.2751,53.3788],[12.3076,53.3939],[12.3061,53.415],[12.3006,53.426],[12.3108,53.4372],[12.3079,53.447],[12.3432,53.4605],[12.348,53.4718],[12.3626,53.4793],[12.3252,53.4807],[12.3182,53.4933],[12.3007,53.4985],[12.2929,53.5203],[12.3046,53.5539],[12.3056,53.5677],[12.2903,53.5702],[12.2822,53.582],[12.2502,53.5834],[12.2493,53.5907],[12.2182,53.5985],[12.2145,53.6107],[12.2022,53.6233],[12.1982,53.6403],[12.1827,53.6422],[12.1598,53.6361],[12.1411,53.6358],[12.12,53.6476],[12.1046,53.6448],[12.0822,53.6474],[12.0697,53.6615],[12.0504,53.6659],[12.0277,53.6933],[12.0274,53.7049],[12.0353,53.7138],[12.0086,53.7151],[11.9955,53.7283],[11.9964,53.7344],[11.9784,53.7437],[11.9586,53.7384],[11.9355,53.7427],[11.9042,53.7363],[11.8858,53.7366],[11.8696,53.744],[11.8381,53.7514],[11.8449,53.7608],[11.8058,53.7669],[11.7973,53.7708]]]}},{"type":"Feature","properties":{"code":"DE-14511","name":"Kreisfreie Stadt Chemnitz","country":"DE","region":"Sachsen"},"geometry":{"type":"Polygon","coordinates":[[[13.0488,50.8066],[13.0396,50.819],[13.0498,50.8345],[13.0488,50.8413],[13.0231,50.8463],[13.0075,50.8525],[12.9869,50.8522],[12.9865,50.8648],[12.9965,50.8751],[12.9858,50.8929],[12.9532,50.8929],[12.9244,50.889],[12.896,50.8959],[12.896,50.9016],[12.8691,50.9019],[12.8487,50.8981],[12.8275,50.8853],[12.8236,50.8768],[12.8043,50.8669],[12.8055,50.8486],[12.7829,50.8366],[12.7733,50.8234],[12.7476,50.8216],[12.769,50.8114],[12.7789,50.7896],[12.7955,50.7847],[12.8166,50.7883],[12.8406,50.802],[12.8458,50.7977],[12.8949,50.7801],[12.8943,50.7548],[12.9113,50.7441],[12.9367,50.7435],[12.9362,50.7534],[12.9521,50.7588],[12.9637,50.7525],[12.9798,50.7589],[12.9913,50.7696],[13.022,50.7767],[13.0488,50.8066]]]}},{"type":"Feature","properties":{"code":"DE-14521","name":"Landkreis Erzgebirgskreis","country":"DE","region":"Sachsen"},"geometry":{"type":"Polygon","coordinates":[[[13.5018,50.6336],[13.481,50.6448],[13.4846,50.6498],[13.4638,50.6582],[13.4304,50.665],[13.4322,50.6759],[13.4157,50.6887],[13.3987,50.696],[13.3724,50.7135],[13.371,50.7302],[13.3764,50.7381],[13.3642,50.753],[13.3437,50.7508],[13.3304,50.7452],[13.2939,50.7444],[13.2812,50.7389],[13.2699,50.7436],[13.2779,50.7633],[13.2485,50.7763],[13.1701,50.784],[13.1396,50.7695],[13.1203,50.7811],[13.1126,50.7908],[13.0967,50.7885],[13.0859,50.7806],[13.0488,50.8066],[13.022,50.7767],[12.9913,50.7696],[12.9798,50.7589],[12.9637,50.7525],[12.9521,50.7588],[12.9362,50.7534],[12.9367,50.7435],[12.9113,50.7441],[12.8943,50.7548],[12.8949,50.7801],[12.8458,50.7977],[12.8406,50.802],[12.8166,50.7883],[12.7955,50.7847],[12.7789,50.7896],[12.7653,50.7836],[12.7537,50.7718],[12.7399,50.7799],[12.7171,50.7658],[12.7276,50.7517],[12.7134,50.7386],[12.6915,50.7393],[12.681,50.7529],[12.6519,50.7497],[12.6678,50.7317],[12.6483,50.7286],[12.64,50.7172],[12.6522,50.7103],[12.6788,50.7019],[12.7046,50.7002],[12.7036,50.6902],[12.7188,50.6886],[12.7088,50.6724],[12.6979,50.6651],[12.6962,50.6548],[12.7109,50.651],[12.7109,50.6426],[12.6855,50.634],[12.6441,50.6382],[12.6303,50.6268],[12.6294,50.6179],[12.6046,50.6171],[12.5894,50.6093],[12.5977,50.5974],[12.5845,50.5939],[12.5759,50.5804],[12.6048,50.5734],[12.6137,50.565],[12.6047,50.5583],[12.5837,50.5531],[12.5705,50.5577],[12.5471,50.5587],[12.5277,50.5467],[12.512,50.5315],[12.4789,50.5242],[12.4577,50.5025],[12.4787,50.4859],[12.4953,50.4885],[12.4937,50.4693],[12.5002,50.4636],[12.5375,50.4434],[12.584,50.4236],[12.5838,50.4071],[12.6029,50.4065],[12.617,50.4156],[12.6455,50.4108],[12.6731,50.4169],[12.7071,50.3973],[12.7076,50.4078],[12.7298,50.4217],[12.7346,50.4322],[12.7949,50.4494],[12.7998,50.4426],[12.8171,50.4501],[12.8201,50.4598],[12.9412,50.4107],[12.9858,50.421],[12.9954,50.4333],[13.0166,50.4439],[13.0239,50.4541],[13.0188,50.4668],[13.0234,50.4883],[13.0428,50.5114],[13.056,50.5013],[13.0766,50.5001],[13.1015,50.5029],[13.1327,50.5183],[13.1367,50.5064],[13.1534,50.5085],[13.1781,50.5029],[13.1969,50.5046],[13.1959,50.5165],[13.228,50.5485],[13.2259,50.5662],[13.2336,50.5791],[13.2477,50.591],[13.2788,50.593],[13.2909,50.575],[13.3229,50.5813],[13.3196,50.6016],[13.342,50.6126],[13.3674,50.6188],[13.3774,50.6273],[13.3722,50.6489],[13.4025,50.635],[13.4122,50.6194],[13.4305,50.6104],[13.4411,50.6111],[13.4611,50.6036],[13.4927,50.6235],[13.5018,50.6336]]]}},{"type":"Feature","properties":{"code":"DE-14522","name":"Landkreis Mittelsachsen","country":"DE","region":"Sachsen"},"geometry":{"type":"Polygon","coordinates":[[[13.1987,51.2304],[13.1835,51.2347],[13.1474,51.221],[13.1034,51.2225],[13.1001,51.2134],[13.0884,51.2113],[13.0785,51.2189],[13.064,51.2132],[13.051,51.2162],[13.0441,51.2015],[13.0183,51.2001],[13.0175,51.2064],[12.9919,51.2221],[12.961,51.2252],[12.926,51.2182],[12.9237,51.2101],[12.9018,51.2128],[12.8836,51.1949],[12.8817,51.1804],[12.8621,51.1684],[12.8493,51.1544],[12.8676,51.1475],[12.8882,51.1328],[12.8963,51.1109],[12.8787,51.094],[12.8577,51.0949],[12.8112,51.0916],[12.7771,51.1054],[12.7695,51.1023],[12.742,51.1064],[12.7445,51.0943],[12.7279,51.0827],[12.7164,51.0612],[12.7251,51.0547],[12.7307,51.0377],[12.7118,51.0229],[12.7293,51.0192],[12.7406,51.0001],[12.7175,51.002],[12.706,51.0071],[12.6863,50.9851],[12.6422,50.9837],[12.6337,50.9788],[12.6174,50.9808],[12.6314,50.9401],[12.6529,50.9237],[12.6665,50.9229],[12.6874,50.9066],[12.7184,50.9016],[12.7321,50.9082],[12.7424,50.9038],[12.7475,50.8876],[12.7768,50.8747],[12.8043,50.8669],[12.8236,50.8768],[12.8275,50.8853],[12.8487,50.8981],[12.8691,50.9019],[12.896,50.9016],[12.896,50.8959],[12.9244,50.889],[12.9532,50.8929],[12.9858,50.8929],[12.9965,50.8751],[12.9865,50.8648],[12.9869,50.8522],[13.0075,50.8525],[13.0231,50.8463],[13.0488,50.8413],[13.0498,50.8345],[13.0396,50.819],[13.0488,50.8066],[13.0859,50.7806],[13.0967,50.7885],[13.1126,50.7908],[13.1203,50.7811],[13.1396,50.7695],[13.1701,50.784],[13.2485,50.7763],[13.2779,50.7633],[13.2699,50.7436],[13.2812,50.7389],[13.2939,50.7444],[13.3304,50.7452],[13.3437,50.7508],[13.3642,50.753],[13.3764,50.7381],[13.371,50.7302],[13.3724,50.7135],[13.3987,50.696],[13.4157,50.6887],[13.4322,50.6759],[13.4304,50.665],[13.4638,50.6582],[13.4846,50.6498],[13.481,50.6448],[13.5018,50.6336],[13.5242,50.6393],[13.514,50.6558],[13.5444,50.6774],[13.5391,50.6914],[13.5252,50.7044],[13.5599,50.7147],[13.6023,50.7101],[13.6269,50.7159],[13.6247,50.7218],[13.6522,50.7304],[13.6366,50.7412],[13.617,50.7483],[13.6044,50.7701],[13.5945,50.7764],[13.5768,50.7723],[13.5515,50.7822],[13.5509,50.7887],[13.5624,50.8029],[13.5566,50.8165],[13.5438,50.8296],[13.524,50.827],[13.5159,50.8377],[13.505,50.8394],[13.5125,50.8586],[13.502,50.8669],[13.4882,50.8924],[13.4604,50.9019],[13.4423,50.9433],[13.4281,50.9435],[13.4348,50.9568],[13.4737,50.9772],[13.4667,50.9836],[13.4367,50.9812],[13.4268,50.9946],[13.4336,51.008],[13.447,51.0204],[13.441,51.0289],[13.4219,51.0342],[13.4015,51.0407],[13.3872,51.0518],[13.3446,51.0463],[13.3259,51.0368],[13.274,51.0301],[13.2364,51.0073],[13.243,51.0287],[13.2606,51.0391],[13.246,51.054],[13.2565,51.0639],[13.2555,51.0902],[13.2494,51.1115],[13.2473,51.1323],[13.2538,51.1625],[13.2279,51.1696],[13.2142,51.1826],[13.1987,51.2304]]]}},{"type":"Feature","properties":{"code":"DE-14523","name":"Landkreis Vogtlandkreis","country":"DE","region":"Sachsen"},"geometry":{"type":"Polygon","coordinates":[[[12.5277,50.5467],[12.4939,50.5581],[12.4707,50.5557],[12.4618,50.565],[12.4392,50.5615],[12.4287,50.5757],[12.4347,50.5972],[12.4474,50.6054],[12.4352,50.6198],[12.41,50.6217],[12.4221,50.6328],[12.396,50.6549],[12.3774,50.6606],[12.3778,50.6741],[12.3582,50.6744],[12.3462,50.6644],[12.3375,50.6743],[12.3189,50.6765],[12.3148,50.663],[12.3035,50.6623],[12.2989,50.6517],[12.28,50.6442],[12.2643,50.6434],[12.2655,50.6308],[12.2446,50.6333],[12.2336,50.627],[12.2076,50.6366],[12.1882,50.6231],[12.1633,50.63],[12.1499,50.6288],[12.1508,50.6156],[12.1414,50.6032],[12.1149,50.597],[12.1102,50.5887],[12.1375,50.5821],[12.1561,50.5856],[12.156,50.5735],[12.1277,50.5741],[12.1158,50.5669],[12.1013,50.5779],[12.0781,50.5766],[12.0766,50.558],[12.0603,50.5522],[12.0322,50.555],[12.0175,50.5678],[12.0356,50.5814],[12.0361,50.5939],[12.021,50.5986],[12.0055,50.612],[12.0214,50.6272],[12.0104,50.6355],[11.9987,50.6271],[11.9793,50.6214],[11.9888,50.6107],[11.9441,50.5913],[11.9236,50.5857],[11.9337,50.5685],[11.9205,50.5556],[11.8859,50.5521],[11.8715,50.5398],[11.8882,50.5167],[11.9185,50.517],[11.9642,50.487],[11.9592,50.4787],[11.9465,50.4794],[11.9428,50.4601],[11.895,50.4495],[11.8996,50.4352],[11.9217,50.4324],[11.9193,50.4247],[11.9347,50.4237],[11.9431,50.413],[11.9807,50.3878],[11.979,50.3695],[11.9823,50.3499],[12.0117,50.3462],[12.0322,50.3301],[12.0642,50.333],[12.0799,50.3268],[12.088,50.3326],[12.1009,50.318],[12.1254,50.3154],[12.1509,50.3221],[12.1845,50.3223],[12.1868,50.3117],[12.1983,50.3074],[12.1956,50.2932],[12.2016,50.2894],[12.2015,50.2728],[12.2132,50.2702],[12.2537,50.2711],[12.2653,50.2582],[12.251,50.256],[12.2393,50.2472],[12.2669,50.2319],[12.2746,50.2333],[12.2939,50.2213],[12.2837,50.2148],[12.2875,50.2029],[12.2748,50.197],[12.2893,50.1861],[12.2949,50.1747],[12.3192,50.1719],[12.3382,50.1925],[12.326,50.2019],[12.3268,50.2181],[12.3324,50.2385],[12.3478,50.2379],[12.3588,50.2437],[12.3501,50.2535],[12.3595,50.2735],[12.3709,50.2853],[12.3943,50.2896],[12.403,50.3007],[12.398,50.3212],[12.4371,50.3276],[12.4418,50.3412],[12.4694,50.355],[12.4816,50.347],[12.4922,50.3546],[12.4864,50.3698],[12.5125,50.3962],[12.5584,50.3994],[12.5838,50.4071],[12.584,50.4236],[12.5375,50.4434],[12.5002,50.4636],[12.4937,50.4693],[12.4953,50.4885],[12.4787,50.4859],[12.4577,50.5025],[12.4789,50.5242],[12.512,50.5315],[12.5277,50.5467]]]}},{"type":"Feature","properties":{"code":"DE-14524","name":"Landkreis Zwickau","country":"DE","region":"Sachsen"},"geometry":{"type":"Polygon","coordinates":[[[12.8043,50.8669],[12.7768,50.8747],[12.7475,50.8876],[12.7424,50.9038],[12.7321,50.9082],[12.7184,50.9016],[12.6874,50.9066],[12.6665,50.9229],[12.6529,50.9237],[12.6413,50.9114],[12.6401,50.9031],[12.6118,50.9061],[12.5734,50.9011],[12.5602,50.9061],[12.5382,50.9007],[12.5213,50.9076],[12.5079,50.9037],[12.5097,50.8935],[12.4878,50.8932],[12.4593,50.8804],[12.4624,50.8694],[12.4484,50.8674],[12.4482,50.8562],[12.4375,50.8424],[12.4202,50.8396],[12.4124,50.8463],[12.3868,50.8506],[12.3649,50.8465],[12.3491,50.8382],[12.3476,50.8236],[12.3069,50.8188],[12.3004,50.827],[12.2598,50.8115],[12.2505,50.8185],[12.2428,50.8091],[12.2535,50.7995],[12.2532,50.7888],[12.2876,50.7896],[12.284,50.7735],[12.2639,50.7605],[12.2446,50.7648],[12.2298,50.7586],[12.2267,50.7462],[12.235,50.7333],[12.2648,50.7375],[12.2707,50.7252],[12.2534,50.7157],[12.2628,50.6953],[12.2748,50.6861],[12.322,50.6814],[12.3189,50.6765],[12.3375,50.6743],[12.3462,50.6644],[12.3582,50.6744],[12.3778,50.6741],[12.3774,50.6606],[12.396,50.6549],[12.4221,50.6328],[12.41,50.6217],[12.4352,50.6198],[12.4474,50.6054],[12.4347,50.5972],[12.4287,50.5757],[12.4392,50.5615],[12.4618,50.565],[12.4707,50.5557],[12.4939,50.5581],[12.5277,50.5467],[12.5471,50.5587],[12.5705,50.5577],[12.5837,50.5531],[12.6047,50.5583],[12.6137,50.565],[12.6048,50.5734],[12.5759,50.5804],[12.5845,50.5939],[12.5977,50.5974],[12.5894,50.6093],[12.6046,50.6171],[12.6294,50.6179],[12.6303,50.6268],[12.6441,50.6382],[12.6855,50.634],[12.7109,50.6426],[12.7109,50.651],[12.6962,50.6548],[12.6979,50.6651],[12.7088,50.6724],[12.7188,50.6886],[12.7036,50.6902],[12.7046,50.7002],[12.6788,50.7019],[12.6522,50.7103],[12.64,50.7172],[12.6483,50.7286],[12.6678,50.7317],[12.6519,50.7497],[12.681,50.7529],[12.6915,50.7393],[12.7134,50.7386],[12.7276,50.7517],[12.7171,50.7658],[12.7399,50.7799],[12.7537,50.7718],[12.7653,50.7836],[12.7789,50.7896],[12.769,50.8114],[12.7476,50.8216],[12.7733,50.8234],[12.7829,50.8366],[12.8055,50.8486],[12.8043,50.8669]]]}},{"type":"Feature","properties":{"code":"DE-14612","name":"Kreisfreie Stadt Dresden","country":"DE","region":"Sachsen"},"geometry":{"type":"Polygon","coordinates":[[[13.7662,51.1752],[13.7468,51.1777],[13.7533,51.1572],[13.7686,51.1446],[13.7586,51.1383],[13.7368,51.1362],[13.7208,51.1401],[13.7131,51.1341],[13.708,51.112],[13.6923,51.1122],[13.6889,51.0887],[13.6715,51.0957],[13.6588,51.0927],[13.6237,51.1026],[13.6069,51.097],[13.5803,51.0646],[13.5834,51.0442],[13.5951,51.0422],[13.6043,51.0319],[13.6511,51.0309],[13.6606,51.0343],[13.6659,51.0173],[13.6817,51.0154],[13.6874,51.0029],[13.7289,51.01],[13.7511,51.0012],[13.7653,51.0011],[13.7707,50.9877],[13.7896,50.9871],[13.7992,50.9798],[13.8174,50.9752],[13.8312,50.9784],[13.8397,50.9876],[13.8721,50.9837],[13.8951,50.9905],[13.9101,50.9994],[13.9067,51.0099],[13.9273,51.0142],[13.9447,51.0254],[13.963,51.0325],[13.9656,51.0616],[13.9415,51.0725],[13.9227,51.0632],[13.9091,51.0687],[13.8882,51.071],[13.904,51.0835],[13.9109,51.0942],[13.8956,51.1041],[13.8697,51.1361],[13.8876,51.1406],[13.8739,51.1566],[13.857,51.1559],[13.8312,51.1453],[13.7984,51.1686],[13.7829,51.1663],[13.7662,51.1752]]]}},{"type":"Feature","properties":{"code":"DE-14625","name":"Landkreis Bautzen","country":"DE","region":"Sachsen"},"geometry":{"type":"Polygon","coordinates":[[[14.4912,51.0435],[14.4853,51.053],[14.4901,51.061],[14.4758,51.0742],[14.5184,51.0814],[14.5658,51.0853],[14.5807,51.1047],[14.5751,51.1203],[14.5935,51.1199],[14.6128,51.1291],[14.6317,51.13],[14.6326,51.1364],[14.6497,51.1526],[14.6828,51.1487],[14.6805,51.1661],[14.6983,51.1803],[14.6823,51.187],[14.6762,51.1986],[14.6834,51.2112],[14.6642,51.2108],[14.6208,51.2305],[14.6364,51.2489],[14.6175,51.264],[14.6236,51.2786],[14.6119,51.2803],[14.5987,51.2954],[14.6057,51.3076],[14.5868,51.312],[14.5777,51.3241],[14.5648,51.3174],[14.5339,51.3484],[14.5242,51.3475],[14.5195,51.3339],[14.4789,51.321],[14.4717,51.342],[14.458,51.3459],[14.4629,51.3561],[14.4852,51.3786],[14.4793,51.3853],[14.5227,51.432],[14.5083,51.4378],[14.506,51.4481],[14.4832,51.4507],[14.4912,51.4615],[14.4709,51.4758],[14.4762,51.5028],[14.4667,51.511],[14.4401,51.5116],[14.452,51.5307],[14.4478,51.5421],[14.4413,51.5446],[14.4094,51.5372],[14.3861,51.5408],[14.3537,51.5208],[14.3433,51.5182],[14.3381,51.5059],[14.3274,51.5074],[14.3242,51.5183],[14.2931,51.5251],[14.274,51.5321],[14.2289,51.5328],[14.213,51.5398],[14.1989,51.5386],[14.1633,51.541],[14.1367,51.5433],[14.1297,51.5339],[14.1352,51.5211],[14.1078,51.5218],[14.0932,51.4973],[14.0738,51.4927],[14.0887,51.4794],[14.0726,51.4721],[14.0387,51.4799],[14.033,51.4751],[14.0553,51.4609],[14.0526,51.4525],[14.0628,51.4455],[14.043,51.4392],[14.0446,51.4188],[14.0368,51.4168],[14.017,51.4005],[14.0036,51.3956],[13.9974,51.3852],[13.9996,51.3742],[13.9702,51.3758],[13.9723,51.3938],[13.9562,51.3971],[13.91,51.379],[13.8822,51.375],[13.8632,51.3818],[13.8354,51.382],[13.8353,51.3768],[13.8442,51.366],[13.8565,51.34],[13.8517,51.3367],[13.8259,51.3409],[13.8185,51.3196],[13.8036,51.309],[13.8047,51.2953],[13.8173,51.2819],[13.8035,51.2723],[13.8267,51.2646],[13.8092,51.2577],[13.8144,51.2476],[13.8124,51.2358],[13.78,51.2178],[13.7786,51.2037],[13.7921,51.1929],[13.7695,51.1857],[13.7662,51.1752],[13.7829,51.1663],[13.7984,51.1686],[13.8312,51.1453],[13.857,51.1559],[13.8739,51.1566],[13.8876,51.1406],[13.8697,51.1361],[13.8956,51.1041],[13.9109,51.0942],[13.904,51.0835],[13.8882,51.071],[13.9091,51.0687],[13.9227,51.0632],[13.9415,51.0725],[13.9656,51.0616],[13.9814,51.0688],[14.0029,51.0654],[14.026,51.0695],[14.0369,51.0668],[14.0475,51.085],[14.0638,51.0734],[14.0873,51.0762],[14.106,51.0735],[14.1283,51.0877],[14.143,51.0745],[14.162,51.0667],[14.18,51.0754],[14.1865,51.0876],[14.2048,51.0864],[14.2455,51.0745],[14.2617,51.0614],[14.2787,51.0738],[14.3016,51.0683],[14.3203,51.0679],[14.3179,51.0547],[14.335,51.0397],[14.362,51.0454],[14.3826,51.0386],[14.3832,51.0285],[14.4084,51.0188],[14.4218,51.0196],[14.4538,51.0359],[14.4655,51.0353],[14.4744,51.0255],[14.4927,51.0234],[14.4912,51.0435]]]}},{"type":"Feature","properties":{"code":"DE-14626","name":"Landkreis Görlitz","country":"DE","region":"Sachsen"},"geometry":{"type":"Polygon","coordinates":[[[14.4912,51.0435],[14.5082,51.0419],[14.4986,51.0221],[14.5253,51.0185],[14.5399,51.0104],[14.5787,51.0003],[14.5813,50.9935],[14.5992,50.9871],[14.5961,50.9628],[14.5807,50.9419],[14.5607,50.9254],[14.5648,50.9184],[14.5832,50.9143],[14.6171,50.9255],[14.6502,50.9315],[14.6529,50.9055],[14.6362,50.8974],[14.6319,50.8833],[14.6187,50.8646],[14.6189,50.8577],[14.6483,50.8487],[14.6648,50.8494],[14.6902,50.838],[14.7087,50.8409],[14.7267,50.8225],[14.7388,50.8288],[14.7664,50.8193],[14.8,50.8228],[14.8102,50.8508],[14.8251,50.8693],[14.8196,50.8851],[14.8434,50.9007],[14.8527,50.9111],[14.8672,50.9172],[14.8753,50.9308],[14.8966,50.9406],[14.8931,50.9501],[14.904,50.9675],[14.9181,50.9742],[14.9203,50.9879],[14.9349,51.0062],[14.9391,51.0235],[14.9472,51.028],[14.9483,51.0402],[14.9647,51.0504],[14.9679,51.0714],[14.9839,51.0974],[14.9785,51.1068],[14.9835,51.1179],[14.9965,51.1209],[14.991,51.1413],[15.0007,51.1495],[14.9937,51.1631],[15.0088,51.1823],[15.0137,51.1954],[15.0076,51.2045],[15.0183,51.2211],[15.0166,51.228],[15.0374,51.244],[15.0295,51.2514],[15.0382,51.2592],[15.0335,51.2939],[15.013,51.3008],[15.0096,51.315],[14.9931,51.323],[14.9778,51.3417],[14.9742,51.364],[14.9836,51.3741],[14.9649,51.3861],[14.9635,51.4073],[14.9663,51.4262],[14.9738,51.4423],[14.9559,51.4585],[14.947,51.4721],[14.9274,51.4731],[14.9224,51.4823],[14.8978,51.4821],[14.8884,51.4875],[14.8716,51.4847],[14.8528,51.4893],[14.7968,51.5175],[14.7665,51.5189],[14.7358,51.526],[14.7266,51.5402],[14.7293,51.5497],[14.7112,51.5627],[14.7299,51.5818],[14.7076,51.5973],[14.6966,51.5967],[14.7055,51.5773],[14.6958,51.5746],[14.6886,51.5594],[14.674,51.5506],[14.6558,51.5543],[14.6099,51.5501],[14.599,51.5717],[14.5696,51.5812],[14.5606,51.5735],[14.5444,51.5736],[14.5475,51.5636],[14.5155,51.5542],[14.4999,51.5594],[14.4506,51.5556],[14.4478,51.5421],[14.452,51.5307],[14.4401,51.5116],[14.4667,51.511],[14.4762,51.5028],[14.4709,51.4758],[14.4912,51.4615],[14.4832,51.4507],[14.506,51.4481],[14.5083,51.4378],[14.5227,51.432],[14.4793,51.3853],[14.4852,51.3786],[14.4629,51.3561],[14.458,51.3459],[14.4717,51.342],[14.4789,51.321],[14.5195,51.3339],[14.5242,51.3475],[14.5339,51.3484],[14.5648,51.3174],[14.5777,51.3241],[14.5868,51.312],[14.6057,51.3076],[14.5987,51.2954],[14.6119,51.2803],[14.6236,51.2786],[14.6175,51.264],[14.6364,51.2489],[14.6208,51.2305],[14.6642,51.2108],[14.6834,51.2112],[14.6762,51.1986],[14.6823,51.187],[14.6983,51.1803],[14.6805,51.1661],[14.6828,51.1487],[14.6497,51.1526],[14.6326,51.1364],[14.6317,51.13],[14.6128,51.1291],[14.5935,51.1199],[14.5751,51.1203],[14.5807,51.1047],[14.5658,51.0853],[14.5184,51.0814],[14.4758,51.0742],[14.4901,51.061],[14.4853,51.053],[14.4912,51.0435]]]}},{"type":"Feature","properties":{"code":"DE-14627","name":"Landkreis Meißen","country":"DE","region":"Sachsen"},"geometry":{"type":"Polygon","coordinates":[[[13.6913,51.374],[13.6828,51.3676],[13.6684,51.3761],[13.6615,51.369],[13.5987,51.3689],[13.5876,51.3818],[13.57,51.3857],[13.5508,51.3793],[13.5249,51.3843],[13.5212,51.4021],[13.4633,51.4118],[13.468,51.4198],[13.4345,51.4265],[13.4112,51.4403],[13.4021,51.4541],[13.3882,51.4478],[13.3766,51.4246],[13.3583,51.434],[13.3113,51.4223],[13.309,51.4177],[13.2855,51.4105],[13.2864,51.3993],[13.2634,51.4008],[13.2561,51.3921],[13.2173,51.3951],[13.2102,51.4047],[13.1906,51.3946],[13.1822,51.3777],[13.203,51.3682],[13.2021,51.3511],[13.212,51.3433],[13.2024,51.3295],[13.2058,51.3116],[13.2144,51.2935],[13.2068,51.2775],[13.2166,51.2692],[13.1966,51.2502],[13.207,51.2404],[13.1987,51.2304],[13.2142,51.1826],[13.2279,51.1696],[13.2538,51.1625],[13.2473,51.1323],[13.2494,51.1115],[13.2555,51.0902],[13.2565,51.0639],[13.246,51.054],[13.2606,51.0391],[13.243,51.0287],[13.2364,51.0073],[13.274,51.0301],[13.3259,51.0368],[13.3446,51.0463],[13.3872,51.0518],[13.4015,51.0407],[13.4219,51.0342],[13.4301,51.0537],[13.4528,51.0542],[13.485,51.0666],[13.5053,51.0593],[13.5598,51.0602],[13.5803,51.0646],[13.6069,51.097],[13.6237,51.1026],[13.6588,51.0927],[13.6715,51.0957],[13.6889,51.0887],[13.6923,51.1122],[13.708,51.112],[13.7131,51.1341],[13.7208,51.1401],[13.7368,51.1362],[13.7586,51.1383],[13.7686,51.1446],[13.7533,51.1572],[13.7468,51.1777],[13.7662,51.1752],[13.7695,51.1857],[13.7921,51.1929],[13.7786,51.2037],[13.78,51.2178],[13.8124,51.2358],[13.8144,51.2476],[13.8092,51.2577],[13.8267,51.2646],[13.8035,51.2723],[13.8173,51.2819],[13.8047,51.2953],[13.8036,51.309],[13.8185,51.3196],[13.8259,51.3409],[13.8517,51.3367],[13.8565,51.34],[13.8442,51.366],[13.8353,51.3768],[13.819,51.3695],[13.8088,51.3728],[13.7806,51.3688],[13.7765,51.362],[13.7532,51.3659],[13.7391,51.3612],[13.7134,51.3635],[13.6913,51.374]]]}},{"type":"Feature","properties":{"code":"DE-14628","name":"Landkreis Sächsische Schweiz-Osterzgebirge","country":"DE","region":"Sachsen"},"geometry":{"type":"Polygon","coordinates":[[[14.3179,51.0547],[14.3203,51.0679],[14.3016,51.0683],[14.2787,51.0738],[14.2617,51.0614],[14.2455,51.0745],[14.2048,51.0864],[14.1865,51.0876],[14.18,51.0754],[14.162,51.0667],[14.143,51.0745],[14.1283,51.0877],[14.106,51.0735],[14.0873,51.0762],[14.0638,51.0734],[14.0475,51.085],[14.0369,51.0668],[14.026,51.0695],[14.0029,51.0654],[13.9814,51.0688],[13.9656,51.0616],[13.963,51.0325],[13.9447,51.0254],[13.9273,51.0142],[13.9067,51.0099],[13.9101,50.9994],[13.8951,50.9905],[13.8721,50.9837],[13.8397,50.9876],[13.8312,50.9784],[13.8174,50.9752],[13.7992,50.9798],[13.7896,50.9871],[13.7707,50.9877],[13.7653,51.0011],[13.7511,51.0012],[13.7289,51.01],[13.6874,51.0029],[13.6817,51.0154],[13.6659,51.0173],[13.6606,51.0343],[13.6511,51.0309],[13.6043,51.0319],[13.5951,51.0422],[13.5834,51.0442],[13.5803,51.0646],[13.5598,51.0602],[13.5053,51.0593],[13.485,51.0666],[13.4528,51.0542],[13.4301,51.0537],[13.4219,51.0342],[13.441,51.0289],[13.447,51.0204],[13.4336,51.008],[13.4268,50.9946],[13.4367,50.9812],[13.4667,50.9836],[13.4737,50.9772],[13.4348,50.9568],[13.4281,50.9435],[13.4423,50.9433],[13.4604,50.9019],[13.4882,50.8924],[13.502,50.8669],[13.5125,50.8586],[13.505,50.8394],[13.5159,50.8377],[13.524,50.827],[13.5438,50.8296],[13.5566,50.8165],[13.5624,50.8029],[13.5509,50.7887],[13.5515,50.7822],[13.5768,50.7723],[13.5945,50.7764],[13.6044,50.7701],[13.617,50.7483],[13.6366,50.7412],[13.6522,50.7304],[13.6666,50.7319],[13.6874,50.7199],[13.7079,50.7171],[13.7282,50.7337],[13.7404,50.7272],[13.7583,50.7358],[13.7713,50.733],[13.8094,50.7324],[13.8271,50.7242],[13.8575,50.7282],[13.8682,50.7426],[13.878,50.7382],[13.8969,50.7433],[13.9006,50.7518],[13.8876,50.7711],[13.904,50.794],[13.9184,50.7891],[13.9392,50.79],[13.9558,50.8006],[13.9538,50.8073],[13.9908,50.8199],[14.0347,50.805],[14.0411,50.8108],[14.0784,50.8124],[14.0906,50.8262],[14.1329,50.834],[14.1615,50.8475],[14.2039,50.8522],[14.2233,50.8592],[14.2352,50.8743],[14.2363,50.8826],[14.2675,50.8953],[14.2891,50.8862],[14.3059,50.8843],[14.3482,50.8926],[14.3496,50.8992],[14.3741,50.8962],[14.3876,50.8991],[14.3866,50.915],[14.4018,50.9237],[14.401,50.9333],[14.3882,50.9415],[14.3746,50.9382],[14.3474,50.948],[14.3117,50.9538],[14.3169,50.9607],[14.313,50.9723],[14.327,50.9724],[14.3297,50.9822],[14.3114,50.9847],[14.2822,50.9777],[14.2629,50.9854],[14.2585,50.9921],[14.2652,51.0082],[14.2777,51.0188],[14.2894,51.0397],[14.3019,51.055],[14.3179,51.0547]]]}},{"type":"Feature","properties":{"code":"DE-14713","name":"Kreisfreie Stadt Leipzig","country":"DE","region":"Sachsen"},"geometry":{"type":"Polygon","coordinates":[[[12.4987,51.3605],[12.4796,51.3612],[12.4672,51.3684],[12.4768,51.3834],[12.4666,51.3842],[12.4683,51.4013],[12.4573,51.4102],[12.4589,51.4188],[12.4889,51.4177],[12.4894,51.4314],[12.4726,51.4324],[12.4711,51.4425],[12.4412,51.4481],[12.4425,51.4307],[12.4145,51.429],[12.3944,51.4192],[12.3753,51.4241],[12.3588,51.4177],[12.312,51.4174],[12.2682,51.4198],[12.2633,51.4116],[12.2679,51.3971],[12.2591,51.3813],[12.2441,51.3738],[12.2432,51.3485],[12.2497,51.3384],[12.2369,51.3263],[12.252,51.2992],[12.2625,51.2987],[12.2614,51.2857],[12.2479,51.2781],[12.253,51.2585],[12.2593,51.2509],[12.2581,51.2382],[12.2859,51.2436],[12.3048,51.2435],[12.3272,51.2713],[12.338,51.2676],[12.352,51.2837],[12.3763,51.2909],[12.3905,51.2811],[12.432,51.2853],[12.4472,51.2826],[12.4484,51.2685],[12.4788,51.2577],[12.4898,51.2775],[12.5004,51.2894],[12.505,51.3032],[12.5392,51.3064],[12.5343,51.3169],[12.5426,51.3241],[12.5378,51.3356],[12.5231,51.3484],[12.5091,51.3473],[12.4987,51.3605]]]}},{"type":"Feature","properties":{"code":"DE-14729","name":"Landkreis Leipzig","country":"DE","region":"Sachsen"},"geometry":{"type":"Polygon","coordinates":[[[12.926,51.2182],[12.9133,51.2209],[12.9071,51.2295],[12.9255,51.2472],[12.9287,51.2675],[12.914,51.2676],[12.8962,51.2812],[12.8992,51.2881],[12.8737,51.2994],[12.8701,51.306],[12.8798,51.3181],[12.8971,51.3266],[12.9028,51.3458],[12.9178,51.3543],[12.932,51.3535],[12.9383,51.3665],[12.9284,51.3726],[12.9091,51.3755],[12.9041,51.3995],[12.9353,51.4043],[12.9424,51.4128],[12.9241,51.4161],[12.9217,51.4234],[12.9037,51.4344],[12.8871,51.4372],[12.879,51.4462],[12.8572,51.4457],[12.8168,51.4522],[12.8136,51.4599],[12.7886,51.4687],[12.752,51.4536],[12.7198,51.4546],[12.7137,51.4453],[12.6824,51.4516],[12.6654,51.4494],[12.649,51.44],[12.6453,51.4311],[12.6523,51.4191],[12.6431,51.4094],[12.6213,51.4062],[12.6212,51.3964],[12.5902,51.3814],[12.5856,51.3743],[12.5703,51.3759],[12.5451,51.3707],[12.5346,51.3736],[12.4987,51.3605],[12.5091,51.3473],[12.5231,51.3484],[12.5378,51.3356],[12.5426,51.3241],[12.5343,51.3169],[12.5392,51.3064],[12.505,51.3032],[12.5004,51.2894],[12.4898,51.2775],[12.4788,51.2577],[12.4484,51.2685],[12.4472,51.2826],[12.432,51.2853],[12.3905,51.2811],[12.3763,51.2909],[12.352,51.2837],[12.338,51.2676],[12.3272,51.2713],[12.3048,51.2435],[12.2859,51.2436],[12.2581,51.2382],[12.2593,51.2509],[12.253,51.2585],[12.2479,51.2781],[12.2614,51.2857],[12.2625,51.2987],[12.252,51.2992],[12.2369,51.3263],[12.2497,51.3384],[12.2432,51.3485],[12.1935,51.3325],[12.1698,51.3277],[12.1648,51.3208],[12.1477,51.32],[12.1546,51.3102],[12.1574,51.2923],[12.1689,51.2938],[12.1709,51.2755],[12.1737,51.2583],[12.1894,51.2576],[12.1921,51.2369],[12.2012,51.2134],[12.1896,51.204],[12.1872,51.1915],[12.1934,51.1853],[12.2131,51.1835],[12.2116,51.1724],[12.1983,51.1607],[12.1962,51.1419],[12.239,51.1326],[12.2246,51.1193],[12.2212,51.1099],[12.2337,51.1027],[12.2614,51.0979],[12.2786,51.0993],[12.2835,51.0919],[12.3048,51.0975],[12.3185,51.0938],[12.3316,51.1038],[12.3566,51.0943],[12.3536,51.0846],[12.3753,51.0771],[12.3943,51.0838],[12.4104,51.0729],[12.421,51.0781],[12.4496,51.0771],[12.4695,51.0642],[12.4964,51.0662],[12.5086,51.0531],[12.5029,51.0349],[12.512,51.027],[12.5389,51.0243],[12.5356,51.0141],[12.5509,50.9983],[12.5741,50.9893],[12.6012,50.9927],[12.6174,50.9808],[12.6337,50.9788],[12.6422,50.9837],[12.6863,50.9851],[12.706,51.0071],[12.7175,51.002],[12.7406,51.0001],[12.7293,51.0192],[12.7118,51.0229],[12.7307,51.0377],[12.7251,51.0547],[12.7164,51.0612],[12.7279,51.0827],[12.7445,51.0943],[12.742,51.1064],[12.7695,51.1023],[12.7771,51.1054],[12.8112,51.0916],[12.8577,51.0949],[12.8787,51.094],[12.8963,51.1109],[12.8882,51.1328],[12.8676,51.1475],[12.8493,51.1544],[12.8621,51.1684],[12.8817,51.1804],[12.8836,51.1949],[12.9018,51.2128],[12.9237,51.2101],[12.926,51.2182]]]}},{"type":"Feature","properties":{"code":"DE-14730","name":"Landkreis Nordsachsen","country":"DE","region":"Sachsen"},"geometry":{"type":"Polygon","coordinates":[[[13.051,51.6477],[13.0235,51.6373],[13.0205,51.6534],[13.0116,51.6645],[12.9839,51.6691],[12.967,51.6639],[12.9722,51.6513],[12.9042,51.646],[12.8908,51.654],[12.8954,51.6632],[12.8649,51.6583],[12.859,51.6762],[12.8439,51.685],[12.8318,51.676],[12.8062,51.6671],[12.7925,51.6655],[12.7727,51.6475],[12.7525,51.6496],[12.7402,51.6556],[12.7078,51.6623],[12.6885,51.6625],[12.6665,51.6422],[12.6658,51.6316],[12.6491,51.6204],[12.6228,51.6156],[12.6242,51.628],[12.5913,51.6225],[12.5803,51.6261],[12.5747,51.6154],[12.5338,51.6062],[12.5076,51.6085],[12.4864,51.6043],[12.4621,51.6033],[12.4426,51.6094],[12.4273,51.5993],[12.4254,51.5821],[12.3846,51.5865],[12.3677,51.5831],[12.3484,51.5866],[12.3372,51.5803],[12.3194,51.5776],[12.3133,51.5685],[12.2851,51.5614],[12.2329,51.5611],[12.2313,51.5473],[12.2101,51.5419],[12.1989,51.5313],[12.1928,51.5313],[12.1938,51.5084],[12.2049,51.4978],[12.2031,51.4851],[12.1757,51.4822],[12.1755,51.4697],[12.1489,51.4631],[12.1578,51.4523],[12.1572,51.4327],[12.1825,51.4324],[12.1859,51.4208],[12.1749,51.4003],[12.1747,51.3794],[12.1825,51.3732],[12.1905,51.3539],[12.1935,51.3325],[12.2432,51.3485],[12.2441,51.3738],[12.2591,51.3813],[12.2679,51.3971],[12.2633,51.4116],[12.2682,51.4198],[12.312,51.4174],[12.3588,51.4177],[12.3753,51.4241],[12.3944,51.4192],[12.4145,51.429],[12.4425,51.4307],[12.4412,51.4481],[12.4711,51.4425],[12.4726,51.4324],[12.4894,51.4314],[12.4889,51.4177],[12.4589,51.4188],[12.4573,51.4102],[12.4683,51.4013],[12.4666,51.3842],[12.4768,51.3834],[12.4672,51.3684],[12.4796,51.3612],[12.4987,51.3605],[12.5346,51.3736],[12.5451,51.3707],[12.5703,51.3759],[12.5856,51.3743],[12.5902,51.3814],[12.6212,51.3964],[12.6213,51.4062],[12.6431,51.4094],[12.6523,51.4191],[12.6453,51.4311],[12.649,51.44],[12.6654,51.4494],[12.6824,51.4516],[12.7137,51.4453],[12.7198,51.4546],[12.752,51.4536],[12.7886,51.4687],[12.8136,51.4599],[12.8168,51.4522],[12.8572,51.4457],[12.879,51.4462],[12.8871,51.4372],[12.9037,51.4344],[12.9217,51.4234],[12.9241,51.4161],[12.9424,51.4128],[12.9353,51.4043],[12.9041,51.3995],[12.9091,51.3755],[12.9284,51.3726],[12.9383,51.3665],[12.932,51.3535],[12.9178,51.3543],[12.9028,51.3458],[12.8971,51.3266],[12.8798,51.3181],[12.8701,51.306],[12.8737,51.2994],[12.8992,51.2881],[12.8962,51.2812],[12.914,51.2676],[12.9287,51.2675],[12.9255,51.2472],[12.9071,51.2295],[12.9133,51.2209],[12.926,51.2182],[12.961,51.2252],[12.9919,51.2221],[13.0175,51.2064],[13.0183,51.2001],[13.0441,51.2015],[13.051,51.2162],[13.064,51.2132],[13.0785,51.2189],[13.0884,51.2113],[13.1001,51.2134],[13.1034,51.2225],[13.1474,51.221],[13.1835,51.2347],[13.1987,51.2304],[13.207,51.2404],[13.1966,51.2502],[13.2166,51.2692],[13.2068,51.2775],[13.2144,51.2935],[13.2058,51.3116],[13.2024,51.3295],[13.212,51.3433],[13.2021,51.3511],[13.203,51.3682],[13.1822,51.3777],[13.1906,51.3946],[13.2102,51.4047],[13.2017,51.4207],[13.2035,51.4294],[13.1934,51.4358],[13.2041,51.4569],[13.1845,51.4691],[13.187,51.4868],[13.2039,51.4988],[13.2084,51.5103],[13.1901,51.5396],[13.1856,51.5581],[13.1608,51.559],[13.141,51.5712],[13.1618,51.5921],[13.155,51.6002],[13.1345,51.6057],[13.121,51.6189],[13.104,51.6165],[13.0938,51.6059],[13.051,51.6477]]]}},{"type":"Feature","properties":{"code":"DE-15001","name":"Kreisfreie Stadt Dessau-Roßlau","country":"DE","region":"Sachsen-Anhalt"},"geometry":{"type":"Polygon","coordinates":[[[12.2813,51.9703],[12.2297,51.9616],[12.2112,51.9621],[12.2099,51.9414],[12.1883,51.9339],[12.155,51.9269],[12.169,51.9193],[12.1784,51.9082],[12.1657,51.902],[12.1377,51.9035],[12.1226,51.8982],[12.1138,51.8715],[12.1439,51.8658],[12.1424,51.8488],[12.1354,51.8395],[12.1327,51.8221],[12.1388,51.8146],[12.1181,51.8067],[12.1207,51.7841],[12.158,51.776],[12.228,51.7568],[12.2388,51.7837],[12.2641,51.7852],[12.2829,51.7921],[12.3063,51.7583],[12.3059,51.7502],[12.3209,51.734],[12.3359,51.7338],[12.3512,51.7355],[12.3431,51.749],[12.3476,51.7695],[12.3383,51.7799],[12.3411,51.7896],[12.3196,51.7933],[12.3067,51.8074],[12.3213,51.8192],[12.3189,51.8388],[12.3079,51.8439],[12.2844,51.8646],[12.3024,51.8837],[12.3193,51.8858],[12.3205,51.8982],[12.3104,51.9146],[12.308,51.9318],[12.3206,51.94],[12.3061,51.9521],[12.2834,51.9435],[12.2696,51.9583],[12.2813,51.9703]]]}},{"type":"Feature","properties":{"code":"DE-15002","name":"Kreisfreie Stadt Halle (Saale)","country":"DE","region":"Sachsen-Anhalt"},"geometry":{"type":"Polygon","coordinates":[[[11.9984,51.5423],[11.9615,51.539],[11.9382,51.5293],[11.9091,51.5303],[11.8934,51.5353],[11.8763,51.5311],[11.8775,51.5198],[11.8571,51.5146],[11.8788,51.4918],[11.8629,51.4927],[11.8719,51.4746],[11.8862,51.4726],[11.8883,51.4632],[11.9143,51.4645],[11.9302,51.4525],[11.9151,51.4465],[11.9198,51.4397],[11.9504,51.4341],[11.9529,51.4073],[11.9822,51.4057],[12.0178,51.4104],[12.0124,51.4169],[12.029,51.4284],[12.0243,51.4343],[12.0411,51.4503],[12.0416,51.4581],[12.0564,51.46],[12.0529,51.4761],[12.0785,51.4745],[12.087,51.485],[12.0822,51.4979],[12.0701,51.4927],[12.0346,51.4973],[12.0228,51.5162],[12.025,51.5262],[12.0098,51.5283],[12.0091,51.5386],[11.9984,51.5423]]]}},{"type":"Feature","properties":{"code":"DE-15003","name":"Kreisfreie Stadt Magdeburg","country":"DE","region":"Sachsen-Anhalt"},"geometry":{"type":"Polygon","coordinates":[[[11.7046,52.1995],[11.6887,52.2056],[11.6723,52.227],[11.6371,52.2284],[11.6475,52.1987],[11.6275,52.187],[11.598,52.1828],[11.5688,52.175],[11.5611,52.1683],[11.5606,52.1425],[11.5476,52.1439],[11.5209,52.0673],[11.5436,52.0621],[11.5999,52.0697],[11.6035,52.06],[11.6153,52.0565],[11.6281,52.0361],[11.6371,52.0301],[11.6472,52.0252],[11.6946,52.05],[11.7085,52.0418],[11.7335,52.0422],[11.734,52.0502],[11.7482,52.0556],[11.7624,52.0731],[11.7633,52.0765],[11.7394,52.0854],[11.7487,52.0932],[11.7442,52.1008],[11.7217,52.1001],[11.7141,52.1154],[11.7223,52.144],[11.7044,52.1519],[11.7075,52.1658],[11.6873,52.187],[11.7046,52.1995]]]}},{"type":"Feature","properties":{"code":"DE-15081","name":"Landkreis Altmarkkreis Salzwedel","country":"DE","region":"Sachsen-Anhalt"},"geometry":{"type":"Polygon","coordinates":[[[11.5872,52.4587],[11.6052,52.4938],[11.5861,52.4979],[11.5905,52.5201],[11.569,52.5247],[11.5742,52.5344],[11.5713,52.5472],[11.5773,52.5541],[11.5891,52.5852],[11.5889,52.6154],[11.5599,52.6138],[11.5382,52.6173],[11.5231,52.6157],[11.5067,52.6081],[11.4713,52.6091],[11.451,52.6069],[11.4477,52.6126],[11.4207,52.6108],[11.4044,52.629],[11.4211,52.6371],[11.4567,52.639],[11.4797,52.6512],[11.4908,52.6521],[11.483,52.6693],[11.4747,52.6723],[11.474,52.6874],[11.4907,52.6908],[11.5136,52.7015],[11.5232,52.7122],[11.5203,52.7254],[11.5228,52.743],[11.5548,52.7566],[11.5627,52.7662],[11.543,52.7725],[11.51,52.7691],[11.5136,52.7869],[11.5403,52.7984],[11.5314,52.8142],[11.4814,52.8145],[11.4698,52.8372],[11.5275,52.8422],[11.5354,52.8523],[11.5721,52.8478],[11.5927,52.8567],[11.6261,52.856],[11.6322,52.8613],[11.6244,52.8775],[11.6375,52.8978],[11.6016,52.9028],[11.5719,52.9213],[11.5503,52.9217],[11.5101,52.934],[11.505,52.941],[11.4701,52.9389],[11.4544,52.9334],[11.4237,52.9165],[11.4091,52.9051],[11.3747,52.9002],[11.3545,52.8904],[11.3143,52.8782],[11.2954,52.8749],[11.2942,52.8871],[11.2766,52.8875],[11.2672,52.8801],[11.2394,52.8795],[11.2358,52.8886],[11.2206,52.8977],[11.179,52.9019],[11.1547,52.9019],[11.1131,52.8957],[11.0932,52.8995],[11.0987,52.9129],[11.0671,52.9095],[11.039,52.9134],[10.9981,52.9104],[10.9891,52.8991],[10.9901,52.8882],[10.9795,52.8783],[10.9647,52.8729],[10.9396,52.8533],[10.8952,52.8556],[10.8906,52.8459],[10.8633,52.8551],[10.8416,52.8522],[10.8348,52.8475],[10.8006,52.8503],[10.7961,52.8436],[10.7667,52.8422],[10.7717,52.8339],[10.757,52.8181],[10.7593,52.7958],[10.7554,52.7868],[10.7755,52.7624],[10.7756,52.7558],[10.7918,52.7475],[10.7888,52.7322],[10.7965,52.7147],[10.8245,52.718],[10.8362,52.7077],[10.8331,52.7009],[10.8594,52.6748],[10.8778,52.6638],[10.8836,52.651],[10.8969,52.6427],[10.9048,52.6271],[10.9303,52.6114],[10.9452,52.6202],[10.9642,52.6259],[10.977,52.6241],[10.9756,52.6068],[10.9397,52.5888],[10.9376,52.5674],[10.9423,52.5559],[10.9599,52.5349],[11.0088,52.4967],[11.0256,52.5029],[11.0351,52.4982],[11.0517,52.5082],[11.0615,52.5019],[11.072,52.4862],[11.0773,52.4702],[11.1053,52.4498],[11.1525,52.4336],[11.21,52.4383],[11.241,52.4374],[11.2844,52.4299],[11.2949,52.4384],[11.3099,52.4404],[11.3215,52.4246],[11.3556,52.4252],[11.382,52.4306],[11.3889,52.4218],[11.4056,52.4253],[11.4514,52.4079],[11.4432,52.3999],[11.447,52.3868],[11.5624,52.4102],[11.5872,52.4587]]]}},{"type":"Feature","properties":{"code":"DE-15082","name":"Landkreis Anhalt-Bitterfeld","country":"DE","region":"Sachsen-Anhalt"},"geometry":{"type":"Polygon","coordinates":[[[12.3761,52.0451],[12.3598,52.0465],[12.3481,52.0593],[12.329,52.0696],[12.3144,52.0932],[12.2767,52.104],[12.2669,52.1003],[12.2141,52.1025],[12.2046,52.0887],[12.1784,52.0765],[12.133,52.0692],[12.0981,52.0753],[12.0787,52.0759],[12.057,52.0573],[12.0324,52.0588],[12.0173,52.039],[11.9943,52.0334],[11.9869,52.026],[11.966,52.0245],[11.9523,52.0084],[11.9238,52.0015],[11.8908,52.0014],[11.8843,51.9788],[11.915,51.9553],[11.9264,51.9506],[11.9489,51.9322],[11.9664,51.9246],[11.9675,51.9156],[12.0103,51.8902],[12.0196,51.8804],[12.0012,51.8783],[11.9961,51.8719],[11.9669,51.867],[11.9374,51.8806],[11.922,51.8792],[11.9071,51.8641],[11.8723,51.854],[11.8577,51.8375],[11.8826,51.8193],[11.881,51.8106],[11.8551,51.7859],[11.8719,51.7785],[11.8672,51.7692],[11.891,51.7633],[11.8832,51.7496],[11.8683,51.7494],[11.855,51.7394],[11.8554,51.7144],[11.8467,51.7101],[11.8382,51.6834],[11.8654,51.6754],[11.8734,51.6676],[11.9132,51.6482],[11.9555,51.6423],[11.9737,51.6463],[12.0399,51.6437],[12.0424,51.6343],[12.0277,51.6284],[12.0286,51.6213],[12.0441,51.6119],[12.046,51.5982],[12.0312,51.5952],[12.0463,51.5844],[12.0591,51.5847],[12.1248,51.5801],[12.1643,51.5811],[12.1693,51.5498],[12.1872,51.535],[12.1989,51.5313],[12.2101,51.5419],[12.2313,51.5473],[12.2329,51.5611],[12.2851,51.5614],[12.3133,51.5685],[12.3194,51.5776],[12.3372,51.5803],[12.3484,51.5866],[12.3677,51.5831],[12.3846,51.5865],[12.4254,51.5821],[12.4273,51.5993],[12.4426,51.6094],[12.4621,51.6033],[12.4864,51.6043],[12.5076,51.6085],[12.5338,51.6062],[12.5747,51.6154],[12.5803,51.6261],[12.5693,51.6389],[12.5741,51.6674],[12.5497,51.6684],[12.5171,51.6605],[12.4975,51.6707],[12.4951,51.6825],[12.4744,51.6823],[12.4746,51.7028],[12.4599,51.7053],[12.4299,51.703],[12.412,51.6951],[12.3856,51.6982],[12.3716,51.6948],[12.3608,51.6852],[12.35,51.6856],[12.3448,51.7036],[12.3547,51.7117],[12.3486,51.7198],[12.3265,51.7177],[12.3239,51.7265],[12.3359,51.7338],[12.3209,51.734],[12.3059,51.7502],[12.3063,51.7583],[12.2829,51.7921],[12.2641,51.7852],[12.2388,51.7837],[12.228,51.7568],[12.158,51.776],[12.1207,51.7841],[12.1181,51.8067],[12.1388,51.8146],[12.1327,51.8221],[12.1354,51.8395],[12.1424,51.8488],[12.1439,51.8658],[12.1138,51.8715],[12.1226,51.8982],[12.1377,51.9035],[12.1657,51.902],[12.1784,51.9082],[12.169,51.9193],[12.155,51.9269],[12.1883,51.9339],[12.2099,51.9414],[12.2112,51.9621],[12.2297,51.9616],[12.2813,51.9703],[12.2801,51.9795],[12.2651,51.9884],[12.278,51.9948],[12.3098,51.9961],[12.3217,51.9999],[12.3395,52.019],[12.3545,52.0269],[12.374,52.0271],[12.3761,52.0451]]]}},{"type":"Feature","properties":{"code":"DE-15083","name":"Landkreis Börde","country":"DE","region":"Sachsen-Anhalt"},"geometry":{"type":"Polygon","coordinates":[[[11.5872,52.4587],[11.5624,52.4102],[11.447,52.3868],[11.4432,52.3999],[11.4514,52.4079],[11.4056,52.4253],[11.3889,52.4218],[11.382,52.4306],[11.3556,52.4252],[11.3215,52.4246],[11.3099,52.4404],[11.2949,52.4384],[11.2844,52.4299],[11.241,52.4374],[11.21,52.4383],[11.1525,52.4336],[11.1053,52.4498],[11.0773,52.4702],[11.072,52.4862],[11.0615,52.5019],[11.0517,52.5082],[11.0351,52.4982],[11.0256,52.5029],[11.0088,52.4967],[10.9817,52.4971],[10.9748,52.5014],[10.9436,52.4923],[10.941,52.4766],[10.9345,52.4718],[10.9337,52.461],[10.9478,52.4539],[10.9605,52.4368],[11.0056,52.4089],[11.0189,52.3922],[11.0468,52.3879],[11.065,52.3769],[11.0695,52.3579],[11.0376,52.3455],[11.007,52.3457],[10.9938,52.342],[11.0272,52.3144],[11.0392,52.3017],[11.0125,52.2913],[11.0291,52.2701],[11.0522,52.2674],[11.0524,52.2537],[11.0597,52.2426],[11.0786,52.2394],[11.0862,52.2286],[11.0772,52.2187],[11.0449,52.2151],[11.0214,52.205],[11.0146,52.195],[11.0143,52.1819],[11.0359,52.1717],[11.0537,52.1728],[11.0615,52.1652],[11.0604,52.1537],[11.045,52.1436],[11.0463,52.1369],[10.9769,52.1057],[10.9422,52.1031],[10.9462,52.0924],[10.9709,52.0854],[10.9731,52.074],[10.9644,52.0566],[11.0143,52.0463],[11.0254,52.0399],[11.0702,52.0379],[11.0698,52.0236],[11.0836,52.0268],[11.0845,52.0117],[11.1117,52.0002],[11.1529,52.0003],[11.1525,51.9726],[11.1553,51.9658],[11.1755,51.9655],[11.1803,51.9559],[11.1606,51.9398],[11.1699,51.9203],[11.1908,51.9265],[11.2224,51.9192],[11.2263,51.9087],[11.2499,51.9014],[11.2822,51.9062],[11.3114,51.8998],[11.3408,51.9012],[11.3464,51.9136],[11.3713,51.9335],[11.3602,51.9391],[11.3449,51.9624],[11.365,51.9797],[11.3794,51.9831],[11.3954,51.9807],[11.4096,52.0011],[11.4468,52.0068],[11.4473,51.9914],[11.4589,51.9849],[11.4815,51.9815],[11.5057,51.9685],[11.5088,51.9627],[11.5711,51.9674],[11.5974,51.966],[11.6032,51.9694],[11.6048,51.9862],[11.6015,52.0193],[11.625,52.0214],[11.6371,52.0301],[11.6281,52.0361],[11.6153,52.0565],[11.6035,52.06],[11.5999,52.0697],[11.5436,52.0621],[11.5209,52.0673],[11.5476,52.1439],[11.5606,52.1425],[11.5611,52.1683],[11.5688,52.175],[11.598,52.1828],[11.6275,52.187],[11.6475,52.1987],[11.6371,52.2284],[11.6723,52.227],[11.6887,52.2056],[11.7046,52.1995],[11.7141,52.2068],[11.7045,52.2202],[11.702,52.2428],[11.7297,52.2534],[11.7552,52.2787],[11.765,52.2951],[11.7674,52.3113],[11.7966,52.3236],[11.8053,52.3346],[11.7905,52.3413],[11.7951,52.3543],[11.8171,52.3486],[11.8183,52.3342],[11.8519,52.3316],[11.845,52.3459],[11.8571,52.3474],[11.8298,52.3644],[11.8281,52.372],[11.8406,52.401],[11.8172,52.4149],[11.7886,52.4094],[11.7741,52.3996],[11.7481,52.403],[11.7179,52.4105],[11.733,52.4244],[11.7168,52.4277],[11.7001,52.4592],[11.6732,52.4641],[11.6387,52.4646],[11.5872,52.4587]]]}},{"type":"Feature","properties":{"code":"DE-15084","name":"Landkreis Burgenlandkreis","country":"DE","region":"Sachsen-Anhalt"},"geometry":{"type":"Polygon","coordinates":[[[12.1709,51.2755],[12.1476,51.2788],[12.1448,51.2702],[12.1136,51.2683],[12.1125,51.261],[12.0885,51.26],[12.0648,51.2524],[12.0462,51.2615],[12.0594,51.2685],[12.0408,51.2861],[12.002,51.2766],[11.9989,51.282],[11.9689,51.2696],[11.9256,51.2702],[11.9293,51.255],[11.9235,51.2364],[11.8993,51.2334],[11.8775,51.2438],[11.8461,51.2371],[11.8366,51.2482],[11.8095,51.2449],[11.7877,51.2476],[11.788,51.2682],[11.7776,51.27],[11.7569,51.2823],[11.7122,51.2716],[11.6992,51.2663],[11.6882,51.277],[11.6774,51.2764],[11.6583,51.2901],[11.6293,51.306],[11.6349,51.3142],[11.6059,51.3159],[11.5973,51.3026],[11.5874,51.3061],[11.5674,51.2955],[11.5721,51.2902],[11.5639,51.2788],[11.5502,51.2752],[11.5271,51.2865],[11.5184,51.2763],[11.4988,51.2805],[11.473,51.2965],[11.4599,51.2941],[11.4561,51.2772],[11.4258,51.2556],[11.4126,51.2411],[11.3854,51.2459],[11.3648,51.2214],[11.391,51.2165],[11.3914,51.2035],[11.4081,51.2037],[11.4309,51.2125],[11.446,51.2081],[11.4558,51.1954],[11.4702,51.1904],[11.4708,51.1698],[11.4793,51.1588],[11.4719,51.1482],[11.451,51.1467],[11.4656,51.1244],[11.4634,51.1128],[11.4846,51.1054],[11.5233,51.1049],[11.5456,51.1025],[11.5478,51.1117],[11.5623,51.1114],[11.5717,51.1194],[11.6017,51.1139],[11.62,51.1047],[11.6382,51.1111],[11.6623,51.1111],[11.6892,51.0986],[11.6969,51.0875],[11.7008,51.0694],[11.7212,51.071],[11.7533,51.057],[11.7597,51.0429],[11.7746,51.0532],[11.8039,51.0472],[11.8296,51.0516],[11.8615,51.0523],[11.8851,51.0566],[11.9036,51.0442],[11.9215,51.0263],[11.9431,51.0324],[11.9652,51.0183],[11.9801,51.0143],[11.9786,51.0037],[11.9685,50.9992],[11.9742,50.9903],[11.9965,50.9932],[12.0143,50.9839],[12.021,50.9691],[12.0375,50.9729],[12.0554,50.9686],[12.0875,50.9764],[12.1054,50.9737],[12.135,50.965],[12.1584,50.9631],[12.1635,50.9586],[12.1632,50.9665],[12.1825,50.9759],[12.198,50.9568],[12.212,50.959],[12.2143,50.9431],[12.2242,50.9429],[12.2415,50.9559],[12.2364,50.9645],[12.2399,50.9757],[12.2657,50.992],[12.2917,51.0187],[12.287,51.0376],[12.2731,51.0406],[12.2622,51.0496],[12.2585,51.0661],[12.2842,51.0859],[12.2835,51.0919],[12.2786,51.0993],[12.2614,51.0979],[12.2337,51.1027],[12.2212,51.1099],[12.2246,51.1193],[12.239,51.1326],[12.1962,51.1419],[12.1983,51.1607],[12.2116,51.1724],[12.2131,51.1835],[12.1934,51.1853],[12.1872,51.1915],[12.1896,51.204],[12.2012,51.2134],[12.1921,51.2369],[12.1894,51.2576],[12.1737,51.2583],[12.1709,51.2755]]]}},{"type":"Feature","properties":{"code":"DE-15085","name":"Landkreis Harz","country":"DE","region":"Sachsen-Anhalt"},"geometry":{"type":"Polygon","coordinates":[[[10.9644,52.0566],[10.9349,52.0597],[10.8765,52.059],[10.8593,52.0521],[10.8287,52.0477],[10.8015,52.048],[10.7874,52.0502],[10.7386,52.0479],[10.7039,52.0499],[10.6479,52.0417],[10.6555,52.0247],[10.639,52.0153],[10.6002,52.0072],[10.573,52.0104],[10.5612,52.0041],[10.5868,51.9827],[10.5857,51.9762],[10.6067,51.9752],[10.6475,51.9536],[10.6225,51.9475],[10.6133,51.9395],[10.6181,51.9315],[10.6133,51.9215],[10.6382,51.916],[10.6489,51.9072],[10.6493,51.8891],[10.6335,51.873],[10.6182,51.8696],[10.6015,51.8542],[10.5845,51.8531],[10.577,51.843],[10.5884,51.8358],[10.5779,51.8258],[10.5743,51.8114],[10.5837,51.7992],[10.5815,51.78],[10.593,51.7677],[10.6289,51.7561],[10.6335,51.7363],[10.6423,51.725],[10.6687,51.7094],[10.6726,51.697],[10.6643,51.6887],[10.6705,51.6669],[10.6829,51.6606],[10.6917,51.6465],[10.7014,51.6422],[10.7371,51.6451],[10.7494,51.6403],[10.7645,51.649],[10.7854,51.6419],[10.8182,51.639],[10.8212,51.6239],[10.8404,51.6316],[10.8591,51.6328],[10.8866,51.6121],[10.9161,51.6164],[10.9317,51.63],[10.9693,51.6332],[10.9763,51.6246],[10.9975,51.6288],[11.0186,51.627],[11.0184,51.6195],[11.036,51.6034],[11.0415,51.5936],[11.0615,51.5999],[11.0849,51.6021],[11.0983,51.5997],[11.1011,51.5905],[11.1246,51.5918],[11.1135,51.5766],[11.1243,51.5681],[11.1411,51.5674],[11.1573,51.574],[11.1573,51.5863],[11.1917,51.5924],[11.2137,51.5897],[11.2295,51.5966],[11.2436,51.609],[11.2499,51.6213],[11.2362,51.6343],[11.2575,51.6463],[11.2872,51.6489],[11.2894,51.6596],[11.3096,51.661],[11.3331,51.67],[11.3344,51.6788],[11.3627,51.6923],[11.3816,51.6917],[11.396,51.6993],[11.3906,51.7138],[11.4016,51.7299],[11.4074,51.743],[11.3995,51.7694],[11.3467,51.7787],[11.326,51.7579],[11.304,51.7586],[11.2789,51.7706],[11.2711,51.7851],[11.2736,51.7948],[11.2529,51.7998],[11.2396,51.8083],[11.2669,51.8346],[11.2934,51.8292],[11.3203,51.8483],[11.3385,51.8532],[11.3325,51.8688],[11.3415,51.8756],[11.328,51.8872],[11.3408,51.9012],[11.3114,51.8998],[11.2822,51.9062],[11.2499,51.9014],[11.2263,51.9087],[11.2224,51.9192],[11.1908,51.9265],[11.1699,51.9203],[11.1606,51.9398],[11.1803,51.9559],[11.1755,51.9655],[11.1553,51.9658],[11.1525,51.9726],[11.1529,52.0003],[11.1117,52.0002],[11.0845,52.0117],[11.0836,52.0268],[11.0698,52.0236],[11.0702,52.0379],[11.0254,52.0399],[11.0143,52.0463],[10.9644,52.0566]]]}},{"type":"Feature","properties":{"code":"DE-15086","name":"Landkreis Jerichower Land","country":"DE","region":"Sachsen-Anhalt"},"geometry":{"type":"Polygon","coordinates":[[[12.1713,52.5062],[12.1624,52.501],[12.145,52.5075],[12.1142,52.5065],[12.103,52.5116],[12.1032,52.5244],[12.0811,52.5351],[12.0633,52.5352],[12.0517,52.5254],[12.0211,52.5248],[11.9915,52.519],[11.9873,52.532],[11.9991,52.5464],[11.9955,52.5692],[11.9855,52.5651],[11.9857,52.5527],[11.979,52.5353],[11.9631,52.5238],[11.9631,52.5124],[11.985,52.494],[11.9877,52.474],[12.0016,52.4624],[11.9929,52.4473],[11.99,52.4277],[11.976,52.4182],[11.9617,52.4005],[11.9324,52.3939],[11.9377,52.3737],[11.911,52.3705],[11.9038,52.3565],[11.8519,52.3316],[11.8183,52.3342],[11.8053,52.3346],[11.7966,52.3236],[11.7674,52.3113],[11.765,52.2951],[11.7552,52.2787],[11.7297,52.2534],[11.702,52.2428],[11.7045,52.2202],[11.7141,52.2068],[11.7046,52.1995],[11.6873,52.187],[11.7075,52.1658],[11.7044,52.1519],[11.7223,52.144],[11.7141,52.1154],[11.7217,52.1001],[11.7442,52.1008],[11.7487,52.0932],[11.7633,52.0765],[11.7624,52.0731],[11.7736,52.0673],[11.8034,52.0681],[11.8148,52.0625],[11.8341,52.0631],[11.8474,52.0576],[11.8499,52.0294],[11.8799,52.0219],[11.8908,52.0014],[11.9238,52.0015],[11.9523,52.0084],[11.966,52.0245],[11.9869,52.026],[11.9943,52.0334],[12.0173,52.039],[12.0324,52.0588],[12.057,52.0573],[12.0787,52.0759],[12.0981,52.0753],[12.133,52.0692],[12.1784,52.0765],[12.2046,52.0887],[12.2141,52.1025],[12.2669,52.1003],[12.2767,52.104],[12.2632,52.1328],[12.2475,52.1376],[12.2313,52.155],[12.234,52.1628],[12.2181,52.1733],[12.2286,52.186],[12.2483,52.1842],[12.2423,52.1961],[12.2603,52.2165],[12.2788,52.217],[12.2889,52.2254],[12.2838,52.2345],[12.2615,52.2461],[12.2446,52.2484],[12.2547,52.2619],[12.2509,52.2726],[12.2628,52.2951],[12.2844,52.3215],[12.2901,52.323],[12.3081,52.3447],[12.2838,52.3643],[12.3006,52.3711],[12.294,52.3819],[12.3031,52.3983],[12.2745,52.4161],[12.2934,52.4235],[12.3172,52.4541],[12.3255,52.4649],[12.3231,52.476],[12.3083,52.4803],[12.3113,52.4908],[12.2984,52.4961],[12.2714,52.4875],[12.2691,52.5005],[12.2597,52.5046],[12.2564,52.519],[12.2361,52.5237],[12.2255,52.5129],[12.2214,52.5005],[12.1814,52.4997],[12.1713,52.5062]]]}},{"type":"Feature","properties":{"code":"DE-15087","name":"Landkreis Mansfeld-Südharz","country":"DE","region":"Sachsen-Anhalt"},"geometry":{"type":"Polygon","coordinates":[[[11.7516,51.6333],[11.7454,51.6288],[11.7198,51.629],[11.7054,51.6446],[11.6886,51.6501],[11.6402,51.6548],[11.6045,51.6644],[11.6126,51.6766],[11.6046,51.7015],[11.5839,51.7005],[11.5466,51.685],[11.5186,51.6883],[11.5173,51.7031],[11.4978,51.7167],[11.4633,51.7178],[11.4464,51.7128],[11.432,51.7216],[11.4016,51.7299],[11.3906,51.7138],[11.396,51.6993],[11.3816,51.6917],[11.3627,51.6923],[11.3344,51.6788],[11.3331,51.67],[11.3096,51.661],[11.2894,51.6596],[11.2872,51.6489],[11.2575,51.6463],[11.2362,51.6343],[11.2499,51.6213],[11.2436,51.609],[11.2295,51.5966],[11.2137,51.5897],[11.1917,51.5924],[11.1573,51.5863],[11.1573,51.574],[11.1411,51.5674],[11.1243,51.5681],[11.1135,51.5766],[11.1246,51.5918],[11.1011,51.5905],[11.0983,51.5997],[11.0849,51.6021],[11.0615,51.5999],[11.0415,51.5936],[11.036,51.6034],[11.0184,51.6195],[11.0186,51.627],[10.9975,51.6288],[10.9763,51.6246],[10.9693,51.6332],[10.9317,51.63],[10.9161,51.6164],[10.9141,51.6112],[10.9374,51.6016],[10.9305,51.5917],[10.9033,51.5938],[10.8939,51.5986],[10.8821,51.5805],[10.8997,51.5611],[10.9165,51.5475],[10.9399,51.5413],[10.9329,51.5215],[10.9397,51.5007],[10.9574,51.4932],[10.9704,51.4814],[10.9612,51.4631],[10.9723,51.4514],[10.9667,51.4324],[10.9781,51.4269],[10.9982,51.4287],[11.0053,51.4168],[11.0457,51.4239],[11.0518,51.4295],[11.0715,51.4286],[11.102,51.4169],[11.1239,51.4125],[11.1529,51.4016],[11.1834,51.4059],[11.1924,51.4029],[11.2239,51.4132],[11.2302,51.4057],[11.2528,51.4007],[11.2743,51.4008],[11.3222,51.4096],[11.3308,51.3903],[11.3783,51.3872],[11.3969,51.3813],[11.3911,51.3725],[11.3931,51.3595],[11.401,51.3494],[11.4058,51.3422],[11.412,51.3425],[11.4289,51.3398],[11.4166,51.3436],[11.4305,51.3638],[11.4654,51.3747],[11.4746,51.388],[11.4906,51.3954],[11.5004,51.4121],[11.5134,51.4127],[11.5386,51.4333],[11.5615,51.4436],[11.6005,51.4436],[11.6051,51.4528],[11.6332,51.4611],[11.6563,51.4491],[11.6686,51.4506],[11.6756,51.4332],[11.6969,51.4226],[11.7427,51.4298],[11.7399,51.4423],[11.7659,51.4444],[11.7752,51.4627],[11.7621,51.4688],[11.7399,51.4857],[11.7074,51.4986],[11.7048,51.5127],[11.724,51.5273],[11.7134,51.5503],[11.6879,51.5606],[11.7095,51.5859],[11.73,51.592],[11.7351,51.607],[11.7565,51.611],[11.7485,51.6212],[11.7516,51.6333]]]}},{"type":"Feature","properties":{"code":"DE-15088","name":"Landkreis Saalekreis","country":"DE","region":"Sachsen-Anhalt"},"geometry":{"type":"Polygon","coordinates":[[[12.1989,51.5313],[12.1872,51.535],[12.1693,51.5498],[12.1643,51.5811],[12.1248,51.5801],[12.0591,51.5847],[12.0463,51.5844],[12.0312,51.5952],[12.046,51.5982],[12.0441,51.6119],[12.0286,51.6213],[12.0277,51.6284],[12.0424,51.6343],[12.0399,51.6437],[11.9737,51.6463],[11.9555,51.6423],[11.9132,51.6482],[11.8734,51.6676],[11.8654,51.6754],[11.8494,51.6546],[11.8385,51.6517],[11.8236,51.6584],[11.8171,51.6506],[11.7991,51.6427],[11.7559,51.6511],[11.7457,51.6454],[11.7516,51.6333],[11.7485,51.6212],[11.7565,51.611],[11.7351,51.607],[11.73,51.592],[11.7095,51.5859],[11.6879,51.5606],[11.7134,51.5503],[11.724,51.5273],[11.7048,51.5127],[11.7074,51.4986],[11.7399,51.4857],[11.7621,51.4688],[11.7752,51.4627],[11.7659,51.4444],[11.7399,51.4423],[11.7427,51.4298],[11.6969,51.4226],[11.6756,51.4332],[11.6686,51.4506],[11.6563,51.4491],[11.6332,51.4611],[11.6051,51.4528],[11.6005,51.4436],[11.5615,51.4436],[11.5386,51.4333],[11.5134,51.4127],[11.5004,51.4121],[11.4906,51.3954],[11.4746,51.388],[11.4654,51.3747],[11.4305,51.3638],[11.4166,51.3436],[11.4289,51.3398],[11.422,51.3311],[11.437,51.3189],[11.4671,51.3046],[11.473,51.2965],[11.4988,51.2805],[11.5184,51.2763],[11.5271,51.2865],[11.5502,51.2752],[11.5639,51.2788],[11.5721,51.2902],[11.5674,51.2955],[11.5874,51.3061],[11.5973,51.3026],[11.6059,51.3159],[11.6349,51.3142],[11.6293,51.306],[11.6583,51.2901],[11.6774,51.2764],[11.6882,51.277],[11.6992,51.2663],[11.7122,51.2716],[11.7569,51.2823],[11.7776,51.27],[11.788,51.2682],[11.7877,51.2476],[11.8095,51.2449],[11.8366,51.2482],[11.8461,51.2371],[11.8775,51.2438],[11.8993,51.2334],[11.9235,51.2364],[11.9293,51.255],[11.9256,51.2702],[11.9689,51.2696],[11.9989,51.282],[12.002,51.2766],[12.0408,51.2861],[12.0594,51.2685],[12.0462,51.2615],[12.0648,51.2524],[12.0885,51.26],[12.1125,51.261],[12.1136,51.2683],[12.1448,51.2702],[12.1476,51.2788],[12.1709,51.2755],[12.1689,51.2938],[12.1574,51.2923],[12.1546,51.3102],[12.1477,51.32],[12.1648,51.3208],[12.1698,51.3277],[12.1935,51.3325],[12.1905,51.3539],[12.1825,51.3732],[12.1747,51.3794],[12.1749,51.4003],[12.1859,51.4208],[12.1825,51.4324],[12.1572,51.4327],[12.1578,51.4523],[12.1489,51.4631],[12.1755,51.4697],[12.1757,51.4822],[12.2031,51.4851],[12.2049,51.4978],[12.1938,51.5084],[12.1928,51.5313],[12.1989,51.5313]],[[11.9984,51.5423],[12.0091,51.5386],[12.0098,51.5283],[12.025,51.5262],[12.0228,51.5162],[12.0346,51.4973],[12.0701,51.4927],[12.0822,51.4979],[12.087,51.485],[12.0785,51.4745],[12.0529,51.4761],[12.0564,51.46],[12.0416,51.4581],[12.0411,51.4503],[12.0243,51.4343],[12.029,51.4284],[12.0124,51.4169],[12.0178,51.4104],[11.9822,51.4057],[11.9529,51.4073],[11.9504,51.4341],[11.9198,51.4397],[11.9151,51.4465],[11.9302,51.4525],[11.9143,51.4645],[11.8883,51.4632],[11.8862,51.4726],[11.8719,51.4746],[11.8629,51.4927],[11.8788,51.4918],[11.8571,51.5146],[11.8775,51.5198],[11.8763,51.5311],[11.8934,51.5353],[11.9091,51.5303],[11.9382,51.5293],[11.9615,51.539],[11.9984,51.5423]]]}},{"type":"Feature","properties":{"code":"DE-15089","name":"Landkreis Salzlandkreis","country":"DE","region":"Sachsen-Anhalt"},"geometry":{"type":"MultiPolygon","coordinates":[[[[11.7633,52.0765],[11.7487,52.0932],[11.7394,52.0854],[11.7633,52.0765]]],[[[11.8908,52.0014],[11.8799,52.0219],[11.8499,52.0294],[11.8474,52.0576],[11.8341,52.0631],[11.8148,52.0625],[11.8034,52.0681],[11.7736,52.0673],[11.7624,52.0731],[11.7482,52.0556],[11.734,52.0502],[11.7335,52.0422],[11.7085,52.0418],[11.6946,52.05],[11.6472,52.0252],[11.6371,52.0301],[11.625,52.0214],[11.6015,52.0193],[11.6048,51.9862],[11.6032,51.9694],[11.5974,51.966],[11.5711,51.9674],[11.5088,51.9627],[11.5057,51.9685],[11.4815,51.9815],[11.4589,51.9849],[11.4473,51.9914],[11.4468,52.0068],[11.4096,52.0011],[11.3954,51.9807],[11.3794,51.9831],[11.365,51.9797],[11.3449,51.9624],[11.3602,51.9391],[11.3713,51.9335],[11.3464,51.9136],[11.3408,51.9012],[11.328,51.8872],[11.3415,51.8756],[11.3325,51.8688],[11.3385,51.8532],[11.3203,51.8483],[11.2934,51.8292],[11.2669,51.8346],[11.2396,51.8083],[11.2529,51.7998],[11.2736,51.7948],[11.2711,51.7851],[11.2789,51.7706],[11.304,51.7586],[11.326,51.7579],[11.3467,51.7787],[11.3995,51.7694],[11.4074,51.743],[11.4016,51.7299],[11.432,51.7216],[11.4464,51.7128],[11.4633,51.7178],[11.4978,51.7167],[11.5173,51.7031],[11.5186,51.6883],[11.5466,51.685],[11.5839,51.7005],[11.6046,51.7015],[11.6126,51.6766],[11.6045,51.6644],[11.6402,51.6548],[11.6886,51.6501],[11.7054,51.6446],[11.7198,51.629],[11.7454,51.6288],[11.7516,51.6333],[11.7457,51.6454],[11.7559,51.6511],[11.7991,51.6427],[11.8171,51.6506],[11.8236,51.6584],[11.8385,51.6517],[11.8494,51.6546],[11.8654,51.6754],[11.8382,51.6834],[11.8467,51.7101],[11.8554,51.7144],[11.855,51.7394],[11.8683,51.7494],[11.8832,51.7496],[11.891,51.7633],[11.8672,51.7692],[11.8719,51.7785],[11.8551,51.7859],[11.881,51.8106],[11.8826,51.8193],[11.8577,51.8375],[11.8723,51.854],[11.9071,51.8641],[11.922,51.8792],[11.9374,51.8806],[11.9669,51.867],[11.9961,51.8719],[12.0012,51.8783],[12.0196,51.8804],[12.0103,51.8902],[11.9675,51.9156],[11.9664,51.9246],[11.9489,51.9322],[11.9264,51.9506],[11.915,51.9553],[11.8843,51.9788],[11.8908,52.0014]]]]}},{"type":"Feature","properties":{"code":"DE-15090","name":"Landkreis Stendal","country":"DE","region":"Sachsen-Anhalt"},"geometry":{"type":"MultiPolygon","coordinates":[[[[11.8183,52.3342],[11.8171,52.3486],[11.7951,52.3543],[11.7905,52.3413],[11.8053,52.3346],[11.8183,52.3342]]],[[[12.1268,52.8902],[12.1126,52.8757],[12.0837,52.8764],[12.0773,52.8861],[12.0609,52.8882],[12.006,52.8872],[11.9796,52.8762],[11.9467,52.8885],[11.8973,52.8934],[11.8682,52.9095],[11.8422,52.9091],[11.8227,52.9205],[11.8295,52.9306],[11.8468,52.9399],[11.8473,52.9506],[11.8289,52.9573],[11.7863,52.961],[11.7665,52.9799],[11.7533,52.9863],[11.732,52.9886],[11.7026,52.9778],[11.6827,52.9872],[11.6796,53.0067],[11.6677,53.0097],[11.6447,53.0055],[11.6252,53.0146],[11.6415,53.0329],[11.6307,53.0416],[11.5978,53.0359],[11.5964,53.0328],[11.5592,53.0131],[11.5434,52.9995],[11.5271,53.008],[11.5064,52.9997],[11.4923,52.9597],[11.505,52.941],[11.5101,52.934],[11.5503,52.9217],[11.5719,52.9213],[11.6016,52.9028],[11.6375,52.8978],[11.6244,52.8775],[11.6322,52.8613],[11.6261,52.856],[11.5927,52.8567],[11.5721,52.8478],[11.5354,52.8523],[11.5275,52.8422],[11.4698,52.8372],[11.4814,52.8145],[11.5314,52.8142],[11.5403,52.7984],[11.5136,52.7869],[11.51,52.7691],[11.543,52.7725],[11.5627,52.7662],[11.5548,52.7566],[11.5228,52.743],[11.5203,52.7254],[11.5232,52.7122],[11.5136,52.7015],[11.4907,52.6908],[11.474,52.6874],[11.4747,52.6723],[11.483,52.6693],[11.4908,52.6521],[11.4797,52.6512],[11.4567,52.639],[11.4211,52.6371],[11.4044,52.629],[11.4207,52.6108],[11.4477,52.6126],[11.451,52.6069],[11.4713,52.6091],[11.5067,52.6081],[11.5231,52.6157],[11.5382,52.6173],[11.5599,52.6138],[11.5889,52.6154],[11.5891,52.5852],[11.5773,52.5541],[11.5713,52.5472],[11.5742,52.5344],[11.569,52.5247],[11.5905,52.5201],[11.5861,52.4979],[11.6052,52.4938],[11.5872,52.4587],[11.6387,52.4646],[11.6732,52.4641],[11.7001,52.4592],[11.7168,52.4277],[11.733,52.4244],[11.7179,52.4105],[11.7481,52.403],[11.7741,52.3996],[11.7886,52.4094],[11.8172,52.4149],[11.8406,52.401],[11.8281,52.372],[11.8298,52.3644],[11.8571,52.3474],[11.845,52.3459],[11.8519,52.3316],[11.9038,52.3565],[11.911,52.3705],[11.9377,52.3737],[11.9324,52.3939],[11.9617,52.4005],[11.976,52.4182],[11.99,52.4277],[11.9929,52.4473],[12.0016,52.4624],[11.9877,52.474],[11.985,52.494],[11.9631,52.5124],[11.9631,52.5238],[11.979,52.5353],[11.9857,52.5527],[11.9855,52.5651],[11.9955,52.5692],[11.9991,52.5464],[11.9873,52.532],[11.9915,52.519],[12.0211,52.5248],[12.0517,52.5254],[12.0633,52.5352],[12.0811,52.5351],[12.1032,52.5244],[12.103,52.5116],[12.1142,52.5065],[12.145,52.5075],[12.1624,52.501],[12.1713,52.5062],[12.1673,52.515],[12.1861,52.5275],[12.1739,52.5387],[12.1447,52.5294],[12.1612,52.5627],[12.1811,52.5752],[12.1734,52.5823],[12.1691,52.6168],[12.172,52.6259],[12.2035,52.6187],[12.2308,52.6298],[12.2377,52.6462],[12.2325,52.6536],[12.2394,52.6717],[12.2172,52.6977],[12.2239,52.7024],[12.2034,52.7233],[12.2094,52.7352],[12.2232,52.7397],[12.2177,52.7526],[12.206,52.7604],[12.2235,52.7757],[12.2233,52.7876],[12.2434,52.7868],[12.2492,52.7919],[12.2575,52.8049],[12.2437,52.8207],[12.2323,52.8495],[12.2322,52.8608],[12.2023,52.8685],[12.1969,52.878],[12.1722,52.8647],[12.1237,52.8538],[12.1331,52.8658],[12.1202,52.8755],[12.1268,52.8902]]]]}},{"type":"Feature","properties":{"code":"DE-15091","name":"Landkreis Wittenberg","country":"DE","region":"Sachsen-Anhalt"},"geometry":{"type":"Polygon","coordinates":[[[12.7698,51.9793],[12.7555,51.9864],[12.7314,51.9884],[12.7001,52.0027],[12.6825,52.0033],[12.6727,52.0118],[12.6542,52.0123],[12.6447,51.9944],[12.6144,51.9917],[12.603,51.9811],[12.5394,51.9849],[12.5363,52.0029],[12.4988,52.0089],[12.4837,52.0192],[12.4806,52.0333],[12.4608,52.0347],[12.45,52.0162],[12.4345,52.0172],[12.4093,52.0291],[12.3896,52.0436],[12.3761,52.0451],[12.374,52.0271],[12.3545,52.0269],[12.3395,52.019],[12.3217,51.9999],[12.3098,51.9961],[12.278,51.9948],[12.2651,51.9884],[12.2801,51.9795],[12.2813,51.9703],[12.2696,51.9583],[12.2834,51.9435],[12.3061,51.9521],[12.3206,51.94],[12.308,51.9318],[12.3104,51.9146],[12.3205,51.8982],[12.3193,51.8858],[12.3024,51.8837],[12.2844,51.8646],[12.3079,51.8439],[12.3189,51.8388],[12.3213,51.8192],[12.3067,51.8074],[12.3196,51.7933],[12.3411,51.7896],[12.3383,51.7799],[12.3476,51.7695],[12.3431,51.749],[12.3512,51.7355],[12.3359,51.7338],[12.3239,51.7265],[12.3265,51.7177],[12.3486,51.7198],[12.3547,51.7117],[12.3448,51.7036],[12.35,51.6856],[12.3608,51.6852],[12.3716,51.6948],[12.3856,51.6982],[12.412,51.6951],[12.4299,51.703],[12.4599,51.7053],[12.4746,51.7028],[12.4744,51.6823],[12.4951,51.6825],[12.4975,51.6707],[12.5171,51.6605],[12.5497,51.6684],[12.5741,51.6674],[12.5693,51.6389],[12.5803,51.6261],[12.5913,51.6225],[12.6242,51.628],[12.6228,51.6156],[12.6491,51.6204],[12.6658,51.6316],[12.6665,51.6422],[12.6885,51.6625],[12.7078,51.6623],[12.7402,51.6556],[12.7525,51.6496],[12.7727,51.6475],[12.7925,51.6655],[12.8062,51.6671],[12.8318,51.676],[12.8439,51.685],[12.859,51.6762],[12.8649,51.6583],[12.8954,51.6632],[12.8908,51.654],[12.9042,51.646],[12.9722,51.6513],[12.967,51.6639],[12.9839,51.6691],[13.0116,51.6645],[13.0205,51.6534],[13.0235,51.6373],[13.051,51.6477],[13.1545,51.6867],[13.1625,51.6918],[13.1544,51.7101],[13.1655,51.7176],[13.1871,51.7156],[13.1799,51.7307],[13.154,51.7442],[13.1605,51.7548],[13.1475,51.7666],[13.161,51.7767],[13.158,51.7884],[13.163,51.802],[13.1274,51.8456],[13.1235,51.8578],[13.1509,51.8596],[13.1496,51.8723],[13.1323,51.8825],[13.119,51.8765],[13.0805,51.8675],[13.0392,51.8709],[13.0376,51.8909],[13.0454,51.9005],[13.0228,51.9032],[12.9861,51.9041],[12.9727,51.9009],[12.9765,51.9199],[12.956,51.9227],[12.9606,51.9349],[12.9184,51.9394],[12.9175,51.9327],[12.8904,51.9284],[12.8882,51.9348],[12.8527,51.935],[12.8503,51.9587],[12.8442,51.9677],[12.8228,51.9636],[12.7941,51.9623],[12.776,51.9651],[12.7698,51.9793]]]}},{"type":"Feature","properties":{"code":"DE-16051","name":"Kreisfreie Stadt Erfurt","country":"DE","region":"Thüringen"},"geometry":{"type":"Polygon","coordinates":[[[11.1705,51.0185],[11.1266,51.0144],[11.1068,51.0342],[11.1013,51.0343],[11.0933,51.0601],[11.0664,51.0794],[11.0466,51.0775],[11.0397,51.0652],[11.0263,51.0674],[11.016,51.0594],[10.9922,51.0589],[10.976,51.0649],[10.9867,51.0433],[10.9545,51.0373],[10.9133,51.015],[10.9002,51.0246],[10.863,51.0265],[10.8553,51.0258],[10.864,51.0006],[10.8837,51.0007],[10.892,50.9901],[10.8636,50.9774],[10.867,50.9674],[10.8939,50.9605],[10.9005,50.9415],[10.9174,50.9407],[10.9385,50.9469],[10.9595,50.9342],[10.9632,50.9203],[10.9317,50.9095],[10.9362,50.8949],[10.9477,50.891],[10.978,50.898],[10.9801,50.9042],[11.0021,50.9079],[11.0144,50.9047],[11.1103,50.9131],[11.106,50.9267],[11.1373,50.9298],[11.1467,50.9397],[11.1358,50.949],[11.1361,50.9735],[11.1679,50.982],[11.1753,50.9888],[11.1665,51.0028],[11.1705,51.0185]]]}},{"type":"Feature","properties":{"code":"DE-16052","name":"Kreisfreie Stadt Gera","country":"DE","region":"Thüringen"},"geometry":{"type":"Polygon","coordinates":[[[12.1635,50.9586],[12.1584,50.9631],[12.135,50.965],[12.1054,50.9737],[12.0875,50.9764],[12.0554,50.9686],[12.0375,50.9729],[12.021,50.9691],[12.0212,50.948],[12.0405,50.9402],[12.0407,50.9302],[12.018,50.9135],[12.0274,50.9012],[12.0132,50.8947],[11.9993,50.8773],[12.0153,50.8622],[12.0006,50.8571],[11.9985,50.8498],[12.0121,50.8417],[12.0193,50.8258],[12.0445,50.8187],[12.0803,50.8226],[12.0844,50.8255],[12.1123,50.8157],[12.1268,50.7991],[12.1551,50.806],[12.1307,50.8238],[12.1372,50.8384],[12.1257,50.849],[12.1336,50.8587],[12.1523,50.8688],[12.1527,50.8874],[12.1308,50.9095],[12.1378,50.9199],[12.1325,50.9325],[12.1573,50.9319],[12.1695,50.9353],[12.1635,50.9586]]]}},{"type":"Feature","properties":{"code":"DE-16053","name":"Kreisfreie Stadt Jena","country":"DE","region":"Thüringen"},"geometry":{"type":"Polygon","coordinates":[[[11.5048,50.9062],[11.5407,50.9013],[11.5585,50.8904],[11.5596,50.8716],[11.5339,50.8702],[11.5351,50.8626],[11.5629,50.8562],[11.6049,50.8613],[11.6088,50.8755],[11.6502,50.8817],[11.6599,50.8917],[11.6461,50.8974],[11.6669,50.9118],[11.6706,50.9208],[11.6663,50.9406],[11.6728,50.9516],[11.6611,50.9603],[11.6427,50.9648],[11.6173,50.9768],[11.6059,50.9719],[11.5878,50.9726],[11.5664,50.9659],[11.5473,50.9891],[11.5287,50.9825],[11.5216,50.9703],[11.5068,50.9671],[11.4993,50.9519],[11.502,50.9447],[11.5199,50.9476],[11.5235,50.9402],[11.5034,50.9328],[11.5096,50.9153],[11.5048,50.9062]]]}},{"type":"Feature","properties":{"code":"DE-16054","name":"Kreisfreie Stadt Suhl","country":"DE","region":"Thüringen"},"geometry":{"type":"Polygon","coordinates":[[[10.8273,50.5805],[10.8265,50.5909],[10.8436,50.6054],[10.8284,50.6262],[10.8356,50.6391],[10.816,50.671],[10.778,50.6854],[10.7526,50.687],[10.7457,50.6682],[10.7276,50.6631],[10.7129,50.6666],[10.7,50.6614],[10.6942,50.652],[10.6961,50.6357],[10.6856,50.6248],[10.6453,50.6471],[10.6271,50.64],[10.6277,50.6312],[10.5995,50.6233],[10.5899,50.6107],[10.5656,50.6156],[10.5522,50.6117],[10.552,50.6],[10.5825,50.5854],[10.6066,50.5874],[10.6096,50.581],[10.6301,50.5801],[10.6715,50.5628],[10.6888,50.575],[10.7086,50.5761],[10.7159,50.5881],[10.7461,50.6131],[10.7646,50.6137],[10.7705,50.596],[10.798,50.5802],[10.8273,50.5805]]]}},{"type":"Feature","properties":{"code":"DE-16055","name":"Kreisfreie Stadt Weimar","country":"DE","region":"Thüringen"},"geometry":{"type":"Polygon","coordinates":[[[11.2507,51.0368],[11.2414,51.0235],[11.2462,51.0076],[11.2675,51.0037],[11.2621,50.991],[11.2704,50.9638],[11.2838,50.9438],[11.2683,50.9394],[11.2786,50.9266],[11.2928,50.9179],[11.3192,50.9204],[11.3298,50.928],[11.3266,50.9382],[11.3399,50.9428],[11.3676,50.9406],[11.3815,50.9462],[11.402,50.9641],[11.3884,50.9671],[11.3962,50.9839],[11.3926,50.9905],[11.3565,50.9974],[11.3475,51.0081],[11.3517,51.0215],[11.3329,51.0196],[11.3151,51.0264],[11.3,51.0218],[11.2945,51.0306],[11.2754,51.0259],[11.2507,51.0368]]]}},{"type":"Feature","properties":{"code":"DE-16061","name":"Landkreis Eichsfeld","country":"DE","region":"Thüringen"},"geometry":{"type":"Polygon","coordinates":[[[10.4886,51.5748],[10.467,51.5834],[10.4258,51.5921],[10.4063,51.5865],[10.3773,51.5887],[10.3786,51.5627],[10.3668,51.5422],[10.3524,51.5351],[10.3423,51.5195],[10.3088,51.5151],[10.3012,51.5076],[10.2997,51.4939],[10.2844,51.4944],[10.2728,51.4882],[10.2447,51.4837],[10.2332,51.4708],[10.2057,51.4872],[10.1902,51.4807],[10.1781,51.4682],[10.1858,51.4651],[10.1743,51.4463],[10.1522,51.4471],[10.1169,51.4302],[10.0908,51.4357],[10.0791,51.4337],[10.0752,51.4195],[10.0644,51.4202],[10.0583,51.4353],[10.0378,51.42],[10.0111,51.4208],[10.0056,51.4084],[9.9874,51.3979],[9.9659,51.3955],[9.942,51.3784],[9.9283,51.3753],[9.9233,51.368],[9.9299,51.34],[9.9418,51.3356],[9.9488,51.317],[9.9393,51.308],[9.9699,51.3003],[9.9853,51.2835],[10.0043,51.287],[10.0599,51.2759],[10.0466,51.2645],[10.0495,51.2554],[10.0633,51.2521],[10.0728,51.2404],[10.0671,51.2278],[10.0913,51.2262],[10.1132,51.2152],[10.1419,51.2187],[10.1498,51.2062],[10.1641,51.212],[10.1775,51.2096],[10.2069,51.1906],[10.1853,51.2187],[10.2029,51.2288],[10.2187,51.2318],[10.2352,51.2274],[10.2732,51.2323],[10.2986,51.2409],[10.312,51.2299],[10.3334,51.238],[10.3555,51.2507],[10.3743,51.248],[10.3728,51.2627],[10.3565,51.2678],[10.3631,51.2809],[10.3955,51.2909],[10.3994,51.2954],[10.4306,51.3076],[10.4385,51.3133],[10.474,51.315],[10.4763,51.3234],[10.4594,51.3379],[10.4836,51.3433],[10.5129,51.357],[10.5232,51.3697],[10.5075,51.3798],[10.497,51.3991],[10.495,51.4113],[10.5,51.4302],[10.5184,51.4357],[10.5085,51.4525],[10.5082,51.4792],[10.5223,51.4916],[10.5186,51.5012],[10.5268,51.5064],[10.5291,51.5188],[10.5122,51.5254],[10.5148,51.5389],[10.4823,51.546],[10.4886,51.5748]]]}},{"type":"Feature","properties":{"code":"DE-16062","name":"Landkreis Nordhausen","country":"DE","region":"Thüringen"},"geometry":{"type":"Polygon","coordinates":[[[10.9161,51.6164],[10.8866,51.6121],[10.8591,51.6328],[10.8404,51.6316],[10.8212,51.6239],[10.8182,51.639],[10.7854,51.6419],[10.7645,51.649],[10.7494,51.6403],[10.7371,51.6451],[10.7014,51.6422],[10.6773,51.6384],[10.6729,51.6295],[10.6392,51.6211],[10.6483,51.6081],[10.6328,51.6022],[10.6387,51.5841],[10.6663,51.5781],[10.6568,51.5583],[10.6365,51.5622],[10.628,51.5721],[10.612,51.5792],[10.5993,51.5785],[10.5903,51.5689],[10.5603,51.5571],[10.5341,51.5594],[10.519,51.5538],[10.5096,51.5568],[10.4957,51.5728],[10.4886,51.5748],[10.4823,51.546],[10.5148,51.5389],[10.5122,51.5254],[10.5291,51.5188],[10.5268,51.5064],[10.5186,51.5012],[10.5223,51.4916],[10.5082,51.4792],[10.5085,51.4525],[10.5184,51.4357],[10.5,51.4302],[10.495,51.4113],[10.497,51.3991],[10.5075,51.3798],[10.5232,51.3697],[10.5485,51.3777],[10.5559,51.398],[10.5929,51.3843],[10.6181,51.38],[10.6256,51.3929],[10.6885,51.3935],[10.7177,51.3998],[10.7294,51.3934],[10.7419,51.3965],[10.7582,51.3892],[10.7699,51.3938],[10.7799,51.4069],[10.7896,51.4078],[10.8103,51.4184],[10.8368,51.4195],[10.8529,51.4101],[10.8815,51.4069],[10.8845,51.4022],[10.9127,51.4008],[10.9469,51.4075],[10.9695,51.4186],[10.9781,51.4269],[10.9667,51.4324],[10.9723,51.4514],[10.9612,51.4631],[10.9704,51.4814],[10.9574,51.4932],[10.9397,51.5007],[10.9329,51.5215],[10.9399,51.5413],[10.9165,51.5475],[10.8997,51.5611],[10.8821,51.5805],[10.8939,51.5986],[10.9033,51.5938],[10.9305,51.5917],[10.9374,51.6016],[10.9141,51.6112],[10.9161,51.6164]]]}},{"type":"Feature","properties":{"code":"DE-16063","name":"Landkreis Wartburgkreis","country":"DE","region":"Thüringen"},"geometry":{"type":"Polygon","coordinates":[[[10.21,51.1441],[10.2044,51.1367],[10.2062,51.1221],[10.2,51.113],[10.1792,51.1276],[10.1852,51.1325],[10.1687,51.1533],[10.1466,51.1446],[10.1279,51.1459],[10.1183,51.1396],[10.134,51.133],[10.1538,51.1185],[10.1746,51.1169],[10.1755,51.1069],[10.1481,51.0837],[10.1515,51.0694],[10.1465,51.0551],[10.1816,51.048],[10.1988,51.0401],[10.2152,51.0264],[10.1908,50.9991],[10.1497,50.994],[10.132,50.9968],[10.1331,51.0048],[10.1208,51.0117],[10.1035,51.0045],[10.0844,51.0097],[10.0571,51.0128],[10.0324,51.011],[10.0216,50.9929],[10.0243,50.9762],[10.0409,50.9675],[10.042,50.9572],[10.0536,50.9398],[10.0294,50.9381],[9.991,50.9436],[9.9501,50.9423],[9.9566,50.9337],[9.9828,50.9327],[9.9858,50.9246],[9.9683,50.9115],[9.9782,50.9053],[10.0037,50.9216],[10.0342,50.9103],[10.0584,50.8902],[10.056,50.8798],[10.0243,50.8672],[10.0187,50.8586],[10.0345,50.8427],[10.0231,50.8316],[10.0068,50.8377],[9.9976,50.8277],[9.9768,50.8333],[9.9523,50.8214],[9.9567,50.8096],[9.9441,50.7942],[9.9551,50.7856],[9.9523,50.7736],[9.9284,50.7766],[9.9262,50.7674],[9.9201,50.7596],[9.9396,50.7559],[9.9415,50.7391],[9.9352,50.7241],[9.9118,50.7087],[9.9203,50.6978],[9.9062,50.6842],[9.8947,50.6837],[9.8796,50.6665],[9.8846,50.6551],[9.877,50.6417],[9.8861,50.6339],[9.9061,50.6404],[9.9269,50.6298],[9.9459,50.6268],[9.9607,50.6295],[9.9689,50.6413],[9.9497,50.6559],[9.9515,50.6659],[9.9736,50.6659],[10.002,50.6766],[10.0199,50.6731],[10.0489,50.6739],[10.0563,50.6681],[10.0716,50.6717],[10.0749,50.6515],[10.087,50.649],[10.1041,50.6578],[10.1219,50.6508],[10.1615,50.6695],[10.1761,50.6697],[10.1886,50.6866],[10.1913,50.6977],[10.1821,50.7045],[10.1838,50.7179],[10.2105,50.7243],[10.2218,50.735],[10.2206,50.7478],[10.2049,50.7714],[10.2232,50.7751],[10.2366,50.7668],[10.2627,50.7638],[10.2825,50.7698],[10.287,50.7776],[10.3273,50.7885],[10.3429,50.7798],[10.3623,50.7792],[10.3794,50.7835],[10.3745,50.796],[10.3917,50.8107],[10.4049,50.8154],[10.4064,50.8361],[10.4114,50.8502],[10.4009,50.8643],[10.4199,50.8869],[10.4359,50.8924],[10.4434,50.909],[10.477,50.9127],[10.4793,50.8978],[10.4979,50.9008],[10.486,50.9108],[10.4847,50.9202],[10.501,50.9383],[10.505,50.9551],[10.5208,50.9663],[10.4861,50.9698],[10.4804,50.9787],[10.4808,50.9939],[10.5,50.9943],[10.5066,50.9991],[10.5622,51.0145],[10.5648,51.0212],[10.5931,51.0239],[10.6147,51.0392],[10.6046,51.046],[10.6059,51.056],[10.5239,51.0625],[10.514,51.0785],[10.4872,51.0757],[10.4835,51.0842],[10.4634,51.0764],[10.4426,51.0774],[10.4516,51.0631],[10.4351,51.0495],[10.3996,51.0761],[10.3837,51.0793],[10.3949,51.0893],[10.3905,51.0974],[10.3742,51.099],[10.3714,51.1181],[10.3662,51.1234],[10.3475,51.1245],[10.338,51.1435],[10.3173,51.153],[10.2859,51.144],[10.2841,51.1352],[10.2579,51.1473],[10.21,51.1441]]]}},{"type":"Feature","properties":{"code":"DE-16064","name":"Landkreis Unstrut-Hainich-Kreis","country":"DE","region":"Thüringen"},"geometry":{"type":"Polygon","coordinates":[[[10.4836,51.3433],[10.4594,51.3379],[10.4763,51.3234],[10.474,51.315],[10.4385,51.3133],[10.4306,51.3076],[10.3994,51.2954],[10.3955,51.2909],[10.3631,51.2809],[10.3565,51.2678],[10.3728,51.2627],[10.3743,51.248],[10.3555,51.2507],[10.3334,51.238],[10.312,51.2299],[10.2986,51.2409],[10.2732,51.2323],[10.2352,51.2274],[10.2187,51.2318],[10.2029,51.2288],[10.1853,51.2187],[10.2069,51.1906],[10.236,51.1848],[10.227,51.1734],[10.2073,51.1649],[10.21,51.1441],[10.2579,51.1473],[10.2841,51.1352],[10.2859,51.144],[10.3173,51.153],[10.338,51.1435],[10.3475,51.1245],[10.3662,51.1234],[10.3714,51.1181],[10.3742,51.099],[10.3905,51.0974],[10.3949,51.0893],[10.3837,51.0793],[10.3996,51.0761],[10.4351,51.0495],[10.4516,51.0631],[10.4426,51.0774],[10.4634,51.0764],[10.4835,51.0842],[10.4872,51.0757],[10.514,51.0785],[10.5239,51.0625],[10.6059,51.056],[10.6046,51.046],[10.6147,51.0392],[10.6266,51.032],[10.6521,51.0417],[10.6786,51.0385],[10.7114,51.0544],[10.6974,51.0793],[10.705,51.0869],[10.7073,51.1022],[10.7342,51.1118],[10.7634,51.1062],[10.7709,51.093],[10.8099,51.098],[10.8376,51.0945],[10.8803,51.0983],[10.884,51.1013],[10.8768,51.1261],[10.9111,51.1337],[10.9159,51.1505],[10.9052,51.1795],[10.9154,51.1858],[10.9226,51.2053],[10.8953,51.2057],[10.8946,51.2178],[10.8573,51.2175],[10.8356,51.2226],[10.8156,51.2224],[10.7847,51.2178],[10.7699,51.2069],[10.7626,51.2181],[10.7462,51.2214],[10.7333,51.212],[10.7091,51.2167],[10.7009,51.2263],[10.6929,51.2532],[10.6853,51.2567],[10.6767,51.2794],[10.6344,51.2888],[10.6241,51.3068],[10.6042,51.3199],[10.5948,51.3186],[10.5616,51.3264],[10.5526,51.3142],[10.5359,51.3117],[10.5244,51.3049],[10.4962,51.3113],[10.498,51.3366],[10.4836,51.3433]]]}},{"type":"Feature","properties":{"code":"DE-16065","name":"Landkreis Kyffhäuserkreis","country":"DE","region":"Thüringen"},"geometry":{"type":"Polygon","coordinates":[[[11.3931,51.3595],[11.3911,51.3725],[11.3969,51.3813],[11.3783,51.3872],[11.3308,51.3903],[11.3222,51.4096],[11.2743,51.4008],[11.2528,51.4007],[11.2302,51.4057],[11.2239,51.4132],[11.1924,51.4029],[11.1834,51.4059],[11.1529,51.4016],[11.1239,51.4125],[11.102,51.4169],[11.0715,51.4286],[11.0518,51.4295],[11.0457,51.4239],[11.0053,51.4168],[10.9982,51.4287],[10.9781,51.4269],[10.9695,51.4186],[10.9469,51.4075],[10.9127,51.4008],[10.8845,51.4022],[10.8815,51.4069],[10.8529,51.4101],[10.8368,51.4195],[10.8103,51.4184],[10.7896,51.4078],[10.7799,51.4069],[10.7699,51.3938],[10.7582,51.3892],[10.7419,51.3965],[10.7294,51.3934],[10.7177,51.3998],[10.6885,51.3935],[10.6256,51.3929],[10.6181,51.38],[10.5929,51.3843],[10.5559,51.398],[10.5485,51.3777],[10.5232,51.3697],[10.5129,51.357],[10.4836,51.3433],[10.498,51.3366],[10.4962,51.3113],[10.5244,51.3049],[10.5359,51.3117],[10.5526,51.3142],[10.5616,51.3264],[10.5948,51.3186],[10.6042,51.3199],[10.6241,51.3068],[10.6344,51.2888],[10.6767,51.2794],[10.6853,51.2567],[10.6929,51.2532],[10.7009,51.2263],[10.7091,51.2167],[10.7333,51.212],[10.7462,51.2214],[10.7626,51.2181],[10.7699,51.2069],[10.7847,51.2178],[10.8156,51.2224],[10.8356,51.2226],[10.8573,51.2175],[10.8946,51.2178],[10.8953,51.2057],[10.9226,51.2053],[10.9615,51.2057],[10.9805,51.2219],[11.0013,51.221],[11.0078,51.2455],[10.9942,51.2482],[10.9951,51.2594],[11.0044,51.2669],[11.0273,51.2708],[11.0341,51.2823],[11.0311,51.2901],[11.0531,51.2917],[11.0618,51.3002],[11.069,51.3226],[11.1003,51.3128],[11.1008,51.3008],[11.1133,51.3007],[11.1203,51.2877],[11.153,51.2859],[11.1616,51.2744],[11.1504,51.2565],[11.2139,51.2409],[11.2515,51.2548],[11.2556,51.2645],[11.2945,51.2444],[11.3142,51.2512],[11.3266,51.2635],[11.312,51.2693],[11.307,51.2842],[11.3217,51.292],[11.3389,51.2862],[11.3246,51.2797],[11.3365,51.2721],[11.3524,51.2727],[11.3624,51.2573],[11.3849,51.2514],[11.3854,51.2459],[11.4126,51.2411],[11.4258,51.2556],[11.4561,51.2772],[11.4599,51.2941],[11.473,51.2965],[11.4671,51.3046],[11.437,51.3189],[11.422,51.3311],[11.4289,51.3398],[11.412,51.3425],[11.4058,51.3422],[11.401,51.3494],[11.3931,51.3595]]]}},{"type":"Feature","properties":{"code":"DE-16066","name":"Landkreis Schmalkalden-Meiningen","country":"DE","region":"Thüringen"},"geometry":{"type":"Polygon","coordinates":[[[10.7527,50.7185],[10.7316,50.729],[10.7139,50.7332],[10.704,50.7164],[10.6866,50.7158],[10.6682,50.7235],[10.6314,50.729],[10.613,50.7379],[10.5851,50.7362],[10.5755,50.7414],[10.563,50.7659],[10.5668,50.7721],[10.5582,50.7842],[10.5375,50.7868],[10.5456,50.8021],[10.5379,50.827],[10.5243,50.8323],[10.5019,50.833],[10.4666,50.8513],[10.4549,50.8456],[10.4278,50.8426],[10.4114,50.8502],[10.4064,50.8361],[10.4049,50.8154],[10.3917,50.8107],[10.3745,50.796],[10.3794,50.7835],[10.3623,50.7792],[10.3429,50.7798],[10.3273,50.7885],[10.287,50.7776],[10.2825,50.7698],[10.2627,50.7638],[10.2366,50.7668],[10.2232,50.7751],[10.2049,50.7714],[10.2206,50.7478],[10.2218,50.735],[10.2105,50.7243],[10.1838,50.7179],[10.1821,50.7045],[10.1913,50.6977],[10.1886,50.6866],[10.1761,50.6697],[10.1615,50.6695],[10.1219,50.6508],[10.1041,50.6578],[10.087,50.649],[10.0749,50.6515],[10.0716,50.6717],[10.0563,50.6681],[10.0572,50.6662],[10.0674,50.6572],[10.083,50.6337],[10.081,50.62],[10.0575,50.6261],[10.0372,50.6129],[10.0474,50.6008],[10.0498,50.5847],[10.0451,50.5752],[10.0505,50.5632],[10.0618,50.5567],[10.0472,50.5455],[10.0397,50.5326],[10.0413,50.5165],[10.0685,50.5299],[10.0763,50.5409],[10.0985,50.5522],[10.1071,50.5637],[10.1262,50.5614],[10.1265,50.5535],[10.1391,50.543],[10.1596,50.5498],[10.2039,50.5547],[10.2083,50.5406],[10.2311,50.5311],[10.2258,50.5187],[10.2357,50.5115],[10.2562,50.5128],[10.2916,50.4963],[10.3066,50.4921],[10.3306,50.4943],[10.3414,50.483],[10.3362,50.4659],[10.3567,50.4552],[10.3707,50.4318],[10.4028,50.4262],[10.3901,50.4099],[10.3877,50.3982],[10.4237,50.3925],[10.4505,50.4019],[10.4596,50.4008],[10.4797,50.4161],[10.4881,50.4485],[10.5017,50.4491],[10.5331,50.4353],[10.583,50.4405],[10.5822,50.4507],[10.5711,50.4572],[10.5727,50.473],[10.5612,50.4802],[10.5517,50.4969],[10.5637,50.4993],[10.5778,50.5135],[10.5831,50.5269],[10.5702,50.5379],[10.5295,50.5541],[10.5659,50.5724],[10.5825,50.5854],[10.552,50.6],[10.5522,50.6117],[10.5656,50.6156],[10.5899,50.6107],[10.5995,50.6233],[10.6277,50.6312],[10.6271,50.64],[10.6453,50.6471],[10.6856,50.6248],[10.6961,50.6357],[10.6942,50.652],[10.7,50.6614],[10.7129,50.6666],[10.7276,50.6631],[10.7457,50.6682],[10.7526,50.687],[10.744,50.6905],[10.7527,50.7185]]]}},{"type":"Feature","properties":{"code":"DE-16067","name":"Landkreis Gotha","country":"DE","region":"Thüringen"},"geometry":{"type":"Polygon","coordinates":[[[10.8803,51.0983],[10.8376,51.0945],[10.8099,51.098],[10.7709,51.093],[10.7634,51.1062],[10.7342,51.1118],[10.7073,51.1022],[10.705,51.0869],[10.6974,51.0793],[10.7114,51.0544],[10.6786,51.0385],[10.6521,51.0417],[10.6266,51.032],[10.6147,51.0392],[10.5931,51.0239],[10.5648,51.0212],[10.5622,51.0145],[10.5066,50.9991],[10.5,50.9943],[10.4808,50.9939],[10.4804,50.9787],[10.4861,50.9698],[10.5208,50.9663],[10.505,50.9551],[10.501,50.9383],[10.4847,50.9202],[10.486,50.9108],[10.4979,50.9008],[10.4793,50.8978],[10.477,50.9127],[10.4434,50.909],[10.4359,50.8924],[10.4199,50.8869],[10.4009,50.8643],[10.4114,50.8502],[10.4278,50.8426],[10.4549,50.8456],[10.4666,50.8513],[10.5019,50.833],[10.5243,50.8323],[10.5379,50.827],[10.5456,50.8021],[10.5375,50.7868],[10.5582,50.7842],[10.5668,50.7721],[10.563,50.7659],[10.5755,50.7414],[10.5851,50.7362],[10.613,50.7379],[10.6314,50.729],[10.6682,50.7235],[10.6866,50.7158],[10.704,50.7164],[10.7139,50.7332],[10.7316,50.729],[10.7527,50.7185],[10.7593,50.7372],[10.7562,50.7439],[10.7682,50.766],[10.7768,50.7697],[10.8021,50.7664],[10.825,50.7804],[10.8267,50.7978],[10.8381,50.8104],[10.8211,50.8137],[10.819,50.8222],[10.8517,50.823],[10.8584,50.8382],[10.8377,50.8465],[10.8483,50.8592],[10.8643,50.8592],[10.8718,50.8763],[10.896,50.891],[10.9148,50.895],[10.9362,50.8949],[10.9317,50.9095],[10.9632,50.9203],[10.9595,50.9342],[10.9385,50.9469],[10.9174,50.9407],[10.9005,50.9415],[10.8939,50.9605],[10.867,50.9674],[10.8636,50.9774],[10.892,50.9901],[10.8837,51.0007],[10.864,51.0006],[10.8553,51.0258],[10.863,51.0265],[10.8701,51.0296],[10.87,51.053],[10.8653,51.0611],[10.8883,51.067],[10.891,51.0716],[10.8803,51.0983]]]}},{"type":"Feature","properties":{"code":"DE-16068","name":"Landkreis Sömmerda","country":"DE","region":"Thüringen"},"geometry":{"type":"Polygon","coordinates":[[[11.3854,51.2459],[11.3849,51.2514],[11.3624,51.2573],[11.3524,51.2727],[11.3365,51.2721],[11.3246,51.2797],[11.3389,51.2862],[11.3217,51.292],[11.307,51.2842],[11.312,51.2693],[11.3266,51.2635],[11.3142,51.2512],[11.2945,51.2444],[11.2556,51.2645],[11.2515,51.2548],[11.2139,51.2409],[11.1504,51.2565],[11.1616,51.2744],[11.153,51.2859],[11.1203,51.2877],[11.1133,51.3007],[11.1008,51.3008],[11.1003,51.3128],[11.069,51.3226],[11.0618,51.3002],[11.0531,51.2917],[11.0311,51.2901],[11.0341,51.2823],[11.0273,51.2708],[11.0044,51.2669],[10.9951,51.2594],[10.9942,51.2482],[11.0078,51.2455],[11.0013,51.221],[10.9805,51.2219],[10.9615,51.2057],[10.9226,51.2053],[10.9154,51.1858],[10.9052,51.1795],[10.9159,51.1505],[10.9111,51.1337],[10.8768,51.1261],[10.884,51.1013],[10.8803,51.0983],[10.891,51.0716],[10.8883,51.067],[10.8653,51.0611],[10.87,51.053],[10.8701,51.0296],[10.863,51.0265],[10.9002,51.0246],[10.9133,51.015],[10.9545,51.0373],[10.9867,51.0433],[10.976,51.0649],[10.9922,51.0589],[11.016,51.0594],[11.0263,51.0674],[11.0397,51.0652],[11.0466,51.0775],[11.0664,51.0794],[11.0933,51.0601],[11.1013,51.0343],[11.1068,51.0342],[11.1266,51.0144],[11.1705,51.0185],[11.2178,51.0306],[11.1985,51.0519],[11.2017,51.0654],[11.1928,51.0795],[11.1969,51.1044],[11.2279,51.1031],[11.2519,51.1065],[11.2572,51.1012],[11.3103,51.1001],[11.3127,51.0978],[11.372,51.1009],[11.3819,51.0971],[11.4047,51.0996],[11.4058,51.1075],[11.4291,51.1032],[11.4342,51.0896],[11.4567,51.0969],[11.4801,51.0999],[11.4846,51.1054],[11.4634,51.1128],[11.4656,51.1244],[11.451,51.1467],[11.4719,51.1482],[11.4793,51.1588],[11.4708,51.1698],[11.4702,51.1904],[11.4558,51.1954],[11.446,51.2081],[11.4309,51.2125],[11.4081,51.2037],[11.3914,51.2035],[11.391,51.2165],[11.3648,51.2214],[11.3854,51.2459]]]}},{"type":"Feature","properties":{"code":"DE-16069","name":"Landkreis Hildburghausen","country":"DE","region":"Thüringen"},"geometry":{"type":"Polygon","coordinates":[[[10.8273,50.5805],[10.798,50.5802],[10.7705,50.596],[10.7646,50.6137],[10.7461,50.6131],[10.7159,50.5881],[10.7086,50.5761],[10.6888,50.575],[10.6715,50.5628],[10.6301,50.5801],[10.6096,50.581],[10.6066,50.5874],[10.5825,50.5854],[10.5659,50.5724],[10.5295,50.5541],[10.5702,50.5379],[10.5831,50.5269],[10.5778,50.5135],[10.5637,50.4993],[10.5517,50.4969],[10.5612,50.4802],[10.5727,50.473],[10.5711,50.4572],[10.5822,50.4507],[10.583,50.4405],[10.5331,50.4353],[10.5017,50.4491],[10.4881,50.4485],[10.4797,50.4161],[10.4596,50.4008],[10.4505,50.4019],[10.4585,50.3832],[10.4735,50.3725],[10.4873,50.3753],[10.5071,50.3579],[10.5236,50.3548],[10.5342,50.366],[10.5444,50.3645],[10.5549,50.3547],[10.5498,50.3493],[10.5618,50.3371],[10.5834,50.3324],[10.6006,50.3337],[10.5923,50.3114],[10.6053,50.2935],[10.5975,50.2892],[10.5935,50.2696],[10.6113,50.2491],[10.6004,50.2441],[10.6101,50.228],[10.6377,50.2233],[10.659,50.2307],[10.6637,50.2215],[10.6857,50.2223],[10.6958,50.2118],[10.7244,50.2061],[10.7312,50.2127],[10.7294,50.2303],[10.7265,50.2476],[10.7322,50.2518],[10.7498,50.2425],[10.7696,50.2408],[10.7844,50.2485],[10.8006,50.2514],[10.8073,50.2402],[10.824,50.2375],[10.8477,50.245],[10.852,50.2516],[10.8464,50.2751],[10.8324,50.2736],[10.8039,50.2798],[10.8026,50.292],[10.7942,50.2954],[10.7707,50.2927],[10.7418,50.3159],[10.7154,50.3212],[10.715,50.333],[10.7281,50.3381],[10.7153,50.3636],[10.7387,50.3629],[10.7494,50.358],[10.7738,50.372],[10.7854,50.3852],[10.8043,50.3791],[10.8304,50.3926],[10.8618,50.3877],[10.8727,50.3968],[10.8989,50.3847],[10.9328,50.3924],[10.9457,50.3865],[10.9594,50.4005],[10.9392,50.4146],[10.9616,50.4213],[10.988,50.4332],[11.0395,50.4687],[11.0153,50.4801],[10.9881,50.4799],[10.9849,50.4967],[10.9772,50.5029],[11.0007,50.5152],[10.9926,50.5286],[10.989,50.5357],[10.9678,50.5396],[10.9687,50.5528],[10.943,50.5481],[10.9303,50.5595],[10.9311,50.5659],[10.9071,50.5994],[10.8931,50.6092],[10.8784,50.5972],[10.8808,50.5877],[10.8613,50.5635],[10.8559,50.5744],[10.8402,50.5744],[10.8273,50.5805]]]}},{"type":"Feature","properties":{"code":"DE-16070","name":"Landkreis Ilm-Kreis","country":"DE","region":"Thüringen"},"geometry":{"type":"Polygon","coordinates":[[[11.2219,50.8039],[11.2006,50.8071],[11.1966,50.8171],[11.1809,50.8186],[11.1562,50.8291],[11.1559,50.8448],[11.1719,50.8518],[11.1594,50.8641],[11.1646,50.8721],[11.1311,50.8756],[11.1246,50.8879],[11.1347,50.8977],[11.1155,50.9016],[11.1103,50.9131],[11.0144,50.9047],[11.0021,50.9079],[10.9801,50.9042],[10.978,50.898],[10.9477,50.891],[10.9362,50.8949],[10.9148,50.895],[10.896,50.891],[10.8718,50.8763],[10.8643,50.8592],[10.8483,50.8592],[10.8377,50.8465],[10.8584,50.8382],[10.8517,50.823],[10.819,50.8222],[10.8211,50.8137],[10.8381,50.8104],[10.8267,50.7978],[10.825,50.7804],[10.8021,50.7664],[10.7768,50.7697],[10.7682,50.766],[10.7562,50.7439],[10.7593,50.7372],[10.7527,50.7185],[10.744,50.6905],[10.7526,50.687],[10.778,50.6854],[10.816,50.671],[10.8356,50.6391],[10.8284,50.6262],[10.8436,50.6054],[10.8265,50.5909],[10.8273,50.5805],[10.8402,50.5744],[10.8559,50.5744],[10.8613,50.5635],[10.8808,50.5877],[10.8784,50.5972],[10.8931,50.6092],[10.9071,50.5994],[10.9311,50.5659],[10.9303,50.5595],[10.943,50.5481],[10.9687,50.5528],[10.9907,50.5479],[11.0129,50.5578],[11.0243,50.551],[11.0365,50.553],[11.07,50.5652],[11.0765,50.5814],[11.073,50.5881],[11.0888,50.6042],[11.0617,50.6253],[11.0605,50.6536],[11.0534,50.6756],[11.0428,50.6795],[11.0291,50.671],[11.0186,50.6816],[11.0336,50.691],[11.0513,50.6864],[11.058,50.6953],[11.0516,50.7027],[11.0606,50.7147],[11.0748,50.717],[11.072,50.6947],[11.0949,50.698],[11.0925,50.7136],[11.0985,50.7295],[11.116,50.7322],[11.1375,50.7254],[11.1504,50.7308],[11.1677,50.7287],[11.188,50.7342],[11.1875,50.7562],[11.1746,50.7719],[11.198,50.7947],[11.2219,50.8039]]]}},{"type":"Feature","properties":{"code":"DE-16071","name":"Landkreis Weimarer Land","country":"DE","region":"Thüringen"},"geometry":{"type":"Polygon","coordinates":[[[11.6969,51.0875],[11.6892,51.0986],[11.6623,51.1111],[11.6382,51.1111],[11.62,51.1047],[11.6017,51.1139],[11.5717,51.1194],[11.5623,51.1114],[11.5478,51.1117],[11.5456,51.1025],[11.5233,51.1049],[11.4846,51.1054],[11.4801,51.0999],[11.4567,51.0969],[11.4342,51.0896],[11.4291,51.1032],[11.4058,51.1075],[11.4047,51.0996],[11.3819,51.0971],[11.372,51.1009],[11.3127,51.0978],[11.3103,51.1001],[11.2572,51.1012],[11.2519,51.1065],[11.2279,51.1031],[11.1969,51.1044],[11.1928,51.0795],[11.2017,51.0654],[11.1985,51.0519],[11.2178,51.0306],[11.1705,51.0185],[11.1665,51.0028],[11.1753,50.9888],[11.1679,50.982],[11.1361,50.9735],[11.1358,50.949],[11.1467,50.9397],[11.1373,50.9298],[11.106,50.9267],[11.1103,50.9131],[11.1155,50.9016],[11.1347,50.8977],[11.1246,50.8879],[11.1311,50.8756],[11.1646,50.8721],[11.1594,50.8641],[11.1719,50.8518],[11.1559,50.8448],[11.1562,50.8291],[11.1809,50.8186],[11.1966,50.8171],[11.2006,50.8071],[11.2219,50.8039],[11.2571,50.8152],[11.2511,50.8341],[11.263,50.8333],[11.3033,50.8043],[11.3188,50.8029],[11.3215,50.7941],[11.3392,50.7935],[11.3596,50.7984],[11.3618,50.8156],[11.3886,50.8184],[11.3999,50.8023],[11.4239,50.8086],[11.4438,50.8316],[11.4607,50.8383],[11.4389,50.8646],[11.4601,50.8676],[11.4612,50.8779],[11.4872,50.8806],[11.4933,50.8876],[11.4905,50.9016],[11.5048,50.9062],[11.5096,50.9153],[11.5034,50.9328],[11.5235,50.9402],[11.5199,50.9476],[11.502,50.9447],[11.4993,50.9519],[11.5068,50.9671],[11.5216,50.9703],[11.5287,50.9825],[11.5473,50.9891],[11.5713,50.9962],[11.5827,51.0035],[11.6051,51.0056],[11.6261,51.0257],[11.6517,51.0238],[11.6752,51.0371],[11.6697,51.0438],[11.6859,51.0508],[11.6893,51.077],[11.6969,51.0875]],[[11.2507,51.0368],[11.2754,51.0259],[11.2945,51.0306],[11.3,51.0218],[11.3151,51.0264],[11.3329,51.0196],[11.3517,51.0215],[11.3475,51.0081],[11.3565,50.9974],[11.3926,50.9905],[11.3962,50.9839],[11.3884,50.9671],[11.402,50.9641],[11.3815,50.9462],[11.3676,50.9406],[11.3399,50.9428],[11.3266,50.9382],[11.3298,50.928],[11.3192,50.9204],[11.2928,50.9179],[11.2786,50.9266],[11.2683,50.9394],[11.2838,50.9438],[11.2704,50.9638],[11.2621,50.991],[11.2675,51.0037],[11.2462,51.0076],[11.2414,51.0235],[11.2507,51.0368]]]}},{"type":"Feature","properties":{"code":"DE-16072","name":"Landkreis Sonneberg","country":"DE","region":"Thüringen"},"geometry":{"type":"Polygon","coordinates":[[[11.2659,50.4794],[11.2777,50.4843],[11.2721,50.5004],[11.2411,50.5049],[11.2251,50.5152],[11.225,50.5278],[11.2121,50.5266],[11.1984,50.5411],[11.2116,50.5502],[11.1965,50.5578],[11.1685,50.5663],[11.1584,50.5456],[11.1322,50.5401],[11.1239,50.5314],[11.1093,50.5368],[11.0923,50.5309],[11.0838,50.5102],[11.053,50.5209],[11.0222,50.5277],[11.0069,50.5248],[10.9926,50.5286],[11.0007,50.5152],[10.9772,50.5029],[10.9849,50.4967],[10.9881,50.4799],[11.0153,50.4801],[11.0395,50.4687],[10.988,50.4332],[10.9616,50.4213],[10.9392,50.4146],[10.9594,50.4005],[10.9457,50.3865],[10.9627,50.3719],[10.963,50.3659],[10.9825,50.3518],[10.993,50.349],[10.9935,50.3655],[11.008,50.3652],[11.0317,50.3551],[11.043,50.3447],[11.0736,50.3537],[11.0897,50.3659],[11.1156,50.3668],[11.1319,50.3551],[11.1592,50.3304],[11.1519,50.3211],[11.1348,50.3141],[11.1332,50.3002],[11.1655,50.2823],[11.1773,50.2811],[11.1755,50.2698],[11.1899,50.2712],[11.1978,50.2919],[11.2243,50.2773],[11.2473,50.2686],[11.2598,50.2749],[11.2556,50.2993],[11.2703,50.3073],[11.2565,50.3231],[11.2613,50.3379],[11.2771,50.336],[11.2662,50.352],[11.2843,50.3603],[11.2707,50.3936],[11.2581,50.4],[11.2688,50.4192],[11.2632,50.4429],[11.2471,50.4489],[11.2549,50.4564],[11.2456,50.4696],[11.2477,50.4784],[11.2659,50.4794]]]}},{"type":"Feature","properties":{"code":"DE-16073","name":"Landkreis Saalfeld-Rudolstadt","country":"DE","region":"Thüringen"},"geometry":{"type":"Polygon","coordinates":[[[11.4239,50.8086],[11.3999,50.8023],[11.3886,50.8184],[11.3618,50.8156],[11.3596,50.7984],[11.3392,50.7935],[11.3215,50.7941],[11.3188,50.8029],[11.3033,50.8043],[11.263,50.8333],[11.2511,50.8341],[11.2571,50.8152],[11.2219,50.8039],[11.198,50.7947],[11.1746,50.7719],[11.1875,50.7562],[11.188,50.7342],[11.1677,50.7287],[11.1504,50.7308],[11.1375,50.7254],[11.116,50.7322],[11.0985,50.7295],[11.0925,50.7136],[11.0949,50.698],[11.072,50.6947],[11.0748,50.717],[11.0606,50.7147],[11.0516,50.7027],[11.058,50.6953],[11.0513,50.6864],[11.0336,50.691],[11.0186,50.6816],[11.0291,50.671],[11.0428,50.6795],[11.0534,50.6756],[11.0605,50.6536],[11.0617,50.6253],[11.0888,50.6042],[11.073,50.5881],[11.0765,50.5814],[11.07,50.5652],[11.0365,50.553],[11.0243,50.551],[11.0129,50.5578],[10.9907,50.5479],[10.9687,50.5528],[10.9678,50.5396],[10.989,50.5357],[10.9926,50.5286],[11.0069,50.5248],[11.0222,50.5277],[11.053,50.5209],[11.0838,50.5102],[11.0923,50.5309],[11.1093,50.5368],[11.1239,50.5314],[11.1322,50.5401],[11.1584,50.5456],[11.1685,50.5663],[11.1965,50.5578],[11.2116,50.5502],[11.1984,50.5411],[11.2121,50.5266],[11.225,50.5278],[11.2251,50.5152],[11.2411,50.5049],[11.2721,50.5004],[11.2777,50.4843],[11.2659,50.4794],[11.3052,50.4892],[11.3189,50.489],[11.3249,50.4984],[11.3214,50.5086],[11.3433,50.5102],[11.343,50.5185],[11.3698,50.5232],[11.389,50.5157],[11.4246,50.5159],[11.4409,50.5009],[11.4251,50.4838],[11.4155,50.4678],[11.4233,50.4609],[11.4206,50.4434],[11.4405,50.4386],[11.4586,50.4282],[11.4816,50.4316],[11.4844,50.4444],[11.4811,50.4585],[11.492,50.4706],[11.4826,50.4769],[11.4988,50.4855],[11.4819,50.5125],[11.4809,50.5217],[11.4926,50.5346],[11.4912,50.5446],[11.5152,50.5411],[11.523,50.5528],[11.5463,50.558],[11.5611,50.5484],[11.6052,50.5704],[11.6098,50.5814],[11.6246,50.5844],[11.6334,50.5922],[11.6265,50.6117],[11.6143,50.6046],[11.5842,50.6055],[11.5659,50.6089],[11.5326,50.6064],[11.5126,50.6307],[11.5176,50.6441],[11.5009,50.6513],[11.4967,50.6626],[11.5075,50.6684],[11.4815,50.6972],[11.4625,50.6953],[11.4741,50.7164],[11.4889,50.7266],[11.5054,50.7319],[11.5234,50.7295],[11.5447,50.7508],[11.5369,50.7626],[11.5246,50.7666],[11.5122,50.7628],[11.4956,50.7645],[11.4847,50.7799],[11.464,50.7839],[11.4511,50.7994],[11.4272,50.7977],[11.4239,50.8086]]]}},{"type":"Feature","properties":{"code":"DE-16074","name":"Landkreis Saale-Holzland-Kreis","country":"DE","region":"Thüringen"},"geometry":{"type":"Polygon","coordinates":[[[12.021,50.9691],[12.0143,50.9839],[11.9965,50.9932],[11.9742,50.9903],[11.9685,50.9992],[11.9786,51.0037],[11.9801,51.0143],[11.9652,51.0183],[11.9431,51.0324],[11.9215,51.0263],[11.9036,51.0442],[11.8851,51.0566],[11.8615,51.0523],[11.8296,51.0516],[11.8039,51.0472],[11.7746,51.0532],[11.7597,51.0429],[11.7533,51.057],[11.7212,51.071],[11.7008,51.0694],[11.6969,51.0875],[11.6893,51.077],[11.6859,51.0508],[11.6697,51.0438],[11.6752,51.0371],[11.6517,51.0238],[11.6261,51.0257],[11.6051,51.0056],[11.5827,51.0035],[11.5713,50.9962],[11.5473,50.9891],[11.5664,50.9659],[11.5878,50.9726],[11.6059,50.9719],[11.6173,50.9768],[11.6427,50.9648],[11.6611,50.9603],[11.6728,50.9516],[11.6663,50.9406],[11.6706,50.9208],[11.6669,50.9118],[11.6461,50.8974],[11.6599,50.8917],[11.6502,50.8817],[11.6088,50.8755],[11.6049,50.8613],[11.5629,50.8562],[11.5351,50.8626],[11.5339,50.8702],[11.5596,50.8716],[11.5585,50.8904],[11.5407,50.9013],[11.5048,50.9062],[11.4905,50.9016],[11.4933,50.8876],[11.4872,50.8806],[11.4612,50.8779],[11.4601,50.8676],[11.4389,50.8646],[11.4607,50.8383],[11.4438,50.8316],[11.4239,50.8086],[11.4272,50.7977],[11.4511,50.7994],[11.464,50.7839],[11.4847,50.7799],[11.4956,50.7645],[11.5122,50.7628],[11.5246,50.7666],[11.5369,50.7626],[11.5447,50.7508],[11.5816,50.7547],[11.6033,50.7468],[11.6181,50.7582],[11.6379,50.7581],[11.647,50.7536],[11.6613,50.7622],[11.7084,50.7636],[11.7186,50.7699],[11.7228,50.7815],[11.7125,50.7909],[11.7239,50.7972],[11.7405,50.7982],[11.7518,50.7826],[11.8099,50.7885],[11.8254,50.7945],[11.8303,50.7854],[11.8533,50.7844],[11.8665,50.7881],[11.8581,50.8025],[11.8693,50.8051],[11.8899,50.8015],[11.9015,50.8081],[11.9094,50.8263],[11.8912,50.835],[11.8952,50.8527],[11.9138,50.8518],[11.8899,50.8744],[11.873,50.88],[11.8908,50.8953],[11.9176,50.8935],[11.9144,50.9046],[11.9228,50.9143],[11.9524,50.9163],[11.9629,50.9252],[11.9577,50.9446],[11.9872,50.9539],[12.0057,50.9481],[12.0212,50.948],[12.021,50.9691]]]}},{"type":"Feature","properties":{"code":"DE-16075","name":"Landkreis Saale-Orla-Kreis","country":"DE","region":"Thüringen"},"geometry":{"type":"Polygon","coordinates":[[[11.8665,50.7881],[11.8533,50.7844],[11.8303,50.7854],[11.8254,50.7945],[11.8099,50.7885],[11.7518,50.7826],[11.7405,50.7982],[11.7239,50.7972],[11.7125,50.7909],[11.7228,50.7815],[11.7186,50.7699],[11.7084,50.7636],[11.6613,50.7622],[11.647,50.7536],[11.6379,50.7581],[11.6181,50.7582],[11.6033,50.7468],[11.5816,50.7547],[11.5447,50.7508],[11.5234,50.7295],[11.5054,50.7319],[11.4889,50.7266],[11.4741,50.7164],[11.4625,50.6953],[11.4815,50.6972],[11.5075,50.6684],[11.4967,50.6626],[11.5009,50.6513],[11.5176,50.6441],[11.5126,50.6307],[11.5326,50.6064],[11.5659,50.6089],[11.5842,50.6055],[11.6143,50.6046],[11.6265,50.6117],[11.6334,50.5922],[11.6246,50.5844],[11.6098,50.5814],[11.6052,50.5704],[11.5611,50.5484],[11.5463,50.558],[11.523,50.5528],[11.5152,50.5411],[11.4912,50.5446],[11.4926,50.5346],[11.4809,50.5217],[11.4819,50.5125],[11.4988,50.4855],[11.4826,50.4769],[11.492,50.4706],[11.4811,50.4585],[11.4844,50.4444],[11.4816,50.4316],[11.4876,50.4179],[11.4787,50.4012],[11.4899,50.3968],[11.503,50.3996],[11.5189,50.3957],[11.5207,50.3808],[11.5525,50.3826],[11.5649,50.3872],[11.5676,50.3957],[11.5938,50.4027],[11.6033,50.3988],[11.6254,50.387],[11.6482,50.3921],[11.6831,50.3927],[11.7083,50.4039],[11.7293,50.4015],[11.7392,50.4091],[11.7561,50.4056],[11.779,50.4185],[11.7953,50.4182],[11.8174,50.4006],[11.8235,50.3897],[11.8505,50.4012],[11.8658,50.4007],[11.8809,50.4137],[11.9061,50.4172],[11.9193,50.4247],[11.9217,50.4324],[11.8996,50.4352],[11.895,50.4495],[11.9428,50.4601],[11.9465,50.4794],[11.9592,50.4787],[11.9642,50.487],[11.9185,50.517],[11.8882,50.5167],[11.8715,50.5398],[11.8859,50.5521],[11.9205,50.5556],[11.9337,50.5685],[11.9236,50.5857],[11.9441,50.5913],[11.9355,50.6039],[11.9171,50.6014],[11.9029,50.6075],[11.8849,50.6269],[11.8822,50.6443],[11.8907,50.6491],[11.8876,50.6638],[11.8681,50.662],[11.8726,50.6785],[11.8679,50.6881],[11.873,50.6959],[11.8676,50.7084],[11.8779,50.7254],[11.8987,50.7313],[11.8961,50.7415],[11.9206,50.7476],[11.9204,50.7562],[11.9409,50.7596],[11.9418,50.767],[11.9227,50.7707],[11.8957,50.7838],[11.8665,50.7881]]]}},{"type":"Feature","properties":{"code":"DE-16076","name":"Landkreis Greiz","country":"DE","region":"Thüringen"},"geometry":{"type":"Polygon","coordinates":[[[12.2242,50.9429],[12.2143,50.9431],[12.212,50.959],[12.198,50.9568],[12.1825,50.9759],[12.1632,50.9665],[12.1635,50.9586],[12.1695,50.9353],[12.1573,50.9319],[12.1325,50.9325],[12.1378,50.9199],[12.1308,50.9095],[12.1527,50.8874],[12.1523,50.8688],[12.1336,50.8587],[12.1257,50.849],[12.1372,50.8384],[12.1307,50.8238],[12.1551,50.806],[12.1268,50.7991],[12.1123,50.8157],[12.0844,50.8255],[12.0803,50.8226],[12.0445,50.8187],[12.0193,50.8258],[12.0121,50.8417],[11.9985,50.8498],[12.0006,50.8571],[12.0153,50.8622],[11.9993,50.8773],[12.0132,50.8947],[12.0274,50.9012],[12.018,50.9135],[12.0407,50.9302],[12.0405,50.9402],[12.0212,50.948],[12.0057,50.9481],[11.9872,50.9539],[11.9577,50.9446],[11.9629,50.9252],[11.9524,50.9163],[11.9228,50.9143],[11.9144,50.9046],[11.9176,50.8935],[11.8908,50.8953],[11.873,50.88],[11.8899,50.8744],[11.9138,50.8518],[11.8952,50.8527],[11.8912,50.835],[11.9094,50.8263],[11.9015,50.8081],[11.8899,50.8015],[11.8693,50.8051],[11.8581,50.8025],[11.8665,50.7881],[11.8957,50.7838],[11.9227,50.7707],[11.9418,50.767],[11.9409,50.7596],[11.9204,50.7562],[11.9206,50.7476],[11.8961,50.7415],[11.8987,50.7313],[11.8779,50.7254],[11.8676,50.7084],[11.873,50.6959],[11.8679,50.6881],[11.8726,50.6785],[11.8681,50.662],[11.8876,50.6638],[11.8907,50.6491],[11.8822,50.6443],[11.8849,50.6269],[11.9029,50.6075],[11.9171,50.6014],[11.9355,50.6039],[11.9441,50.5913],[11.9888,50.6107],[11.9793,50.6214],[11.9987,50.6271],[12.0104,50.6355],[12.0214,50.6272],[12.0055,50.612],[12.021,50.5986],[12.0361,50.5939],[12.0356,50.5814],[12.0175,50.5678],[12.0322,50.555],[12.0603,50.5522],[12.0766,50.558],[12.0781,50.5766],[12.1013,50.5779],[12.1158,50.5669],[12.1277,50.5741],[12.156,50.5735],[12.1561,50.5856],[12.1375,50.5821],[12.1102,50.5887],[12.1149,50.597],[12.1414,50.6032],[12.1508,50.6156],[12.1499,50.6288],[12.1633,50.63],[12.1882,50.6231],[12.2076,50.6366],[12.2336,50.627],[12.2446,50.6333],[12.2655,50.6308],[12.2643,50.6434],[12.28,50.6442],[12.2989,50.6517],[12.3035,50.6623],[12.3148,50.663],[12.3189,50.6765],[12.322,50.6814],[12.2748,50.6861],[12.2628,50.6953],[12.2534,50.7157],[12.2707,50.7252],[12.2648,50.7375],[12.235,50.7333],[12.2267,50.7462],[12.2298,50.7586],[12.2446,50.7648],[12.2639,50.7605],[12.284,50.7735],[12.2876,50.7896],[12.2532,50.7888],[12.2535,50.7995],[12.2428,50.8091],[12.2505,50.8185],[12.2469,50.8445],[12.2568,50.8539],[12.2342,50.8625],[12.2293,50.8587],[12.2078,50.8806],[12.227,50.8918],[12.2255,50.9107],[12.2468,50.9204],[12.2242,50.9429]]]}},{"type":"Feature","properties":{"code":"DE-16077","name":"Landkreis Altenburger Land","country":"DE","region":"Thüringen"},"geometry":{"type":"Polygon","coordinates":[[[12.6174,50.9808],[12.6012,50.9927],[12.5741,50.9893],[12.5509,50.9983],[12.5356,51.0141],[12.5389,51.0243],[12.512,51.027],[12.5029,51.0349],[12.5086,51.0531],[12.4964,51.0662],[12.4695,51.0642],[12.4496,51.0771],[12.421,51.0781],[12.4104,51.0729],[12.3943,51.0838],[12.3753,51.0771],[12.3536,51.0846],[12.3566,51.0943],[12.3316,51.1038],[12.3185,51.0938],[12.3048,51.0975],[12.2835,51.0919],[12.2842,51.0859],[12.2585,51.0661],[12.2622,51.0496],[12.2731,51.0406],[12.287,51.0376],[12.2917,51.0187],[12.2657,50.992],[12.2399,50.9757],[12.2364,50.9645],[12.2415,50.9559],[12.2242,50.9429],[12.2468,50.9204],[12.2255,50.9107],[12.227,50.8918],[12.2078,50.8806],[12.2293,50.8587],[12.2342,50.8625],[12.2568,50.8539],[12.2469,50.8445],[12.2505,50.8185],[12.2598,50.8115],[12.3004,50.827],[12.3069,50.8188],[12.3476,50.8236],[12.3491,50.8382],[12.3649,50.8465],[12.3868,50.8506],[12.4124,50.8463],[12.4202,50.8396],[12.4375,50.8424],[12.4482,50.8562],[12.4484,50.8674],[12.4624,50.8694],[12.4593,50.8804],[12.4878,50.8932],[12.5097,50.8935],[12.5079,50.9037],[12.5213,50.9076],[12.5382,50.9007],[12.5602,50.9061],[12.5734,50.9011],[12.6118,50.9061],[12.6401,50.9031],[12.6413,50.9114],[12.6529,50.9237],[12.6314,50.9401],[12.6174,50.9808]]]}},{"type":"Feature","properties":{"code":"LI-000","name":"Liechtenstein","country":"LI","region":null},"geometry":{"type":"Polygon","coordinates":[[[9.620581029051458,47.151657582879146],[9.624331216560833,47.14635731786589],[9.624331216560833,47.13310665533277],[9.631831591579584,47.12780639031952],[9.624331216560833,47.11720586029301],[9.620581029051458,47.109255462773135],[9.635581779088959,47.101305065253264],[9.635581779088959,47.09070453522676],[9.631831591579584,47.082754137706885],[9.616830841542082,47.07745387269364],[9.613080654032707,47.08010400520026],[9.605580279013957,47.06155307765388],[9.601830091504581,47.06155307765388],[9.560578028901446,47.05095254762738],[9.538076903845194,47.064203210160514],[9.530576528826444,47.064203210160514],[9.511825591279568,47.05890294514726],[9.493074653732691,47.056252812640636],[9.48557427871394,47.05095254762738],[9.47807390369519,47.056252812640636],[9.474323716185815,47.05095254762738],[9.474323716185815,47.06685334266713],[9.511825591279568,47.085404270213516],[9.515575778788943,47.122506125306266],[9.508075403770192,47.138406920346014],[9.504325216260817,47.14635731786589],[9.500575028751442,47.151657582879146],[9.496824841242066,47.1569578478924],[9.48557427871394,47.1781589079454],[9.489324466223316,47.19140957047853],[9.496824841242066,47.20731036551828],[9.511825591279568,47.2311615580779],[9.530576528826444,47.27091354567729],[9.54182709135457,47.26031301565078],[9.55682784139207,47.2523626181309],[9.568078403920197,47.24176208810441],[9.55682784139207,47.2311615580779],[9.553077653882696,47.22321116055803],[9.568078403920197,47.217910895544776],[9.583079153957705,47.20466023301165],[9.57932896644833,47.19405970298515],[9.571828591429579,47.188759437971896],[9.571828591429579,47.17285864293215],[9.590579528976455,47.16490824541227],[9.598079903995206,47.15960798039902],[9.609330466523332,47.14900745037252],[9.613080654032707,47.14900745037252],[9.620581029051458,47.151657582879146]]]}}]}